ISO-10303-21;
HEADER;
/* Generated by software containing ST-Developer
 * from STEP Tools, Inc. (www.steptools.com) 
 */

FILE_DESCRIPTION(
/* description */ (''),
/* implementation_level */ '2;1');

FILE_NAME(
/* name */ 'Crossbow CNC VC4_LGX_LITE_UNI_V2_assy.stp',
/* time_stamp */ '2026-04-05T19:13:09-04:00',
/* author */ ('RidDleZ'),
/* organization */ (''),
/* preprocessor_version */ 'ST-DEVELOPER v19.2',
/* originating_system */ 'Autodesk Inventor 2024',
/* authorisation */ '');

FILE_SCHEMA (('AUTOMOTIVE_DESIGN { 1 0 10303 214 3 1 1 }'));
ENDSEC;

DATA;
#10=MECHANICAL_DESIGN_GEOMETRIC_PRESENTATION_REPRESENTATION('',(#36,#37,
#38),#4429);
#11=ITEM_DEFINED_TRANSFORMATION($,$,#2634,#2903);
#12=ITEM_DEFINED_TRANSFORMATION($,$,#2668,#2904);
#13=ITEM_DEFINED_TRANSFORMATION($,$,#2791,#2905);
#14=(
REPRESENTATION_RELATIONSHIP($,$,#4446,#4445)
REPRESENTATION_RELATIONSHIP_WITH_TRANSFORMATION(#11)
SHAPE_REPRESENTATION_RELATIONSHIP()
);
#15=(
REPRESENTATION_RELATIONSHIP($,$,#4447,#4445)
REPRESENTATION_RELATIONSHIP_WITH_TRANSFORMATION(#12)
SHAPE_REPRESENTATION_RELATIONSHIP()
);
#16=(
REPRESENTATION_RELATIONSHIP($,$,#4448,#4445)
REPRESENTATION_RELATIONSHIP_WITH_TRANSFORMATION(#13)
SHAPE_REPRESENTATION_RELATIONSHIP()
);
#17=CONTEXT_DEPENDENT_SHAPE_REPRESENTATION(#14,#4442);
#18=CONTEXT_DEPENDENT_SHAPE_REPRESENTATION(#15,#4443);
#19=CONTEXT_DEPENDENT_SHAPE_REPRESENTATION(#16,#4444);
#20=NEXT_ASSEMBLY_USAGE_OCCURRENCE('Crossbow CNC VC4_T1_spacer_v2:1',
'Crossbow CNC VC4_T1_spacer_v2:1','Crossbow CNC VC4_T1_spacer_v2:1',#4450,
#4451,'Crossbow CNC VC4_T1_spacer_v2:1');
#21=NEXT_ASSEMBLY_USAGE_OCCURRENCE('Crossbow CNC VC4_T1_body_v2:1',
'Crossbow CNC VC4_T1_body_v2:1','Crossbow CNC VC4_T1_body_v2:1',#4450,#4452,
'Crossbow CNC VC4_T1_body_v2:1');
#22=NEXT_ASSEMBLY_USAGE_OCCURRENCE('Crossbow CNC VC4_T1_holder_V2:1',
'Crossbow CNC VC4_T1_holder_V2:1','Crossbow CNC VC4_T1_holder_V2:1',#4450,
#4453,'Crossbow CNC VC4_T1_holder_V2:1');
#23=B_SPLINE_CURVE_WITH_KNOTS('',3,(#4260,#4261,#4262,#4263),
 .UNSPECIFIED.,.F.,.F.,(4,4),(0.,0.117817823979607),.UNSPECIFIED.);
#24=B_SPLINE_CURVE_WITH_KNOTS('',3,(#4280,#4281,#4282,#4283),
 .UNSPECIFIED.,.F.,.F.,(4,4),(0.,0.117817823979463),.UNSPECIFIED.);
#25=B_SPLINE_CURVE_WITH_KNOTS('',3,(#4340,#4341,#4342,#4343),
 .UNSPECIFIED.,.F.,.F.,(4,4),(0.,0.0294284767729347),.UNSPECIFIED.);
#26=B_SPLINE_CURVE_WITH_KNOTS('',3,(#4380,#4381,#4382,#4383),
 .UNSPECIFIED.,.F.,.F.,(4,4),(0.,0.0294284767731232),.UNSPECIFIED.);
#27=CONICAL_SURFACE('',#2759,1.3,0.785398163397448);
#28=CONICAL_SURFACE('',#2886,7.4,0.785398163397445);
#29=CONICAL_SURFACE('',#2888,7.1,0.785398163397448);
#30=SHAPE_REPRESENTATION_RELATIONSHIP('SRR','None',#4446,#33);
#31=SHAPE_REPRESENTATION_RELATIONSHIP('SRR','None',#4447,#34);
#32=SHAPE_REPRESENTATION_RELATIONSHIP('SRR','None',#4448,#35);
#33=ADVANCED_BREP_SHAPE_REPRESENTATION('',(#39),#4426);
#34=ADVANCED_BREP_SHAPE_REPRESENTATION('',(#40),#4427);
#35=ADVANCED_BREP_SHAPE_REPRESENTATION('',(#41),#4428);
#36=STYLED_ITEM('',(#2586),#39);
#37=STYLED_ITEM('',(#2586),#40);
#38=STYLED_ITEM('',(#2586),#41);
#39=MANIFOLD_SOLID_BREP('spacer',#2546);
#40=MANIFOLD_SOLID_BREP('body',#2547);
#41=MANIFOLD_SOLID_BREP('holder',#2548);
#42=FACE_BOUND('',#304,.T.);
#43=FACE_BOUND('',#305,.T.);
#44=FACE_BOUND('',#306,.T.);
#45=FACE_BOUND('',#307,.T.);
#46=FACE_BOUND('',#308,.T.);
#47=FACE_BOUND('',#310,.T.);
#48=FACE_BOUND('',#311,.T.);
#49=FACE_BOUND('',#312,.T.);
#50=FACE_BOUND('',#313,.T.);
#51=FACE_BOUND('',#314,.T.);
#52=FACE_BOUND('',#317,.T.);
#53=FACE_BOUND('',#333,.T.);
#54=FACE_BOUND('',#334,.T.);
#55=FACE_BOUND('',#335,.T.);
#56=FACE_BOUND('',#336,.T.);
#57=FACE_BOUND('',#340,.T.);
#58=FACE_BOUND('',#341,.T.);
#59=FACE_BOUND('',#342,.T.);
#60=FACE_BOUND('',#343,.T.);
#61=FACE_BOUND('',#344,.T.);
#62=FACE_BOUND('',#345,.T.);
#63=FACE_BOUND('',#352,.T.);
#64=FACE_BOUND('',#356,.T.);
#65=FACE_BOUND('',#358,.T.);
#66=FACE_BOUND('',#359,.T.);
#67=FACE_BOUND('',#360,.T.);
#68=FACE_BOUND('',#364,.T.);
#69=FACE_BOUND('',#376,.T.);
#70=FACE_BOUND('',#393,.T.);
#71=FACE_BOUND('',#401,.T.);
#72=FACE_BOUND('',#402,.T.);
#73=FACE_BOUND('',#403,.T.);
#74=FACE_BOUND('',#404,.T.);
#75=FACE_BOUND('',#405,.T.);
#76=FACE_BOUND('',#406,.T.);
#77=FACE_BOUND('',#407,.T.);
#78=FACE_BOUND('',#417,.T.);
#79=FACE_BOUND('',#422,.T.);
#80=FACE_BOUND('',#435,.T.);
#81=FACE_BOUND('',#444,.T.);
#82=FACE_BOUND('',#445,.T.);
#83=FACE_BOUND('',#446,.T.);
#84=FACE_BOUND('',#447,.T.);
#85=PLANE('',#2653);
#86=PLANE('',#2657);
#87=PLANE('',#2661);
#88=PLANE('',#2665);
#89=PLANE('',#2666);
#90=PLANE('',#2667);
#91=PLANE('',#2672);
#92=PLANE('',#2683);
#93=PLANE('',#2687);
#94=PLANE('',#2697);
#95=PLANE('',#2701);
#96=PLANE('',#2705);
#97=PLANE('',#2706);
#98=PLANE('',#2722);
#99=PLANE('',#2723);
#100=PLANE('',#2735);
#101=PLANE('',#2742);
#102=PLANE('',#2749);
#103=PLANE('',#2750);
#104=PLANE('',#2758);
#105=PLANE('',#2762);
#106=PLANE('',#2764);
#107=PLANE('',#2765);
#108=PLANE('',#2766);
#109=PLANE('',#2767);
#110=PLANE('',#2774);
#111=PLANE('',#2777);
#112=PLANE('',#2780);
#113=PLANE('',#2782);
#114=PLANE('',#2785);
#115=PLANE('',#2786);
#116=PLANE('',#2788);
#117=PLANE('',#2789);
#118=PLANE('',#2790);
#119=PLANE('',#2792);
#120=PLANE('',#2801);
#121=PLANE('',#2808);
#122=PLANE('',#2809);
#123=PLANE('',#2825);
#124=PLANE('',#2830);
#125=PLANE('',#2837);
#126=PLANE('',#2838);
#127=PLANE('',#2843);
#128=PLANE('',#2846);
#129=PLANE('',#2848);
#130=PLANE('',#2849);
#131=PLANE('',#2850);
#132=PLANE('',#2851);
#133=PLANE('',#2852);
#134=PLANE('',#2853);
#135=PLANE('',#2854);
#136=PLANE('',#2855);
#137=PLANE('',#2856);
#138=PLANE('',#2857);
#139=PLANE('',#2858);
#140=PLANE('',#2859);
#141=PLANE('',#2865);
#142=PLANE('',#2867);
#143=PLANE('',#2868);
#144=PLANE('',#2869);
#145=PLANE('',#2870);
#146=PLANE('',#2871);
#147=PLANE('',#2881);
#148=PLANE('',#2882);
#149=PLANE('',#2883);
#150=PLANE('',#2884);
#151=PLANE('',#2896);
#152=PLANE('',#2898);
#153=PLANE('',#2900);
#154=PLANE('',#2902);
#155=FACE_OUTER_BOUND('',#290,.T.);
#156=FACE_OUTER_BOUND('',#291,.T.);
#157=FACE_OUTER_BOUND('',#292,.T.);
#158=FACE_OUTER_BOUND('',#293,.T.);
#159=FACE_OUTER_BOUND('',#294,.T.);
#160=FACE_OUTER_BOUND('',#295,.T.);
#161=FACE_OUTER_BOUND('',#296,.T.);
#162=FACE_OUTER_BOUND('',#297,.T.);
#163=FACE_OUTER_BOUND('',#298,.T.);
#164=FACE_OUTER_BOUND('',#299,.T.);
#165=FACE_OUTER_BOUND('',#300,.T.);
#166=FACE_OUTER_BOUND('',#301,.T.);
#167=FACE_OUTER_BOUND('',#302,.T.);
#168=FACE_OUTER_BOUND('',#303,.T.);
#169=FACE_OUTER_BOUND('',#309,.T.);
#170=FACE_OUTER_BOUND('',#315,.T.);
#171=FACE_OUTER_BOUND('',#316,.T.);
#172=FACE_OUTER_BOUND('',#318,.T.);
#173=FACE_OUTER_BOUND('',#319,.T.);
#174=FACE_OUTER_BOUND('',#320,.T.);
#175=FACE_OUTER_BOUND('',#321,.T.);
#176=FACE_OUTER_BOUND('',#322,.T.);
#177=FACE_OUTER_BOUND('',#323,.T.);
#178=FACE_OUTER_BOUND('',#324,.T.);
#179=FACE_OUTER_BOUND('',#325,.T.);
#180=FACE_OUTER_BOUND('',#326,.T.);
#181=FACE_OUTER_BOUND('',#327,.T.);
#182=FACE_OUTER_BOUND('',#328,.T.);
#183=FACE_OUTER_BOUND('',#329,.T.);
#184=FACE_OUTER_BOUND('',#330,.T.);
#185=FACE_OUTER_BOUND('',#331,.T.);
#186=FACE_OUTER_BOUND('',#332,.T.);
#187=FACE_OUTER_BOUND('',#337,.T.);
#188=FACE_OUTER_BOUND('',#338,.T.);
#189=FACE_OUTER_BOUND('',#339,.T.);
#190=FACE_OUTER_BOUND('',#346,.T.);
#191=FACE_OUTER_BOUND('',#347,.T.);
#192=FACE_OUTER_BOUND('',#348,.T.);
#193=FACE_OUTER_BOUND('',#349,.T.);
#194=FACE_OUTER_BOUND('',#350,.T.);
#195=FACE_OUTER_BOUND('',#351,.T.);
#196=FACE_OUTER_BOUND('',#353,.T.);
#197=FACE_OUTER_BOUND('',#354,.T.);
#198=FACE_OUTER_BOUND('',#355,.T.);
#199=FACE_OUTER_BOUND('',#357,.T.);
#200=FACE_OUTER_BOUND('',#361,.T.);
#201=FACE_OUTER_BOUND('',#362,.T.);
#202=FACE_OUTER_BOUND('',#363,.T.);
#203=FACE_OUTER_BOUND('',#365,.T.);
#204=FACE_OUTER_BOUND('',#366,.T.);
#205=FACE_OUTER_BOUND('',#367,.T.);
#206=FACE_OUTER_BOUND('',#368,.T.);
#207=FACE_OUTER_BOUND('',#369,.T.);
#208=FACE_OUTER_BOUND('',#370,.T.);
#209=FACE_OUTER_BOUND('',#371,.T.);
#210=FACE_OUTER_BOUND('',#372,.T.);
#211=FACE_OUTER_BOUND('',#373,.T.);
#212=FACE_OUTER_BOUND('',#374,.T.);
#213=FACE_OUTER_BOUND('',#375,.T.);
#214=FACE_OUTER_BOUND('',#377,.T.);
#215=FACE_OUTER_BOUND('',#378,.T.);
#216=FACE_OUTER_BOUND('',#379,.T.);
#217=FACE_OUTER_BOUND('',#380,.T.);
#218=FACE_OUTER_BOUND('',#381,.T.);
#219=FACE_OUTER_BOUND('',#382,.T.);
#220=FACE_OUTER_BOUND('',#383,.T.);
#221=FACE_OUTER_BOUND('',#384,.T.);
#222=FACE_OUTER_BOUND('',#385,.T.);
#223=FACE_OUTER_BOUND('',#386,.T.);
#224=FACE_OUTER_BOUND('',#387,.T.);
#225=FACE_OUTER_BOUND('',#388,.T.);
#226=FACE_OUTER_BOUND('',#389,.T.);
#227=FACE_OUTER_BOUND('',#390,.T.);
#228=FACE_OUTER_BOUND('',#391,.T.);
#229=FACE_OUTER_BOUND('',#392,.T.);
#230=FACE_OUTER_BOUND('',#394,.T.);
#231=FACE_OUTER_BOUND('',#395,.T.);
#232=FACE_OUTER_BOUND('',#396,.T.);
#233=FACE_OUTER_BOUND('',#397,.T.);
#234=FACE_OUTER_BOUND('',#398,.T.);
#235=FACE_OUTER_BOUND('',#399,.T.);
#236=FACE_OUTER_BOUND('',#400,.T.);
#237=FACE_OUTER_BOUND('',#408,.T.);
#238=FACE_OUTER_BOUND('',#409,.T.);
#239=FACE_OUTER_BOUND('',#410,.T.);
#240=FACE_OUTER_BOUND('',#411,.T.);
#241=FACE_OUTER_BOUND('',#412,.T.);
#242=FACE_OUTER_BOUND('',#413,.T.);
#243=FACE_OUTER_BOUND('',#414,.T.);
#244=FACE_OUTER_BOUND('',#415,.T.);
#245=FACE_OUTER_BOUND('',#416,.T.);
#246=FACE_OUTER_BOUND('',#418,.T.);
#247=FACE_OUTER_BOUND('',#419,.T.);
#248=FACE_OUTER_BOUND('',#420,.T.);
#249=FACE_OUTER_BOUND('',#421,.T.);
#250=FACE_OUTER_BOUND('',#423,.T.);
#251=FACE_OUTER_BOUND('',#424,.T.);
#252=FACE_OUTER_BOUND('',#425,.T.);
#253=FACE_OUTER_BOUND('',#426,.T.);
#254=FACE_OUTER_BOUND('',#427,.T.);
#255=FACE_OUTER_BOUND('',#428,.T.);
#256=FACE_OUTER_BOUND('',#429,.T.);
#257=FACE_OUTER_BOUND('',#430,.T.);
#258=FACE_OUTER_BOUND('',#431,.T.);
#259=FACE_OUTER_BOUND('',#432,.T.);
#260=FACE_OUTER_BOUND('',#433,.T.);
#261=FACE_OUTER_BOUND('',#434,.T.);
#262=FACE_OUTER_BOUND('',#436,.T.);
#263=FACE_OUTER_BOUND('',#437,.T.);
#264=FACE_OUTER_BOUND('',#438,.T.);
#265=FACE_OUTER_BOUND('',#439,.T.);
#266=FACE_OUTER_BOUND('',#440,.T.);
#267=FACE_OUTER_BOUND('',#441,.T.);
#268=FACE_OUTER_BOUND('',#442,.T.);
#269=FACE_OUTER_BOUND('',#443,.T.);
#270=FACE_OUTER_BOUND('',#448,.T.);
#271=FACE_OUTER_BOUND('',#449,.T.);
#272=FACE_OUTER_BOUND('',#450,.T.);
#273=FACE_OUTER_BOUND('',#451,.T.);
#274=FACE_OUTER_BOUND('',#452,.T.);
#275=FACE_OUTER_BOUND('',#453,.T.);
#276=FACE_OUTER_BOUND('',#454,.T.);
#277=FACE_OUTER_BOUND('',#455,.T.);
#278=FACE_OUTER_BOUND('',#456,.T.);
#279=FACE_OUTER_BOUND('',#457,.T.);
#280=FACE_OUTER_BOUND('',#458,.T.);
#281=FACE_OUTER_BOUND('',#459,.T.);
#282=FACE_OUTER_BOUND('',#460,.T.);
#283=FACE_OUTER_BOUND('',#461,.T.);
#284=FACE_OUTER_BOUND('',#462,.T.);
#285=FACE_OUTER_BOUND('',#463,.T.);
#286=FACE_OUTER_BOUND('',#464,.T.);
#287=FACE_OUTER_BOUND('',#465,.T.);
#288=FACE_OUTER_BOUND('',#466,.T.);
#289=FACE_OUTER_BOUND('',#467,.T.);
#290=EDGE_LOOP('',(#1635,#1636,#1637,#1638));
#291=EDGE_LOOP('',(#1639,#1640,#1641,#1642));
#292=EDGE_LOOP('',(#1643,#1644,#1645,#1646));
#293=EDGE_LOOP('',(#1647,#1648,#1649,#1650));
#294=EDGE_LOOP('',(#1651,#1652,#1653,#1654));
#295=EDGE_LOOP('',(#1655,#1656,#1657,#1658));
#296=EDGE_LOOP('',(#1659,#1660,#1661,#1662));
#297=EDGE_LOOP('',(#1663,#1664,#1665,#1666));
#298=EDGE_LOOP('',(#1667,#1668,#1669,#1670));
#299=EDGE_LOOP('',(#1671,#1672,#1673,#1674));
#300=EDGE_LOOP('',(#1675,#1676,#1677,#1678));
#301=EDGE_LOOP('',(#1679,#1680,#1681,#1682));
#302=EDGE_LOOP('',(#1683,#1684,#1685,#1686));
#303=EDGE_LOOP('',(#1687,#1688,#1689,#1690,#1691,#1692,#1693,#1694));
#304=EDGE_LOOP('',(#1695));
#305=EDGE_LOOP('',(#1696));
#306=EDGE_LOOP('',(#1697));
#307=EDGE_LOOP('',(#1698));
#308=EDGE_LOOP('',(#1699));
#309=EDGE_LOOP('',(#1700,#1701,#1702,#1703,#1704,#1705,#1706,#1707));
#310=EDGE_LOOP('',(#1708));
#311=EDGE_LOOP('',(#1709));
#312=EDGE_LOOP('',(#1710));
#313=EDGE_LOOP('',(#1711));
#314=EDGE_LOOP('',(#1712));
#315=EDGE_LOOP('',(#1713,#1714,#1715,#1716));
#316=EDGE_LOOP('',(#1717));
#317=EDGE_LOOP('',(#1718));
#318=EDGE_LOOP('',(#1719,#1720,#1721,#1722));
#319=EDGE_LOOP('',(#1723,#1724,#1725,#1726));
#320=EDGE_LOOP('',(#1727,#1728,#1729,#1730));
#321=EDGE_LOOP('',(#1731,#1732,#1733,#1734));
#322=EDGE_LOOP('',(#1735,#1736,#1737,#1738));
#323=EDGE_LOOP('',(#1739,#1740,#1741,#1742));
#324=EDGE_LOOP('',(#1743,#1744,#1745,#1746));
#325=EDGE_LOOP('',(#1747,#1748,#1749,#1750));
#326=EDGE_LOOP('',(#1751,#1752,#1753,#1754));
#327=EDGE_LOOP('',(#1755,#1756,#1757,#1758));
#328=EDGE_LOOP('',(#1759,#1760,#1761,#1762));
#329=EDGE_LOOP('',(#1763,#1764,#1765,#1766));
#330=EDGE_LOOP('',(#1767,#1768,#1769,#1770));
#331=EDGE_LOOP('',(#1771,#1772,#1773,#1774));
#332=EDGE_LOOP('',(#1775,#1776,#1777,#1778,#1779,#1780,#1781,#1782,#1783,
#1784,#1785,#1786,#1787,#1788,#1789,#1790,#1791,#1792,#1793,#1794,#1795,
#1796,#1797,#1798));
#333=EDGE_LOOP('',(#1799));
#334=EDGE_LOOP('',(#1800));
#335=EDGE_LOOP('',(#1801));
#336=EDGE_LOOP('',(#1802));
#337=EDGE_LOOP('',(#1803,#1804,#1805,#1806));
#338=EDGE_LOOP('',(#1807,#1808,#1809,#1810));
#339=EDGE_LOOP('',(#1811,#1812,#1813,#1814,#1815,#1816,#1817,#1818,#1819,
#1820,#1821,#1822,#1823,#1824,#1825,#1826,#1827,#1828,#1829,#1830));
#340=EDGE_LOOP('',(#1831));
#341=EDGE_LOOP('',(#1832));
#342=EDGE_LOOP('',(#1833));
#343=EDGE_LOOP('',(#1834));
#344=EDGE_LOOP('',(#1835));
#345=EDGE_LOOP('',(#1836));
#346=EDGE_LOOP('',(#1837,#1838,#1839,#1840,#1841,#1842));
#347=EDGE_LOOP('',(#1843,#1844,#1845,#1846,#1847,#1848));
#348=EDGE_LOOP('',(#1849,#1850,#1851,#1852));
#349=EDGE_LOOP('',(#1853,#1854,#1855,#1856));
#350=EDGE_LOOP('',(#1857,#1858,#1859,#1860));
#351=EDGE_LOOP('',(#1861));
#352=EDGE_LOOP('',(#1862));
#353=EDGE_LOOP('',(#1863,#1864,#1865,#1866));
#354=EDGE_LOOP('',(#1867,#1868,#1869,#1870));
#355=EDGE_LOOP('',(#1871));
#356=EDGE_LOOP('',(#1872));
#357=EDGE_LOOP('',(#1873,#1874,#1875,#1876,#1877,#1878,#1879,#1880,#1881,
#1882,#1883,#1884,#1885,#1886,#1887,#1888,#1889,#1890,#1891,#1892,#1893,
#1894,#1895,#1896,#1897,#1898,#1899,#1900));
#358=EDGE_LOOP('',(#1901));
#359=EDGE_LOOP('',(#1902));
#360=EDGE_LOOP('',(#1903));
#361=EDGE_LOOP('',(#1904));
#362=EDGE_LOOP('',(#1905,#1906,#1907,#1908));
#363=EDGE_LOOP('',(#1909,#1910,#1911,#1912));
#364=EDGE_LOOP('',(#1913));
#365=EDGE_LOOP('',(#1914,#1915,#1916,#1917));
#366=EDGE_LOOP('',(#1918,#1919,#1920,#1921));
#367=EDGE_LOOP('',(#1922,#1923,#1924,#1925));
#368=EDGE_LOOP('',(#1926,#1927,#1928,#1929));
#369=EDGE_LOOP('',(#1930,#1931,#1932,#1933,#1934,#1935,#1936,#1937));
#370=EDGE_LOOP('',(#1938,#1939,#1940,#1941));
#371=EDGE_LOOP('',(#1942,#1943,#1944,#1945));
#372=EDGE_LOOP('',(#1946,#1947,#1948,#1949));
#373=EDGE_LOOP('',(#1950,#1951,#1952,#1953));
#374=EDGE_LOOP('',(#1954,#1955,#1956,#1957));
#375=EDGE_LOOP('',(#1958));
#376=EDGE_LOOP('',(#1959));
#377=EDGE_LOOP('',(#1960,#1961,#1962,#1963));
#378=EDGE_LOOP('',(#1964));
#379=EDGE_LOOP('',(#1965,#1966,#1967,#1968));
#380=EDGE_LOOP('',(#1969,#1970,#1971,#1972));
#381=EDGE_LOOP('',(#1973,#1974,#1975,#1976));
#382=EDGE_LOOP('',(#1977,#1978,#1979,#1980));
#383=EDGE_LOOP('',(#1981,#1982,#1983,#1984));
#384=EDGE_LOOP('',(#1985,#1986,#1987,#1988));
#385=EDGE_LOOP('',(#1989,#1990,#1991,#1992));
#386=EDGE_LOOP('',(#1993,#1994,#1995,#1996));
#387=EDGE_LOOP('',(#1997,#1998,#1999,#2000));
#388=EDGE_LOOP('',(#2001,#2002,#2003,#2004));
#389=EDGE_LOOP('',(#2005,#2006,#2007,#2008));
#390=EDGE_LOOP('',(#2009,#2010,#2011,#2012));
#391=EDGE_LOOP('',(#2013,#2014,#2015,#2016));
#392=EDGE_LOOP('',(#2017,#2018,#2019,#2020,#2021,#2022,#2023,#2024,#2025));
#393=EDGE_LOOP('',(#2026));
#394=EDGE_LOOP('',(#2027,#2028,#2029,#2030));
#395=EDGE_LOOP('',(#2031,#2032,#2033,#2034));
#396=EDGE_LOOP('',(#2035,#2036,#2037,#2038));
#397=EDGE_LOOP('',(#2039,#2040,#2041,#2042));
#398=EDGE_LOOP('',(#2043,#2044,#2045,#2046));
#399=EDGE_LOOP('',(#2047,#2048,#2049,#2050));
#400=EDGE_LOOP('',(#2051,#2052,#2053,#2054,#2055,#2056,#2057,#2058,#2059,
#2060,#2061,#2062,#2063,#2064,#2065,#2066,#2067,#2068,#2069,#2070,#2071,
#2072,#2073,#2074));
#401=EDGE_LOOP('',(#2075));
#402=EDGE_LOOP('',(#2076));
#403=EDGE_LOOP('',(#2077));
#404=EDGE_LOOP('',(#2078));
#405=EDGE_LOOP('',(#2079));
#406=EDGE_LOOP('',(#2080));
#407=EDGE_LOOP('',(#2081));
#408=EDGE_LOOP('',(#2082,#2083,#2084,#2085));
#409=EDGE_LOOP('',(#2086,#2087,#2088,#2089));
#410=EDGE_LOOP('',(#2090,#2091,#2092,#2093));
#411=EDGE_LOOP('',(#2094,#2095,#2096,#2097));
#412=EDGE_LOOP('',(#2098,#2099,#2100,#2101));
#413=EDGE_LOOP('',(#2102,#2103,#2104,#2105));
#414=EDGE_LOOP('',(#2106,#2107,#2108,#2109));
#415=EDGE_LOOP('',(#2110,#2111,#2112,#2113));
#416=EDGE_LOOP('',(#2114,#2115,#2116,#2117,#2118,#2119,#2120,#2121,#2122));
#417=EDGE_LOOP('',(#2123));
#418=EDGE_LOOP('',(#2124,#2125,#2126,#2127,#2128,#2129));
#419=EDGE_LOOP('',(#2130,#2131,#2132,#2133));
#420=EDGE_LOOP('',(#2134,#2135,#2136,#2137));
#421=EDGE_LOOP('',(#2138));
#422=EDGE_LOOP('',(#2139));
#423=EDGE_LOOP('',(#2140,#2141,#2142,#2143));
#424=EDGE_LOOP('',(#2144,#2145,#2146,#2147));
#425=EDGE_LOOP('',(#2148,#2149,#2150));
#426=EDGE_LOOP('',(#2151,#2152,#2153));
#427=EDGE_LOOP('',(#2154,#2155,#2156,#2157,#2158,#2159));
#428=EDGE_LOOP('',(#2160,#2161,#2162,#2163,#2164,#2165,#2166,#2167,#2168,
#2169));
#429=EDGE_LOOP('',(#2170,#2171,#2172,#2173,#2174,#2175));
#430=EDGE_LOOP('',(#2176,#2177,#2178,#2179));
#431=EDGE_LOOP('',(#2180,#2181,#2182,#2183));
#432=EDGE_LOOP('',(#2184,#2185,#2186,#2187));
#433=EDGE_LOOP('',(#2188,#2189,#2190,#2191));
#434=EDGE_LOOP('',(#2192,#2193,#2194,#2195,#2196,#2197,#2198,#2199,#2200,
#2201,#2202,#2203));
#435=EDGE_LOOP('',(#2204));
#436=EDGE_LOOP('',(#2205,#2206,#2207,#2208));
#437=EDGE_LOOP('',(#2209,#2210,#2211,#2212,#2213,#2214));
#438=EDGE_LOOP('',(#2215,#2216,#2217,#2218));
#439=EDGE_LOOP('',(#2219,#2220,#2221,#2222));
#440=EDGE_LOOP('',(#2223,#2224,#2225,#2226));
#441=EDGE_LOOP('',(#2227,#2228,#2229,#2230));
#442=EDGE_LOOP('',(#2231,#2232,#2233,#2234));
#443=EDGE_LOOP('',(#2235,#2236,#2237,#2238,#2239,#2240,#2241,#2242,#2243,
#2244,#2245,#2246,#2247,#2248,#2249,#2250,#2251,#2252,#2253,#2254,#2255,
#2256));
#444=EDGE_LOOP('',(#2257));
#445=EDGE_LOOP('',(#2258));
#446=EDGE_LOOP('',(#2259));
#447=EDGE_LOOP('',(#2260));
#448=EDGE_LOOP('',(#2261,#2262,#2263,#2264));
#449=EDGE_LOOP('',(#2265,#2266,#2267,#2268));
#450=EDGE_LOOP('',(#2269,#2270,#2271,#2272,#2273,#2274,#2275,#2276,#2277,
#2278));
#451=EDGE_LOOP('',(#2279,#2280,#2281,#2282));
#452=EDGE_LOOP('',(#2283,#2284,#2285,#2286));
#453=EDGE_LOOP('',(#2287,#2288,#2289,#2290));
#454=EDGE_LOOP('',(#2291,#2292,#2293,#2294));
#455=EDGE_LOOP('',(#2295,#2296,#2297,#2298));
#456=EDGE_LOOP('',(#2299,#2300,#2301,#2302));
#457=EDGE_LOOP('',(#2303,#2304,#2305,#2306));
#458=EDGE_LOOP('',(#2307,#2308,#2309,#2310));
#459=EDGE_LOOP('',(#2311,#2312,#2313,#2314));
#460=EDGE_LOOP('',(#2315,#2316,#2317,#2318));
#461=EDGE_LOOP('',(#2319,#2320,#2321,#2322));
#462=EDGE_LOOP('',(#2323,#2324,#2325,#2326,#2327,#2328));
#463=EDGE_LOOP('',(#2329,#2330,#2331,#2332));
#464=EDGE_LOOP('',(#2333,#2334,#2335,#2336));
#465=EDGE_LOOP('',(#2337,#2338,#2339,#2340));
#466=EDGE_LOOP('',(#2341,#2342,#2343,#2344));
#467=EDGE_LOOP('',(#2345,#2346,#2347,#2348));
#468=LINE('',#3680,#690);
#469=LINE('',#3686,#691);
#470=LINE('',#3692,#692);
#471=LINE('',#3698,#693);
#472=LINE('',#3704,#694);
#473=LINE('',#3711,#695);
#474=LINE('',#3714,#696);
#475=LINE('',#3717,#697);
#476=LINE('',#3719,#698);
#477=LINE('',#3720,#699);
#478=LINE('',#3726,#700);
#479=LINE('',#3729,#701);
#480=LINE('',#3731,#702);
#481=LINE('',#3732,#703);
#482=LINE('',#3738,#704);
#483=LINE('',#3741,#705);
#484=LINE('',#3743,#706);
#485=LINE('',#3744,#707);
#486=LINE('',#3750,#708);
#487=LINE('',#3752,#709);
#488=LINE('',#3753,#710);
#489=LINE('',#3761,#711);
#490=LINE('',#3771,#712);
#491=LINE('',#3774,#713);
#492=LINE('',#3779,#714);
#493=LINE('',#3786,#715);
#494=LINE('',#3789,#716);
#495=LINE('',#3792,#717);
#496=LINE('',#3794,#718);
#497=LINE('',#3795,#719);
#498=LINE('',#3800,#720);
#499=LINE('',#3804,#721);
#500=LINE('',#3806,#722);
#501=LINE('',#3807,#723);
#502=LINE('',#3813,#724);
#503=LINE('',#3816,#725);
#504=LINE('',#3824,#726);
#505=LINE('',#3828,#727);
#506=LINE('',#3830,#728);
#507=LINE('',#3831,#729);
#508=LINE('',#3836,#730);
#509=LINE('',#3839,#731);
#510=LINE('',#3840,#732);
#511=LINE('',#3846,#733);
#512=LINE('',#3849,#734);
#513=LINE('',#3852,#735);
#514=LINE('',#3854,#736);
#515=LINE('',#3855,#737);
#516=LINE('',#3858,#738);
#517=LINE('',#3862,#739);
#518=LINE('',#3866,#740);
#519=LINE('',#3870,#741);
#520=LINE('',#3874,#742);
#521=LINE('',#3878,#743);
#522=LINE('',#3880,#744);
#523=LINE('',#3882,#745);
#524=LINE('',#3884,#746);
#525=LINE('',#3886,#747);
#526=LINE('',#3890,#748);
#527=LINE('',#3894,#749);
#528=LINE('',#3898,#750);
#529=LINE('',#3910,#751);
#530=LINE('',#3913,#752);
#531=LINE('',#3916,#753);
#532=LINE('',#3917,#754);
#533=LINE('',#3921,#755);
#534=LINE('',#3923,#756);
#535=LINE('',#3937,#757);
#536=LINE('',#3940,#758);
#537=LINE('',#3943,#759);
#538=LINE('',#3946,#760);
#539=LINE('',#3947,#761);
#540=LINE('',#3952,#762);
#541=LINE('',#3958,#763);
#542=LINE('',#3965,#764);
#543=LINE('',#3971,#765);
#544=LINE('',#3979,#766);
#545=LINE('',#3983,#767);
#546=LINE('',#3987,#768);
#547=LINE('',#3990,#769);
#548=LINE('',#3991,#770);
#549=LINE('',#3995,#771);
#550=LINE('',#3998,#772);
#551=LINE('',#4006,#773);
#552=LINE('',#4011,#774);
#553=LINE('',#4013,#775);
#554=LINE('',#4015,#776);
#555=LINE('',#4016,#777);
#556=LINE('',#4018,#778);
#557=LINE('',#4020,#779);
#558=LINE('',#4021,#780);
#559=LINE('',#4023,#781);
#560=LINE('',#4025,#782);
#561=LINE('',#4027,#783);
#562=LINE('',#4028,#784);
#563=LINE('',#4030,#785);
#564=LINE('',#4032,#786);
#565=LINE('',#4034,#787);
#566=LINE('',#4036,#788);
#567=LINE('',#4039,#789);
#568=LINE('',#4045,#790);
#569=LINE('',#4048,#791);
#570=LINE('',#4050,#792);
#571=LINE('',#4051,#793);
#572=LINE('',#4053,#794);
#573=LINE('',#4055,#795);
#574=LINE('',#4057,#796);
#575=LINE('',#4059,#797);
#576=LINE('',#4061,#798);
#577=LINE('',#4065,#799);
#578=LINE('',#4075,#800);
#579=LINE('',#4079,#801);
#580=LINE('',#4081,#802);
#581=LINE('',#4088,#803);
#582=LINE('',#4093,#804);
#583=LINE('',#4097,#805);
#584=LINE('',#4099,#806);
#585=LINE('',#4100,#807);
#586=LINE('',#4104,#808);
#587=LINE('',#4108,#809);
#588=LINE('',#4112,#810);
#589=LINE('',#4115,#811);
#590=LINE('',#4116,#812);
#591=LINE('',#4119,#813);
#592=LINE('',#4121,#814);
#593=LINE('',#4125,#815);
#594=LINE('',#4129,#816);
#595=LINE('',#4131,#817);
#596=LINE('',#4133,#818);
#597=LINE('',#4141,#819);
#598=LINE('',#4145,#820);
#599=LINE('',#4149,#821);
#600=LINE('',#4153,#822);
#601=LINE('',#4169,#823);
#602=LINE('',#4171,#824);
#603=LINE('',#4172,#825);
#604=LINE('',#4175,#826);
#605=LINE('',#4180,#827);
#606=LINE('',#4183,#828);
#607=LINE('',#4185,#829);
#608=LINE('',#4186,#830);
#609=LINE('',#4190,#831);
#610=LINE('',#4194,#832);
#611=LINE('',#4198,#833);
#612=LINE('',#4201,#834);
#613=LINE('',#4202,#835);
#614=LINE('',#4208,#836);
#615=LINE('',#4210,#837);
#616=LINE('',#4213,#838);
#617=LINE('',#4216,#839);
#618=LINE('',#4219,#840);
#619=LINE('',#4220,#841);
#620=LINE('',#4223,#842);
#621=LINE('',#4231,#843);
#622=LINE('',#4233,#844);
#623=LINE('',#4235,#845);
#624=LINE('',#4236,#846);
#625=LINE('',#4240,#847);
#626=LINE('',#4242,#848);
#627=LINE('',#4244,#849);
#628=LINE('',#4245,#850);
#629=LINE('',#4248,#851);
#630=LINE('',#4249,#852);
#631=LINE('',#4252,#853);
#632=LINE('',#4253,#854);
#633=LINE('',#4256,#855);
#634=LINE('',#4258,#856);
#635=LINE('',#4264,#857);
#636=LINE('',#4267,#858);
#637=LINE('',#4269,#859);
#638=LINE('',#4271,#860);
#639=LINE('',#4273,#861);
#640=LINE('',#4274,#862);
#641=LINE('',#4275,#863);
#642=LINE('',#4278,#864);
#643=LINE('',#4284,#865);
#644=LINE('',#4288,#866);
#645=LINE('',#4290,#867);
#646=LINE('',#4292,#868);
#647=LINE('',#4293,#869);
#648=LINE('',#4297,#870);
#649=LINE('',#4299,#871);
#650=LINE('',#4301,#872);
#651=LINE('',#4302,#873);
#652=LINE('',#4304,#874);
#653=LINE('',#4305,#875);
#654=LINE('',#4307,#876);
#655=LINE('',#4310,#877);
#656=LINE('',#4314,#878);
#657=LINE('',#4316,#879);
#658=LINE('',#4318,#880);
#659=LINE('',#4322,#881);
#660=LINE('',#4326,#882);
#661=LINE('',#4327,#883);
#662=LINE('',#4329,#884);
#663=LINE('',#4331,#885);
#664=LINE('',#4333,#886);
#665=LINE('',#4337,#887);
#666=LINE('',#4338,#888);
#667=LINE('',#4347,#889);
#668=LINE('',#4351,#890);
#669=LINE('',#4355,#891);
#670=LINE('',#4358,#892);
#671=LINE('',#4362,#893);
#672=LINE('',#4363,#894);
#673=LINE('',#4374,#895);
#674=LINE('',#4376,#896);
#675=LINE('',#4377,#897);
#676=LINE('',#4379,#898);
#677=LINE('',#4385,#899);
#678=LINE('',#4387,#900);
#679=LINE('',#4395,#901);
#680=LINE('',#4397,#902);
#681=LINE('',#4399,#903);
#682=LINE('',#4401,#904);
#683=LINE('',#4403,#905);
#684=LINE('',#4405,#906);
#685=LINE('',#4407,#907);
#686=LINE('',#4409,#908);
#687=LINE('',#4411,#909);
#688=LINE('',#4413,#910);
#689=LINE('',#4415,#911);
#690=VECTOR('',#2914,2.1);
#691=VECTOR('',#2921,1.675);
#692=VECTOR('',#2928,1.675);
#693=VECTOR('',#2935,1.675);
#694=VECTOR('',#2942,1.675);
#695=VECTOR('',#2949,10.);
#696=VECTOR('',#2952,10.);
#697=VECTOR('',#2955,10.);
#698=VECTOR('',#2956,10.);
#699=VECTOR('',#2957,10.);
#700=VECTOR('',#2964,10.);
#701=VECTOR('',#2967,10.);
#702=VECTOR('',#2968,10.);
#703=VECTOR('',#2969,10.);
#704=VECTOR('',#2976,10.);
#705=VECTOR('',#2979,10.);
#706=VECTOR('',#2980,10.);
#707=VECTOR('',#2981,10.);
#708=VECTOR('',#2988,10.);
#709=VECTOR('',#2991,10.);
#710=VECTOR('',#2992,10.);
#711=VECTOR('',#3003,2.1);
#712=VECTOR('',#3014,10.);
#713=VECTOR('',#3017,10.);
#714=VECTOR('',#3022,10.);
#715=VECTOR('',#3029,10.);
#716=VECTOR('',#3032,10.);
#717=VECTOR('',#3035,10.);
#718=VECTOR('',#3036,10.);
#719=VECTOR('',#3037,10.);
#720=VECTOR('',#3042,10.);
#721=VECTOR('',#3047,10.);
#722=VECTOR('',#3048,10.);
#723=VECTOR('',#3049,10.);
#724=VECTOR('',#3054,10.);
#725=VECTOR('',#3057,10.);
#726=VECTOR('',#3068,10.);
#727=VECTOR('',#3073,10.);
#728=VECTOR('',#3074,10.);
#729=VECTOR('',#3075,10.);
#730=VECTOR('',#3080,10.);
#731=VECTOR('',#3085,10.);
#732=VECTOR('',#3086,10.);
#733=VECTOR('',#3091,10.);
#734=VECTOR('',#3094,10.);
#735=VECTOR('',#3097,10.);
#736=VECTOR('',#3098,10.);
#737=VECTOR('',#3099,10.);
#738=VECTOR('',#3102,10.);
#739=VECTOR('',#3105,10.);
#740=VECTOR('',#3108,10.);
#741=VECTOR('',#3111,10.);
#742=VECTOR('',#3114,10.);
#743=VECTOR('',#3117,10.);
#744=VECTOR('',#3118,10.);
#745=VECTOR('',#3119,10.);
#746=VECTOR('',#3120,10.);
#747=VECTOR('',#3121,10.);
#748=VECTOR('',#3124,10.);
#749=VECTOR('',#3127,10.);
#750=VECTOR('',#3130,10.);
#751=VECTOR('',#3143,10.);
#752=VECTOR('',#3146,10.);
#753=VECTOR('',#3149,10.);
#754=VECTOR('',#3150,10.);
#755=VECTOR('',#3155,10.);
#756=VECTOR('',#3158,10.);
#757=VECTOR('',#3173,10.);
#758=VECTOR('',#3176,10.);
#759=VECTOR('',#3179,10.);
#760=VECTOR('',#3182,10.);
#761=VECTOR('',#3183,10.);
#762=VECTOR('',#3188,1.15);
#763=VECTOR('',#3195,2.15);
#764=VECTOR('',#3204,1.15);
#765=VECTOR('',#3211,2.15);
#766=VECTOR('',#3220,10.);
#767=VECTOR('',#3223,10.);
#768=VECTOR('',#3226,10.);
#769=VECTOR('',#3229,10.);
#770=VECTOR('',#3230,10.);
#771=VECTOR('',#3233,10.);
#772=VECTOR('',#3236,10.);
#773=VECTOR('',#3245,1.3);
#774=VECTOR('',#3250,10.);
#775=VECTOR('',#3251,10.);
#776=VECTOR('',#3252,10.);
#777=VECTOR('',#3253,10.);
#778=VECTOR('',#3256,1.);
#779=VECTOR('',#3259,10.);
#780=VECTOR('',#3260,10.);
#781=VECTOR('',#3263,10.);
#782=VECTOR('',#3266,10.);
#783=VECTOR('',#3269,10.);
#784=VECTOR('',#3270,10.);
#785=VECTOR('',#3273,1.675);
#786=VECTOR('',#3276,1.675);
#787=VECTOR('',#3279,1.675);
#788=VECTOR('',#3282,1.675);
#789=VECTOR('',#3285,3.);
#790=VECTOR('',#3294,10.);
#791=VECTOR('',#3299,10.);
#792=VECTOR('',#3302,10.);
#793=VECTOR('',#3303,10.);
#794=VECTOR('',#3306,10.);
#795=VECTOR('',#3309,10.);
#796=VECTOR('',#3312,10.);
#797=VECTOR('',#3315,10.);
#798=VECTOR('',#3318,10.);
#799=VECTOR('',#3325,1.);
#800=VECTOR('',#3338,10.);
#801=VECTOR('',#3341,10.);
#802=VECTOR('',#3342,10.);
#803=VECTOR('',#3349,10.);
#804=VECTOR('',#3354,1.25);
#805=VECTOR('',#3359,10.);
#806=VECTOR('',#3360,10.);
#807=VECTOR('',#3361,10.);
#808=VECTOR('',#3366,10.);
#809=VECTOR('',#3371,10.);
#810=VECTOR('',#3376,10.);
#811=VECTOR('',#3379,10.);
#812=VECTOR('',#3380,10.);
#813=VECTOR('',#3383,10.);
#814=VECTOR('',#3384,10.);
#815=VECTOR('',#3387,10.);
#816=VECTOR('',#3390,10.);
#817=VECTOR('',#3391,10.);
#818=VECTOR('',#3392,10.);
#819=VECTOR('',#3399,10.);
#820=VECTOR('',#3402,10.);
#821=VECTOR('',#3405,10.);
#822=VECTOR('',#3408,10.);
#823=VECTOR('',#3425,10.);
#824=VECTOR('',#3426,10.);
#825=VECTOR('',#3427,10.);
#826=VECTOR('',#3430,10.);
#827=VECTOR('',#3437,1.25);
#828=VECTOR('',#3440,10.);
#829=VECTOR('',#3441,10.);
#830=VECTOR('',#3442,10.);
#831=VECTOR('',#3447,10.);
#832=VECTOR('',#3452,10.);
#833=VECTOR('',#3457,10.);
#834=VECTOR('',#3460,10.);
#835=VECTOR('',#3461,10.);
#836=VECTOR('',#3466,10.);
#837=VECTOR('',#3469,10.);
#838=VECTOR('',#3472,10.);
#839=VECTOR('',#3475,10.);
#840=VECTOR('',#3478,10.);
#841=VECTOR('',#3479,10.);
#842=VECTOR('',#3482,2.1);
#843=VECTOR('',#3491,10.);
#844=VECTOR('',#3492,10.);
#845=VECTOR('',#3493,10.);
#846=VECTOR('',#3494,10.);
#847=VECTOR('',#3497,10.);
#848=VECTOR('',#3498,10.);
#849=VECTOR('',#3499,10.);
#850=VECTOR('',#3500,10.);
#851=VECTOR('',#3503,10.);
#852=VECTOR('',#3504,10.);
#853=VECTOR('',#3507,10.);
#854=VECTOR('',#3508,10.);
#855=VECTOR('',#3511,10.);
#856=VECTOR('',#3512,10.);
#857=VECTOR('',#3513,10.);
#858=VECTOR('',#3516,10.);
#859=VECTOR('',#3517,10.);
#860=VECTOR('',#3518,10.);
#861=VECTOR('',#3519,10.);
#862=VECTOR('',#3520,10.);
#863=VECTOR('',#3521,10.);
#864=VECTOR('',#3524,10.);
#865=VECTOR('',#3525,10.);
#866=VECTOR('',#3528,10.);
#867=VECTOR('',#3529,10.);
#868=VECTOR('',#3530,10.);
#869=VECTOR('',#3531,10.);
#870=VECTOR('',#3534,10.);
#871=VECTOR('',#3535,10.);
#872=VECTOR('',#3536,10.);
#873=VECTOR('',#3537,10.);
#874=VECTOR('',#3540,10.);
#875=VECTOR('',#3541,10.);
#876=VECTOR('',#3544,10.);
#877=VECTOR('',#3547,10.);
#878=VECTOR('',#3550,10.);
#879=VECTOR('',#3551,10.);
#880=VECTOR('',#3552,10.);
#881=VECTOR('',#3557,10.);
#882=VECTOR('',#3562,10.);
#883=VECTOR('',#3563,10.);
#884=VECTOR('',#3566,10.);
#885=VECTOR('',#3569,10.);
#886=VECTOR('',#3572,10.);
#887=VECTOR('',#3577,10.);
#888=VECTOR('',#3578,10.);
#889=VECTOR('',#3585,10.);
#890=VECTOR('',#3588,10.);
#891=VECTOR('',#3591,10.);
#892=VECTOR('',#3594,10.);
#893=VECTOR('',#3597,10.);
#894=VECTOR('',#3598,10.);
#895=VECTOR('',#3609,10.);
#896=VECTOR('',#3610,10.);
#897=VECTOR('',#3611,10.);
#898=VECTOR('',#3614,10.);
#899=VECTOR('',#3617,10.);
#900=VECTOR('',#3620,10.);
#901=VECTOR('',#3635,1.);
#902=VECTOR('',#3638,1.675);
#903=VECTOR('',#3641,1.675);
#904=VECTOR('',#3644,1.675);
#905=VECTOR('',#3647,1.675);
#906=VECTOR('',#3650,10.);
#907=VECTOR('',#3653,10.);
#908=VECTOR('',#3656,10.);
#909=VECTOR('',#3659,10.);
#910=VECTOR('',#3662,10.);
#911=VECTOR('',#3665,10.);
#912=CIRCLE('',#2636,2.1);
#913=CIRCLE('',#2637,2.1);
#914=CIRCLE('',#2639,1.675);
#915=CIRCLE('',#2640,1.675);
#916=CIRCLE('',#2642,1.675);
#917=CIRCLE('',#2643,1.675);
#918=CIRCLE('',#2645,1.675);
#919=CIRCLE('',#2646,1.675);
#920=CIRCLE('',#2648,1.675);
#921=CIRCLE('',#2649,1.675);
#922=CIRCLE('',#2651,4.);
#923=CIRCLE('',#2652,4.);
#924=CIRCLE('',#2655,4.);
#925=CIRCLE('',#2656,4.);
#926=CIRCLE('',#2659,4.);
#927=CIRCLE('',#2660,4.);
#928=CIRCLE('',#2663,4.);
#929=CIRCLE('',#2664,4.);
#930=CIRCLE('',#2670,2.1);
#931=CIRCLE('',#2671,2.1);
#932=CIRCLE('',#2673,1.);
#933=CIRCLE('',#2675,2.);
#934=CIRCLE('',#2676,2.);
#935=CIRCLE('',#2678,3.);
#936=CIRCLE('',#2679,3.);
#937=CIRCLE('',#2681,2.);
#938=CIRCLE('',#2682,2.);
#939=CIRCLE('',#2685,2.);
#940=CIRCLE('',#2686,2.);
#941=CIRCLE('',#2689,2.);
#942=CIRCLE('',#2690,2.);
#943=CIRCLE('',#2692,3.);
#944=CIRCLE('',#2693,3.);
#945=CIRCLE('',#2695,2.);
#946=CIRCLE('',#2696,2.);
#947=CIRCLE('',#2699,2.);
#948=CIRCLE('',#2700,2.);
#949=CIRCLE('',#2703,4.);
#950=CIRCLE('',#2704,4.);
#951=CIRCLE('',#2707,4.);
#952=CIRCLE('',#2708,4.);
#953=CIRCLE('',#2709,1.);
#954=CIRCLE('',#2710,1.);
#955=CIRCLE('',#2711,1.325);
#956=CIRCLE('',#2712,1.325);
#957=CIRCLE('',#2713,1.);
#958=CIRCLE('',#2714,1.);
#959=CIRCLE('',#2715,4.);
#960=CIRCLE('',#2716,1.675);
#961=CIRCLE('',#2717,1.675);
#962=CIRCLE('',#2718,1.675);
#963=CIRCLE('',#2719,1.675);
#964=CIRCLE('',#2721,4.);
#965=CIRCLE('',#2724,4.);
#966=CIRCLE('',#2725,4.);
#967=CIRCLE('',#2726,1.675);
#968=CIRCLE('',#2727,1.675);
#969=CIRCLE('',#2728,1.675);
#970=CIRCLE('',#2729,1.675);
#971=CIRCLE('',#2730,1.);
#972=CIRCLE('',#2732,4.);
#973=CIRCLE('',#2734,4.);
#974=CIRCLE('',#2737,1.15);
#975=CIRCLE('',#2738,1.15);
#976=CIRCLE('',#2740,2.15);
#977=CIRCLE('',#2741,2.15);
#978=CIRCLE('',#2744,1.15);
#979=CIRCLE('',#2745,1.15);
#980=CIRCLE('',#2747,2.15);
#981=CIRCLE('',#2748,2.15);
#982=CIRCLE('',#2751,1.325);
#983=CIRCLE('',#2752,1.325);
#984=CIRCLE('',#2753,1.);
#985=CIRCLE('',#2754,1.);
#986=CIRCLE('',#2755,1.);
#987=CIRCLE('',#2756,1.);
#988=CIRCLE('',#2757,3.);
#989=CIRCLE('',#2760,1.);
#990=CIRCLE('',#2761,1.6);
#991=CIRCLE('',#2773,3.);
#992=CIRCLE('',#2775,1.);
#993=CIRCLE('',#2793,4.);
#994=CIRCLE('',#2794,1.);
#995=CIRCLE('',#2795,2.);
#996=CIRCLE('',#2796,3.);
#997=CIRCLE('',#2797,2.);
#998=CIRCLE('',#2798,1.25);
#999=CIRCLE('',#2800,1.25);
#1000=CIRCLE('',#2803,2.);
#1001=CIRCLE('',#2805,3.);
#1002=CIRCLE('',#2807,2.);
#1003=CIRCLE('',#2810,1.325);
#1004=CIRCLE('',#2811,1.325);
#1005=CIRCLE('',#2812,2.);
#1006=CIRCLE('',#2813,3.);
#1007=CIRCLE('',#2814,2.);
#1008=CIRCLE('',#2815,4.);
#1009=CIRCLE('',#2816,4.);
#1010=CIRCLE('',#2817,4.);
#1011=CIRCLE('',#2818,4.);
#1012=CIRCLE('',#2819,1.675);
#1013=CIRCLE('',#2820,1.675);
#1014=CIRCLE('',#2821,1.675);
#1015=CIRCLE('',#2822,1.675);
#1016=CIRCLE('',#2823,2.1);
#1017=CIRCLE('',#2824,1.25);
#1018=CIRCLE('',#2827,1.);
#1019=CIRCLE('',#2829,1.25);
#1020=CIRCLE('',#2832,2.);
#1021=CIRCLE('',#2834,3.);
#1022=CIRCLE('',#2836,2.);
#1023=CIRCLE('',#2839,1.);
#1024=CIRCLE('',#2840,4.);
#1025=CIRCLE('',#2842,4.);
#1026=CIRCLE('',#2845,2.1);
#1027=CIRCLE('',#2847,1.);
#1028=CIRCLE('',#2860,7.3);
#1029=CIRCLE('',#2861,1.325);
#1030=CIRCLE('',#2862,1.325);
#1031=CIRCLE('',#2863,1.);
#1032=CIRCLE('',#2872,6.7);
#1033=CIRCLE('',#2873,4.);
#1034=CIRCLE('',#2874,4.);
#1035=CIRCLE('',#2875,4.);
#1036=CIRCLE('',#2876,1.);
#1037=CIRCLE('',#2877,1.675);
#1038=CIRCLE('',#2878,1.675);
#1039=CIRCLE('',#2879,1.675);
#1040=CIRCLE('',#2880,1.675);
#1041=CIRCLE('',#2887,7.5);
#1042=CIRCLE('',#2889,7.5);
#1043=VERTEX_POINT('',#3677);
#1044=VERTEX_POINT('',#3679);
#1045=VERTEX_POINT('',#3683);
#1046=VERTEX_POINT('',#3685);
#1047=VERTEX_POINT('',#3689);
#1048=VERTEX_POINT('',#3691);
#1049=VERTEX_POINT('',#3695);
#1050=VERTEX_POINT('',#3697);
#1051=VERTEX_POINT('',#3701);
#1052=VERTEX_POINT('',#3703);
#1053=VERTEX_POINT('',#3707);
#1054=VERTEX_POINT('',#3708);
#1055=VERTEX_POINT('',#3710);
#1056=VERTEX_POINT('',#3712);
#1057=VERTEX_POINT('',#3716);
#1058=VERTEX_POINT('',#3718);
#1059=VERTEX_POINT('',#3722);
#1060=VERTEX_POINT('',#3724);
#1061=VERTEX_POINT('',#3728);
#1062=VERTEX_POINT('',#3730);
#1063=VERTEX_POINT('',#3734);
#1064=VERTEX_POINT('',#3736);
#1065=VERTEX_POINT('',#3740);
#1066=VERTEX_POINT('',#3742);
#1067=VERTEX_POINT('',#3746);
#1068=VERTEX_POINT('',#3748);
#1069=VERTEX_POINT('',#3758);
#1070=VERTEX_POINT('',#3760);
#1071=VERTEX_POINT('',#3764);
#1072=VERTEX_POINT('',#3767);
#1073=VERTEX_POINT('',#3768);
#1074=VERTEX_POINT('',#3770);
#1075=VERTEX_POINT('',#3772);
#1076=VERTEX_POINT('',#3776);
#1077=VERTEX_POINT('',#3778);
#1078=VERTEX_POINT('',#3782);
#1079=VERTEX_POINT('',#3783);
#1080=VERTEX_POINT('',#3785);
#1081=VERTEX_POINT('',#3787);
#1082=VERTEX_POINT('',#3791);
#1083=VERTEX_POINT('',#3793);
#1084=VERTEX_POINT('',#3797);
#1085=VERTEX_POINT('',#3799);
#1086=VERTEX_POINT('',#3803);
#1087=VERTEX_POINT('',#3805);
#1088=VERTEX_POINT('',#3809);
#1089=VERTEX_POINT('',#3810);
#1090=VERTEX_POINT('',#3812);
#1091=VERTEX_POINT('',#3814);
#1092=VERTEX_POINT('',#3821);
#1093=VERTEX_POINT('',#3823);
#1094=VERTEX_POINT('',#3827);
#1095=VERTEX_POINT('',#3829);
#1096=VERTEX_POINT('',#3833);
#1097=VERTEX_POINT('',#3835);
#1098=VERTEX_POINT('',#3842);
#1099=VERTEX_POINT('',#3843);
#1100=VERTEX_POINT('',#3845);
#1101=VERTEX_POINT('',#3847);
#1102=VERTEX_POINT('',#3851);
#1103=VERTEX_POINT('',#3853);
#1104=VERTEX_POINT('',#3857);
#1105=VERTEX_POINT('',#3859);
#1106=VERTEX_POINT('',#3861);
#1107=VERTEX_POINT('',#3863);
#1108=VERTEX_POINT('',#3865);
#1109=VERTEX_POINT('',#3867);
#1110=VERTEX_POINT('',#3869);
#1111=VERTEX_POINT('',#3871);
#1112=VERTEX_POINT('',#3873);
#1113=VERTEX_POINT('',#3875);
#1114=VERTEX_POINT('',#3877);
#1115=VERTEX_POINT('',#3879);
#1116=VERTEX_POINT('',#3881);
#1117=VERTEX_POINT('',#3883);
#1118=VERTEX_POINT('',#3885);
#1119=VERTEX_POINT('',#3887);
#1120=VERTEX_POINT('',#3889);
#1121=VERTEX_POINT('',#3891);
#1122=VERTEX_POINT('',#3893);
#1123=VERTEX_POINT('',#3895);
#1124=VERTEX_POINT('',#3897);
#1125=VERTEX_POINT('',#3900);
#1126=VERTEX_POINT('',#3902);
#1127=VERTEX_POINT('',#3904);
#1128=VERTEX_POINT('',#3906);
#1129=VERTEX_POINT('',#3909);
#1130=VERTEX_POINT('',#3911);
#1131=VERTEX_POINT('',#3915);
#1132=VERTEX_POINT('',#3919);
#1133=VERTEX_POINT('',#3924);
#1134=VERTEX_POINT('',#3926);
#1135=VERTEX_POINT('',#3928);
#1136=VERTEX_POINT('',#3930);
#1137=VERTEX_POINT('',#3932);
#1138=VERTEX_POINT('',#3935);
#1139=VERTEX_POINT('',#3939);
#1140=VERTEX_POINT('',#3941);
#1141=VERTEX_POINT('',#3945);
#1142=VERTEX_POINT('',#3949);
#1143=VERTEX_POINT('',#3951);
#1144=VERTEX_POINT('',#3955);
#1145=VERTEX_POINT('',#3957);
#1146=VERTEX_POINT('',#3962);
#1147=VERTEX_POINT('',#3964);
#1148=VERTEX_POINT('',#3968);
#1149=VERTEX_POINT('',#3970);
#1150=VERTEX_POINT('',#3975);
#1151=VERTEX_POINT('',#3976);
#1152=VERTEX_POINT('',#3978);
#1153=VERTEX_POINT('',#3980);
#1154=VERTEX_POINT('',#3982);
#1155=VERTEX_POINT('',#3984);
#1156=VERTEX_POINT('',#3986);
#1157=VERTEX_POINT('',#3988);
#1158=VERTEX_POINT('',#3992);
#1159=VERTEX_POINT('',#3994);
#1160=VERTEX_POINT('',#3996);
#1161=VERTEX_POINT('',#3999);
#1162=VERTEX_POINT('',#4003);
#1163=VERTEX_POINT('',#4005);
#1164=VERTEX_POINT('',#4009);
#1165=VERTEX_POINT('',#4010);
#1166=VERTEX_POINT('',#4012);
#1167=VERTEX_POINT('',#4014);
#1168=VERTEX_POINT('',#4038);
#1169=VERTEX_POINT('',#4042);
#1170=VERTEX_POINT('',#4071);
#1171=VERTEX_POINT('',#4072);
#1172=VERTEX_POINT('',#4074);
#1173=VERTEX_POINT('',#4076);
#1174=VERTEX_POINT('',#4078);
#1175=VERTEX_POINT('',#4080);
#1176=VERTEX_POINT('',#4082);
#1177=VERTEX_POINT('',#4084);
#1178=VERTEX_POINT('',#4086);
#1179=VERTEX_POINT('',#4089);
#1180=VERTEX_POINT('',#4092);
#1181=VERTEX_POINT('',#4096);
#1182=VERTEX_POINT('',#4098);
#1183=VERTEX_POINT('',#4102);
#1184=VERTEX_POINT('',#4106);
#1185=VERTEX_POINT('',#4110);
#1186=VERTEX_POINT('',#4114);
#1187=VERTEX_POINT('',#4118);
#1188=VERTEX_POINT('',#4120);
#1189=VERTEX_POINT('',#4122);
#1190=VERTEX_POINT('',#4124);
#1191=VERTEX_POINT('',#4126);
#1192=VERTEX_POINT('',#4128);
#1193=VERTEX_POINT('',#4130);
#1194=VERTEX_POINT('',#4132);
#1195=VERTEX_POINT('',#4134);
#1196=VERTEX_POINT('',#4136);
#1197=VERTEX_POINT('',#4138);
#1198=VERTEX_POINT('',#4140);
#1199=VERTEX_POINT('',#4142);
#1200=VERTEX_POINT('',#4144);
#1201=VERTEX_POINT('',#4146);
#1202=VERTEX_POINT('',#4148);
#1203=VERTEX_POINT('',#4150);
#1204=VERTEX_POINT('',#4152);
#1205=VERTEX_POINT('',#4155);
#1206=VERTEX_POINT('',#4157);
#1207=VERTEX_POINT('',#4159);
#1208=VERTEX_POINT('',#4161);
#1209=VERTEX_POINT('',#4163);
#1210=VERTEX_POINT('',#4165);
#1211=VERTEX_POINT('',#4168);
#1212=VERTEX_POINT('',#4170);
#1213=VERTEX_POINT('',#4174);
#1214=VERTEX_POINT('',#4178);
#1215=VERTEX_POINT('',#4182);
#1216=VERTEX_POINT('',#4184);
#1217=VERTEX_POINT('',#4188);
#1218=VERTEX_POINT('',#4192);
#1219=VERTEX_POINT('',#4196);
#1220=VERTEX_POINT('',#4200);
#1221=VERTEX_POINT('',#4204);
#1222=VERTEX_POINT('',#4205);
#1223=VERTEX_POINT('',#4207);
#1224=VERTEX_POINT('',#4212);
#1225=VERTEX_POINT('',#4214);
#1226=VERTEX_POINT('',#4218);
#1227=VERTEX_POINT('',#4222);
#1228=VERTEX_POINT('',#4226);
#1229=VERTEX_POINT('',#4229);
#1230=VERTEX_POINT('',#4230);
#1231=VERTEX_POINT('',#4232);
#1232=VERTEX_POINT('',#4234);
#1233=VERTEX_POINT('',#4238);
#1234=VERTEX_POINT('',#4239);
#1235=VERTEX_POINT('',#4241);
#1236=VERTEX_POINT('',#4243);
#1237=VERTEX_POINT('',#4247);
#1238=VERTEX_POINT('',#4251);
#1239=VERTEX_POINT('',#4255);
#1240=VERTEX_POINT('',#4257);
#1241=VERTEX_POINT('',#4259);
#1242=VERTEX_POINT('',#4266);
#1243=VERTEX_POINT('',#4268);
#1244=VERTEX_POINT('',#4270);
#1245=VERTEX_POINT('',#4272);
#1246=VERTEX_POINT('',#4277);
#1247=VERTEX_POINT('',#4279);
#1248=VERTEX_POINT('',#4286);
#1249=VERTEX_POINT('',#4287);
#1250=VERTEX_POINT('',#4289);
#1251=VERTEX_POINT('',#4291);
#1252=VERTEX_POINT('',#4295);
#1253=VERTEX_POINT('',#4296);
#1254=VERTEX_POINT('',#4298);
#1255=VERTEX_POINT('',#4300);
#1256=VERTEX_POINT('',#4309);
#1257=VERTEX_POINT('',#4311);
#1258=VERTEX_POINT('',#4313);
#1259=VERTEX_POINT('',#4315);
#1260=VERTEX_POINT('',#4317);
#1261=VERTEX_POINT('',#4320);
#1262=VERTEX_POINT('',#4323);
#1263=VERTEX_POINT('',#4336);
#1264=VERTEX_POINT('',#4346);
#1265=VERTEX_POINT('',#4348);
#1266=VERTEX_POINT('',#4350);
#1267=VERTEX_POINT('',#4352);
#1268=VERTEX_POINT('',#4354);
#1269=VERTEX_POINT('',#4356);
#1270=VERTEX_POINT('',#4359);
#1271=VERTEX_POINT('',#4361);
#1272=VERTEX_POINT('',#4364);
#1273=VERTEX_POINT('',#4366);
#1274=VERTEX_POINT('',#4368);
#1275=VERTEX_POINT('',#4370);
#1276=VERTEX_POINT('',#4373);
#1277=VERTEX_POINT('',#4375);
#1278=EDGE_CURVE('',#1043,#1043,#912,.T.);
#1279=EDGE_CURVE('',#1043,#1044,#468,.T.);
#1280=EDGE_CURVE('',#1044,#1044,#913,.T.);
#1281=EDGE_CURVE('',#1045,#1045,#914,.T.);
#1282=EDGE_CURVE('',#1045,#1046,#469,.T.);
#1283=EDGE_CURVE('',#1046,#1046,#915,.T.);
#1284=EDGE_CURVE('',#1047,#1047,#916,.T.);
#1285=EDGE_CURVE('',#1047,#1048,#470,.T.);
#1286=EDGE_CURVE('',#1048,#1048,#917,.T.);
#1287=EDGE_CURVE('',#1049,#1049,#918,.T.);
#1288=EDGE_CURVE('',#1049,#1050,#471,.T.);
#1289=EDGE_CURVE('',#1050,#1050,#919,.T.);
#1290=EDGE_CURVE('',#1051,#1051,#920,.T.);
#1291=EDGE_CURVE('',#1051,#1052,#472,.T.);
#1292=EDGE_CURVE('',#1052,#1052,#921,.T.);
#1293=EDGE_CURVE('',#1053,#1054,#922,.T.);
#1294=EDGE_CURVE('',#1054,#1055,#473,.T.);
#1295=EDGE_CURVE('',#1056,#1055,#923,.T.);
#1296=EDGE_CURVE('',#1053,#1056,#474,.T.);
#1297=EDGE_CURVE('',#1057,#1053,#475,.T.);
#1298=EDGE_CURVE('',#1058,#1056,#476,.T.);
#1299=EDGE_CURVE('',#1057,#1058,#477,.T.);
#1300=EDGE_CURVE('',#1059,#1057,#924,.T.);
#1301=EDGE_CURVE('',#1060,#1058,#925,.T.);
#1302=EDGE_CURVE('',#1059,#1060,#478,.T.);
#1303=EDGE_CURVE('',#1061,#1059,#479,.T.);
#1304=EDGE_CURVE('',#1062,#1060,#480,.T.);
#1305=EDGE_CURVE('',#1061,#1062,#481,.T.);
#1306=EDGE_CURVE('',#1063,#1061,#926,.T.);
#1307=EDGE_CURVE('',#1064,#1062,#927,.T.);
#1308=EDGE_CURVE('',#1063,#1064,#482,.T.);
#1309=EDGE_CURVE('',#1065,#1063,#483,.T.);
#1310=EDGE_CURVE('',#1066,#1064,#484,.T.);
#1311=EDGE_CURVE('',#1065,#1066,#485,.T.);
#1312=EDGE_CURVE('',#1067,#1065,#928,.T.);
#1313=EDGE_CURVE('',#1068,#1066,#929,.T.);
#1314=EDGE_CURVE('',#1067,#1068,#486,.T.);
#1315=EDGE_CURVE('',#1054,#1067,#487,.T.);
#1316=EDGE_CURVE('',#1055,#1068,#488,.T.);
#1317=EDGE_CURVE('',#1069,#1069,#930,.T.);
#1318=EDGE_CURVE('',#1069,#1070,#489,.T.);
#1319=EDGE_CURVE('',#1070,#1070,#931,.T.);
#1320=EDGE_CURVE('',#1071,#1071,#932,.T.);
#1321=EDGE_CURVE('',#1072,#1073,#933,.T.);
#1322=EDGE_CURVE('',#1073,#1074,#490,.T.);
#1323=EDGE_CURVE('',#1074,#1075,#934,.T.);
#1324=EDGE_CURVE('',#1075,#1072,#491,.T.);
#1325=EDGE_CURVE('',#1076,#1073,#935,.T.);
#1326=EDGE_CURVE('',#1077,#1076,#492,.T.);
#1327=EDGE_CURVE('',#1074,#1077,#936,.T.);
#1328=EDGE_CURVE('',#1078,#1079,#937,.T.);
#1329=EDGE_CURVE('',#1079,#1080,#493,.T.);
#1330=EDGE_CURVE('',#1080,#1081,#938,.T.);
#1331=EDGE_CURVE('',#1081,#1078,#494,.T.);
#1332=EDGE_CURVE('',#1082,#1079,#495,.T.);
#1333=EDGE_CURVE('',#1082,#1083,#496,.T.);
#1334=EDGE_CURVE('',#1080,#1083,#497,.T.);
#1335=EDGE_CURVE('',#1076,#1084,#939,.T.);
#1336=EDGE_CURVE('',#1084,#1085,#498,.T.);
#1337=EDGE_CURVE('',#1085,#1077,#940,.T.);
#1338=EDGE_CURVE('',#1086,#1084,#499,.T.);
#1339=EDGE_CURVE('',#1087,#1086,#500,.T.);
#1340=EDGE_CURVE('',#1085,#1087,#501,.T.);
#1341=EDGE_CURVE('',#1088,#1089,#941,.T.);
#1342=EDGE_CURVE('',#1089,#1090,#502,.T.);
#1343=EDGE_CURVE('',#1090,#1091,#942,.T.);
#1344=EDGE_CURVE('',#1091,#1088,#503,.T.);
#1345=EDGE_CURVE('',#1090,#1081,#943,.T.);
#1346=EDGE_CURVE('',#1078,#1089,#944,.T.);
#1347=EDGE_CURVE('',#1086,#1092,#945,.T.);
#1348=EDGE_CURVE('',#1092,#1093,#504,.T.);
#1349=EDGE_CURVE('',#1093,#1087,#946,.T.);
#1350=EDGE_CURVE('',#1094,#1092,#505,.T.);
#1351=EDGE_CURVE('',#1095,#1094,#506,.T.);
#1352=EDGE_CURVE('',#1093,#1095,#507,.T.);
#1353=EDGE_CURVE('',#1094,#1096,#947,.T.);
#1354=EDGE_CURVE('',#1096,#1097,#508,.T.);
#1355=EDGE_CURVE('',#1097,#1095,#948,.T.);
#1356=EDGE_CURVE('',#1097,#1091,#509,.T.);
#1357=EDGE_CURVE('',#1088,#1096,#510,.T.);
#1358=EDGE_CURVE('',#1098,#1099,#949,.T.);
#1359=EDGE_CURVE('',#1099,#1100,#511,.T.);
#1360=EDGE_CURVE('',#1100,#1101,#950,.T.);
#1361=EDGE_CURVE('',#1101,#1098,#512,.T.);
#1362=EDGE_CURVE('',#1102,#1099,#513,.T.);
#1363=EDGE_CURVE('',#1103,#1102,#514,.T.);
#1364=EDGE_CURVE('',#1100,#1103,#515,.T.);
#1365=EDGE_CURVE('',#1098,#1104,#516,.T.);
#1366=EDGE_CURVE('',#1105,#1104,#951,.T.);
#1367=EDGE_CURVE('',#1105,#1106,#517,.T.);
#1368=EDGE_CURVE('',#1107,#1106,#952,.T.);
#1369=EDGE_CURVE('',#1107,#1108,#518,.T.);
#1370=EDGE_CURVE('',#1109,#1108,#953,.T.);
#1371=EDGE_CURVE('',#1109,#1110,#519,.T.);
#1372=EDGE_CURVE('',#1111,#1110,#954,.T.);
#1373=EDGE_CURVE('',#1111,#1112,#520,.T.);
#1374=EDGE_CURVE('',#1113,#1112,#955,.T.);
#1375=EDGE_CURVE('',#1113,#1114,#521,.T.);
#1376=EDGE_CURVE('',#1114,#1115,#522,.T.);
#1377=EDGE_CURVE('',#1115,#1116,#523,.T.);
#1378=EDGE_CURVE('',#1116,#1117,#524,.T.);
#1379=EDGE_CURVE('',#1117,#1118,#525,.T.);
#1380=EDGE_CURVE('',#1119,#1118,#956,.T.);
#1381=EDGE_CURVE('',#1119,#1120,#526,.T.);
#1382=EDGE_CURVE('',#1121,#1120,#957,.T.);
#1383=EDGE_CURVE('',#1121,#1122,#527,.T.);
#1384=EDGE_CURVE('',#1123,#1122,#958,.T.);
#1385=EDGE_CURVE('',#1123,#1124,#528,.T.);
#1386=EDGE_CURVE('',#1102,#1124,#959,.T.);
#1387=EDGE_CURVE('',#1125,#1125,#960,.T.);
#1388=EDGE_CURVE('',#1126,#1126,#961,.T.);
#1389=EDGE_CURVE('',#1127,#1127,#962,.T.);
#1390=EDGE_CURVE('',#1128,#1128,#963,.T.);
#1391=EDGE_CURVE('',#1104,#1129,#529,.T.);
#1392=EDGE_CURVE('',#1129,#1130,#964,.T.);
#1393=EDGE_CURVE('',#1130,#1105,#530,.T.);
#1394=EDGE_CURVE('',#1131,#1130,#531,.T.);
#1395=EDGE_CURVE('',#1106,#1131,#532,.T.);
#1396=EDGE_CURVE('',#1132,#1103,#965,.T.);
#1397=EDGE_CURVE('',#1075,#1132,#533,.T.);
#1398=EDGE_CURVE('',#1131,#1083,#966,.T.);
#1399=EDGE_CURVE('',#1129,#1101,#534,.T.);
#1400=EDGE_CURVE('',#1133,#1133,#967,.T.);
#1401=EDGE_CURVE('',#1134,#1134,#968,.T.);
#1402=EDGE_CURVE('',#1135,#1135,#969,.T.);
#1403=EDGE_CURVE('',#1136,#1136,#970,.T.);
#1404=EDGE_CURVE('',#1137,#1137,#971,.T.);
#1405=EDGE_CURVE('',#1082,#1138,#972,.F.);
#1406=EDGE_CURVE('',#1138,#1107,#535,.T.);
#1407=EDGE_CURVE('',#1124,#1139,#536,.T.);
#1408=EDGE_CURVE('',#1140,#1139,#973,.T.);
#1409=EDGE_CURVE('',#1140,#1132,#537,.F.);
#1410=EDGE_CURVE('',#1141,#1123,#538,.T.);
#1411=EDGE_CURVE('',#1139,#1141,#539,.T.);
#1412=EDGE_CURVE('',#1142,#1142,#974,.T.);
#1413=EDGE_CURVE('',#1142,#1143,#540,.T.);
#1414=EDGE_CURVE('',#1143,#1143,#975,.T.);
#1415=EDGE_CURVE('',#1144,#1144,#976,.T.);
#1416=EDGE_CURVE('',#1144,#1145,#541,.T.);
#1417=EDGE_CURVE('',#1145,#1145,#977,.T.);
#1418=EDGE_CURVE('',#1146,#1146,#978,.T.);
#1419=EDGE_CURVE('',#1146,#1147,#542,.T.);
#1420=EDGE_CURVE('',#1147,#1147,#979,.T.);
#1421=EDGE_CURVE('',#1148,#1148,#980,.T.);
#1422=EDGE_CURVE('',#1148,#1149,#543,.T.);
#1423=EDGE_CURVE('',#1149,#1149,#981,.T.);
#1424=EDGE_CURVE('',#1150,#1151,#982,.T.);
#1425=EDGE_CURVE('',#1151,#1152,#544,.T.);
#1426=EDGE_CURVE('',#1152,#1153,#983,.T.);
#1427=EDGE_CURVE('',#1153,#1154,#545,.T.);
#1428=EDGE_CURVE('',#1155,#1154,#984,.F.);
#1429=EDGE_CURVE('',#1155,#1156,#546,.T.);
#1430=EDGE_CURVE('',#1156,#1157,#985,.T.);
#1431=EDGE_CURVE('',#1157,#1138,#547,.T.);
#1432=EDGE_CURVE('',#1072,#1140,#548,.T.);
#1433=EDGE_CURVE('',#1141,#1158,#986,.T.);
#1434=EDGE_CURVE('',#1158,#1159,#549,.T.);
#1435=EDGE_CURVE('',#1159,#1160,#987,.T.);
#1436=EDGE_CURVE('',#1160,#1150,#550,.T.);
#1437=EDGE_CURVE('',#1161,#1161,#988,.T.);
#1438=EDGE_CURVE('',#1162,#1162,#989,.T.);
#1439=EDGE_CURVE('',#1162,#1163,#551,.T.);
#1440=EDGE_CURVE('',#1163,#1163,#990,.T.);
#1441=EDGE_CURVE('',#1164,#1165,#552,.T.);
#1442=EDGE_CURVE('',#1166,#1164,#553,.T.);
#1443=EDGE_CURVE('',#1167,#1166,#554,.T.);
#1444=EDGE_CURVE('',#1165,#1167,#555,.T.);
#1445=EDGE_CURVE('',#1071,#1162,#556,.T.);
#1446=EDGE_CURVE('',#1116,#1166,#557,.T.);
#1447=EDGE_CURVE('',#1117,#1164,#558,.T.);
#1448=EDGE_CURVE('',#1115,#1167,#559,.T.);
#1449=EDGE_CURVE('',#1165,#1114,#560,.T.);
#1450=EDGE_CURVE('',#1152,#1113,#561,.T.);
#1451=EDGE_CURVE('',#1118,#1151,#562,.T.);
#1452=EDGE_CURVE('',#1128,#1133,#563,.T.);
#1453=EDGE_CURVE('',#1127,#1134,#564,.T.);
#1454=EDGE_CURVE('',#1126,#1135,#565,.T.);
#1455=EDGE_CURVE('',#1125,#1136,#566,.T.);
#1456=EDGE_CURVE('',#1161,#1168,#567,.T.);
#1457=EDGE_CURVE('',#1168,#1168,#991,.T.);
#1458=EDGE_CURVE('',#1169,#1169,#992,.T.);
#1459=EDGE_CURVE('',#1150,#1119,#568,.T.);
#1460=EDGE_CURVE('',#1112,#1153,#569,.T.);
#1461=EDGE_CURVE('',#1156,#1109,#570,.T.);
#1462=EDGE_CURVE('',#1108,#1157,#571,.T.);
#1463=EDGE_CURVE('',#1110,#1155,#572,.T.);
#1464=EDGE_CURVE('',#1122,#1158,#573,.T.);
#1465=EDGE_CURVE('',#1159,#1121,#574,.T.);
#1466=EDGE_CURVE('',#1154,#1111,#575,.T.);
#1467=EDGE_CURVE('',#1120,#1160,#576,.T.);
#1468=EDGE_CURVE('',#1137,#1169,#577,.T.);
#1469=EDGE_CURVE('',#1170,#1171,#993,.T.);
#1470=EDGE_CURVE('',#1172,#1170,#578,.T.);
#1471=EDGE_CURVE('',#1173,#1172,#994,.T.);
#1472=EDGE_CURVE('',#1174,#1173,#579,.T.);
#1473=EDGE_CURVE('',#1175,#1174,#580,.T.);
#1474=EDGE_CURVE('',#1176,#1175,#995,.T.);
#1475=EDGE_CURVE('',#1177,#1176,#996,.T.);
#1476=EDGE_CURVE('',#1178,#1177,#997,.T.);
#1477=EDGE_CURVE('',#1171,#1178,#581,.T.);
#1478=EDGE_CURVE('',#1179,#1179,#998,.T.);
#1479=EDGE_CURVE('',#1179,#1180,#582,.T.);
#1480=EDGE_CURVE('',#1180,#1180,#999,.T.);
#1481=EDGE_CURVE('',#1174,#1181,#583,.T.);
#1482=EDGE_CURVE('',#1181,#1182,#584,.T.);
#1483=EDGE_CURVE('',#1182,#1175,#585,.T.);
#1484=EDGE_CURVE('',#1182,#1183,#1000,.T.);
#1485=EDGE_CURVE('',#1183,#1176,#586,.T.);
#1486=EDGE_CURVE('',#1183,#1184,#1001,.T.);
#1487=EDGE_CURVE('',#1184,#1177,#587,.T.);
#1488=EDGE_CURVE('',#1184,#1185,#1002,.T.);
#1489=EDGE_CURVE('',#1185,#1178,#588,.T.);
#1490=EDGE_CURVE('',#1171,#1186,#589,.T.);
#1491=EDGE_CURVE('',#1185,#1186,#590,.T.);
#1492=EDGE_CURVE('',#1181,#1187,#591,.T.);
#1493=EDGE_CURVE('',#1187,#1188,#592,.T.);
#1494=EDGE_CURVE('',#1189,#1188,#1003,.T.);
#1495=EDGE_CURVE('',#1189,#1190,#593,.T.);
#1496=EDGE_CURVE('',#1191,#1190,#1004,.T.);
#1497=EDGE_CURVE('',#1191,#1192,#594,.T.);
#1498=EDGE_CURVE('',#1192,#1193,#595,.T.);
#1499=EDGE_CURVE('',#1193,#1194,#596,.T.);
#1500=EDGE_CURVE('',#1194,#1195,#1005,.T.);
#1501=EDGE_CURVE('',#1195,#1196,#1006,.T.);
#1502=EDGE_CURVE('',#1196,#1197,#1007,.T.);
#1503=EDGE_CURVE('',#1197,#1198,#597,.T.);
#1504=EDGE_CURVE('',#1198,#1199,#1008,.T.);
#1505=EDGE_CURVE('',#1199,#1200,#598,.T.);
#1506=EDGE_CURVE('',#1200,#1201,#1009,.T.);
#1507=EDGE_CURVE('',#1201,#1202,#599,.T.);
#1508=EDGE_CURVE('',#1202,#1203,#1010,.T.);
#1509=EDGE_CURVE('',#1203,#1204,#600,.T.);
#1510=EDGE_CURVE('',#1204,#1186,#1011,.T.);
#1511=EDGE_CURVE('',#1205,#1205,#1012,.T.);
#1512=EDGE_CURVE('',#1206,#1206,#1013,.T.);
#1513=EDGE_CURVE('',#1207,#1207,#1014,.T.);
#1514=EDGE_CURVE('',#1208,#1208,#1015,.T.);
#1515=EDGE_CURVE('',#1209,#1209,#1016,.T.);
#1516=EDGE_CURVE('',#1210,#1210,#1017,.T.);
#1517=EDGE_CURVE('',#1211,#1173,#601,.T.);
#1518=EDGE_CURVE('',#1211,#1212,#602,.T.);
#1519=EDGE_CURVE('',#1212,#1174,#603,.T.);
#1520=EDGE_CURVE('',#1213,#1172,#604,.T.);
#1521=EDGE_CURVE('',#1213,#1211,#1018,.T.);
#1522=EDGE_CURVE('',#1214,#1214,#1019,.T.);
#1523=EDGE_CURVE('',#1214,#1210,#605,.T.);
#1524=EDGE_CURVE('',#1215,#1193,#606,.T.);
#1525=EDGE_CURVE('',#1216,#1215,#607,.T.);
#1526=EDGE_CURVE('',#1194,#1216,#608,.T.);
#1527=EDGE_CURVE('',#1217,#1216,#1020,.T.);
#1528=EDGE_CURVE('',#1195,#1217,#609,.T.);
#1529=EDGE_CURVE('',#1218,#1217,#1021,.T.);
#1530=EDGE_CURVE('',#1196,#1218,#610,.T.);
#1531=EDGE_CURVE('',#1219,#1218,#1022,.T.);
#1532=EDGE_CURVE('',#1197,#1219,#611,.T.);
#1533=EDGE_CURVE('',#1220,#1219,#612,.T.);
#1534=EDGE_CURVE('',#1198,#1220,#613,.T.);
#1535=EDGE_CURVE('',#1221,#1222,#1023,.T.);
#1536=EDGE_CURVE('',#1223,#1221,#614,.T.);
#1537=EDGE_CURVE('',#1220,#1223,#1024,.T.);
#1538=EDGE_CURVE('',#1222,#1215,#615,.T.);
#1539=EDGE_CURVE('',#1224,#1223,#616,.T.);
#1540=EDGE_CURVE('',#1224,#1225,#1025,.T.);
#1541=EDGE_CURVE('',#1225,#1199,#617,.T.);
#1542=EDGE_CURVE('',#1226,#1221,#618,.T.);
#1543=EDGE_CURVE('',#1226,#1224,#619,.T.);
#1544=EDGE_CURVE('',#1209,#1227,#620,.T.);
#1545=EDGE_CURVE('',#1227,#1227,#1026,.T.);
#1546=EDGE_CURVE('',#1228,#1228,#1027,.T.);
#1547=EDGE_CURVE('',#1229,#1230,#621,.T.);
#1548=EDGE_CURVE('',#1229,#1231,#622,.T.);
#1549=EDGE_CURVE('',#1232,#1231,#623,.T.);
#1550=EDGE_CURVE('',#1230,#1232,#624,.T.);
#1551=EDGE_CURVE('',#1233,#1234,#625,.T.);
#1552=EDGE_CURVE('',#1235,#1233,#626,.T.);
#1553=EDGE_CURVE('',#1236,#1235,#627,.T.);
#1554=EDGE_CURVE('',#1234,#1236,#628,.T.);
#1555=EDGE_CURVE('',#1234,#1237,#629,.T.);
#1556=EDGE_CURVE('',#1237,#1236,#630,.T.);
#1557=EDGE_CURVE('',#1238,#1229,#631,.T.);
#1558=EDGE_CURVE('',#1231,#1238,#632,.T.);
#1559=EDGE_CURVE('',#1230,#1239,#633,.T.);
#1560=EDGE_CURVE('',#1240,#1239,#634,.T.);
#1561=EDGE_CURVE('',#1241,#1240,#23,.T.);
#1562=EDGE_CURVE('',#1238,#1241,#635,.T.);
#1563=EDGE_CURVE('',#1242,#1233,#636,.T.);
#1564=EDGE_CURVE('',#1243,#1242,#637,.T.);
#1565=EDGE_CURVE('',#1244,#1243,#638,.T.);
#1566=EDGE_CURVE('',#1245,#1244,#639,.T.);
#1567=EDGE_CURVE('',#1245,#1187,#640,.T.);
#1568=EDGE_CURVE('',#1212,#1235,#641,.T.);
#1569=EDGE_CURVE('',#1246,#1237,#642,.T.);
#1570=EDGE_CURVE('',#1246,#1247,#24,.T.);
#1571=EDGE_CURVE('',#1242,#1247,#643,.T.);
#1572=EDGE_CURVE('',#1248,#1249,#644,.T.);
#1573=EDGE_CURVE('',#1248,#1250,#645,.T.);
#1574=EDGE_CURVE('',#1251,#1250,#646,.T.);
#1575=EDGE_CURVE('',#1249,#1251,#647,.T.);
#1576=EDGE_CURVE('',#1252,#1253,#648,.T.);
#1577=EDGE_CURVE('',#1252,#1254,#649,.T.);
#1578=EDGE_CURVE('',#1255,#1254,#650,.T.);
#1579=EDGE_CURVE('',#1253,#1255,#651,.T.);
#1580=EDGE_CURVE('',#1253,#1248,#652,.T.);
#1581=EDGE_CURVE('',#1250,#1255,#653,.T.);
#1582=EDGE_CURVE('',#1254,#1251,#654,.T.);
#1583=EDGE_CURVE('',#1244,#1256,#655,.T.);
#1584=EDGE_CURVE('',#1256,#1257,#1028,.T.);
#1585=EDGE_CURVE('',#1257,#1258,#656,.T.);
#1586=EDGE_CURVE('',#1258,#1259,#657,.T.);
#1587=EDGE_CURVE('',#1259,#1260,#658,.T.);
#1588=EDGE_CURVE('',#1252,#1260,#1029,.T.);
#1589=EDGE_CURVE('',#1261,#1249,#1030,.T.);
#1590=EDGE_CURVE('',#1261,#1245,#659,.T.);
#1591=EDGE_CURVE('',#1262,#1262,#1031,.T.);
#1592=EDGE_CURVE('',#1249,#1189,#660,.T.);
#1593=EDGE_CURVE('',#1188,#1261,#661,.T.);
#1594=EDGE_CURVE('',#1190,#1252,#662,.T.);
#1595=EDGE_CURVE('',#1260,#1191,#663,.T.);
#1596=EDGE_CURVE('',#1259,#1192,#664,.T.);
#1597=EDGE_CURVE('',#1263,#1243,#665,.T.);
#1598=EDGE_CURVE('',#1247,#1263,#666,.T.);
#1599=EDGE_CURVE('',#1256,#1263,#25,.T.);
#1600=EDGE_CURVE('',#1241,#1246,#1032,.T.);
#1601=EDGE_CURVE('',#1264,#1213,#667,.T.);
#1602=EDGE_CURVE('',#1265,#1264,#1033,.T.);
#1603=EDGE_CURVE('',#1266,#1265,#668,.T.);
#1604=EDGE_CURVE('',#1267,#1266,#1034,.T.);
#1605=EDGE_CURVE('',#1268,#1267,#669,.T.);
#1606=EDGE_CURVE('',#1269,#1268,#1035,.T.);
#1607=EDGE_CURVE('',#1225,#1269,#670,.T.);
#1608=EDGE_CURVE('',#1270,#1226,#1036,.T.);
#1609=EDGE_CURVE('',#1271,#1270,#671,.T.);
#1610=EDGE_CURVE('',#1232,#1271,#672,.T.);
#1611=EDGE_CURVE('',#1272,#1272,#1037,.T.);
#1612=EDGE_CURVE('',#1273,#1273,#1038,.T.);
#1613=EDGE_CURVE('',#1274,#1274,#1039,.T.);
#1614=EDGE_CURVE('',#1275,#1275,#1040,.T.);
#1615=EDGE_CURVE('',#1239,#1276,#673,.T.);
#1616=EDGE_CURVE('',#1276,#1277,#674,.T.);
#1617=EDGE_CURVE('',#1240,#1277,#675,.T.);
#1618=EDGE_CURVE('',#1276,#1258,#676,.T.);
#1619=EDGE_CURVE('',#1257,#1277,#26,.T.);
#1620=EDGE_CURVE('',#1271,#1215,#677,.T.);
#1621=EDGE_CURVE('',#1270,#1222,#678,.T.);
#1622=EDGE_CURVE('',#1277,#1263,#1041,.T.);
#1623=EDGE_CURVE('',#1247,#1240,#1042,.T.);
#1624=EDGE_CURVE('',#1228,#1262,#679,.T.);
#1625=EDGE_CURVE('',#1205,#1275,#680,.T.);
#1626=EDGE_CURVE('',#1206,#1274,#681,.T.);
#1627=EDGE_CURVE('',#1207,#1273,#682,.T.);
#1628=EDGE_CURVE('',#1208,#1272,#683,.T.);
#1629=EDGE_CURVE('',#1264,#1170,#684,.T.);
#1630=EDGE_CURVE('',#1265,#1204,#685,.T.);
#1631=EDGE_CURVE('',#1266,#1203,#686,.T.);
#1632=EDGE_CURVE('',#1267,#1202,#687,.T.);
#1633=EDGE_CURVE('',#1268,#1201,#688,.T.);
#1634=EDGE_CURVE('',#1269,#1200,#689,.T.);
#1635=ORIENTED_EDGE('',*,*,#1278,.F.);
#1636=ORIENTED_EDGE('',*,*,#1279,.T.);
#1637=ORIENTED_EDGE('',*,*,#1280,.T.);
#1638=ORIENTED_EDGE('',*,*,#1279,.F.);
#1639=ORIENTED_EDGE('',*,*,#1281,.F.);
#1640=ORIENTED_EDGE('',*,*,#1282,.T.);
#1641=ORIENTED_EDGE('',*,*,#1283,.T.);
#1642=ORIENTED_EDGE('',*,*,#1282,.F.);
#1643=ORIENTED_EDGE('',*,*,#1284,.F.);
#1644=ORIENTED_EDGE('',*,*,#1285,.T.);
#1645=ORIENTED_EDGE('',*,*,#1286,.T.);
#1646=ORIENTED_EDGE('',*,*,#1285,.F.);
#1647=ORIENTED_EDGE('',*,*,#1287,.F.);
#1648=ORIENTED_EDGE('',*,*,#1288,.T.);
#1649=ORIENTED_EDGE('',*,*,#1289,.T.);
#1650=ORIENTED_EDGE('',*,*,#1288,.F.);
#1651=ORIENTED_EDGE('',*,*,#1290,.F.);
#1652=ORIENTED_EDGE('',*,*,#1291,.T.);
#1653=ORIENTED_EDGE('',*,*,#1292,.T.);
#1654=ORIENTED_EDGE('',*,*,#1291,.F.);
#1655=ORIENTED_EDGE('',*,*,#1293,.T.);
#1656=ORIENTED_EDGE('',*,*,#1294,.T.);
#1657=ORIENTED_EDGE('',*,*,#1295,.F.);
#1658=ORIENTED_EDGE('',*,*,#1296,.F.);
#1659=ORIENTED_EDGE('',*,*,#1297,.T.);
#1660=ORIENTED_EDGE('',*,*,#1296,.T.);
#1661=ORIENTED_EDGE('',*,*,#1298,.F.);
#1662=ORIENTED_EDGE('',*,*,#1299,.F.);
#1663=ORIENTED_EDGE('',*,*,#1300,.T.);
#1664=ORIENTED_EDGE('',*,*,#1299,.T.);
#1665=ORIENTED_EDGE('',*,*,#1301,.F.);
#1666=ORIENTED_EDGE('',*,*,#1302,.F.);
#1667=ORIENTED_EDGE('',*,*,#1303,.T.);
#1668=ORIENTED_EDGE('',*,*,#1302,.T.);
#1669=ORIENTED_EDGE('',*,*,#1304,.F.);
#1670=ORIENTED_EDGE('',*,*,#1305,.F.);
#1671=ORIENTED_EDGE('',*,*,#1306,.T.);
#1672=ORIENTED_EDGE('',*,*,#1305,.T.);
#1673=ORIENTED_EDGE('',*,*,#1307,.F.);
#1674=ORIENTED_EDGE('',*,*,#1308,.F.);
#1675=ORIENTED_EDGE('',*,*,#1309,.T.);
#1676=ORIENTED_EDGE('',*,*,#1308,.T.);
#1677=ORIENTED_EDGE('',*,*,#1310,.F.);
#1678=ORIENTED_EDGE('',*,*,#1311,.F.);
#1679=ORIENTED_EDGE('',*,*,#1312,.T.);
#1680=ORIENTED_EDGE('',*,*,#1311,.T.);
#1681=ORIENTED_EDGE('',*,*,#1313,.F.);
#1682=ORIENTED_EDGE('',*,*,#1314,.F.);
#1683=ORIENTED_EDGE('',*,*,#1315,.T.);
#1684=ORIENTED_EDGE('',*,*,#1314,.T.);
#1685=ORIENTED_EDGE('',*,*,#1316,.F.);
#1686=ORIENTED_EDGE('',*,*,#1294,.F.);
#1687=ORIENTED_EDGE('',*,*,#1316,.T.);
#1688=ORIENTED_EDGE('',*,*,#1313,.T.);
#1689=ORIENTED_EDGE('',*,*,#1310,.T.);
#1690=ORIENTED_EDGE('',*,*,#1307,.T.);
#1691=ORIENTED_EDGE('',*,*,#1304,.T.);
#1692=ORIENTED_EDGE('',*,*,#1301,.T.);
#1693=ORIENTED_EDGE('',*,*,#1298,.T.);
#1694=ORIENTED_EDGE('',*,*,#1295,.T.);
#1695=ORIENTED_EDGE('',*,*,#1290,.T.);
#1696=ORIENTED_EDGE('',*,*,#1287,.T.);
#1697=ORIENTED_EDGE('',*,*,#1284,.T.);
#1698=ORIENTED_EDGE('',*,*,#1281,.T.);
#1699=ORIENTED_EDGE('',*,*,#1278,.T.);
#1700=ORIENTED_EDGE('',*,*,#1315,.F.);
#1701=ORIENTED_EDGE('',*,*,#1293,.F.);
#1702=ORIENTED_EDGE('',*,*,#1297,.F.);
#1703=ORIENTED_EDGE('',*,*,#1300,.F.);
#1704=ORIENTED_EDGE('',*,*,#1303,.F.);
#1705=ORIENTED_EDGE('',*,*,#1306,.F.);
#1706=ORIENTED_EDGE('',*,*,#1309,.F.);
#1707=ORIENTED_EDGE('',*,*,#1312,.F.);
#1708=ORIENTED_EDGE('',*,*,#1292,.F.);
#1709=ORIENTED_EDGE('',*,*,#1289,.F.);
#1710=ORIENTED_EDGE('',*,*,#1286,.F.);
#1711=ORIENTED_EDGE('',*,*,#1283,.F.);
#1712=ORIENTED_EDGE('',*,*,#1280,.F.);
#1713=ORIENTED_EDGE('',*,*,#1317,.F.);
#1714=ORIENTED_EDGE('',*,*,#1318,.T.);
#1715=ORIENTED_EDGE('',*,*,#1319,.T.);
#1716=ORIENTED_EDGE('',*,*,#1318,.F.);
#1717=ORIENTED_EDGE('',*,*,#1319,.F.);
#1718=ORIENTED_EDGE('',*,*,#1320,.F.);
#1719=ORIENTED_EDGE('',*,*,#1321,.T.);
#1720=ORIENTED_EDGE('',*,*,#1322,.T.);
#1721=ORIENTED_EDGE('',*,*,#1323,.T.);
#1722=ORIENTED_EDGE('',*,*,#1324,.T.);
#1723=ORIENTED_EDGE('',*,*,#1322,.F.);
#1724=ORIENTED_EDGE('',*,*,#1325,.F.);
#1725=ORIENTED_EDGE('',*,*,#1326,.F.);
#1726=ORIENTED_EDGE('',*,*,#1327,.F.);
#1727=ORIENTED_EDGE('',*,*,#1328,.T.);
#1728=ORIENTED_EDGE('',*,*,#1329,.T.);
#1729=ORIENTED_EDGE('',*,*,#1330,.T.);
#1730=ORIENTED_EDGE('',*,*,#1331,.T.);
#1731=ORIENTED_EDGE('',*,*,#1329,.F.);
#1732=ORIENTED_EDGE('',*,*,#1332,.F.);
#1733=ORIENTED_EDGE('',*,*,#1333,.T.);
#1734=ORIENTED_EDGE('',*,*,#1334,.F.);
#1735=ORIENTED_EDGE('',*,*,#1335,.T.);
#1736=ORIENTED_EDGE('',*,*,#1336,.T.);
#1737=ORIENTED_EDGE('',*,*,#1337,.T.);
#1738=ORIENTED_EDGE('',*,*,#1326,.T.);
#1739=ORIENTED_EDGE('',*,*,#1336,.F.);
#1740=ORIENTED_EDGE('',*,*,#1338,.F.);
#1741=ORIENTED_EDGE('',*,*,#1339,.F.);
#1742=ORIENTED_EDGE('',*,*,#1340,.F.);
#1743=ORIENTED_EDGE('',*,*,#1341,.T.);
#1744=ORIENTED_EDGE('',*,*,#1342,.T.);
#1745=ORIENTED_EDGE('',*,*,#1343,.T.);
#1746=ORIENTED_EDGE('',*,*,#1344,.T.);
#1747=ORIENTED_EDGE('',*,*,#1331,.F.);
#1748=ORIENTED_EDGE('',*,*,#1345,.F.);
#1749=ORIENTED_EDGE('',*,*,#1342,.F.);
#1750=ORIENTED_EDGE('',*,*,#1346,.F.);
#1751=ORIENTED_EDGE('',*,*,#1347,.T.);
#1752=ORIENTED_EDGE('',*,*,#1348,.T.);
#1753=ORIENTED_EDGE('',*,*,#1349,.T.);
#1754=ORIENTED_EDGE('',*,*,#1339,.T.);
#1755=ORIENTED_EDGE('',*,*,#1348,.F.);
#1756=ORIENTED_EDGE('',*,*,#1350,.F.);
#1757=ORIENTED_EDGE('',*,*,#1351,.F.);
#1758=ORIENTED_EDGE('',*,*,#1352,.F.);
#1759=ORIENTED_EDGE('',*,*,#1353,.T.);
#1760=ORIENTED_EDGE('',*,*,#1354,.T.);
#1761=ORIENTED_EDGE('',*,*,#1355,.T.);
#1762=ORIENTED_EDGE('',*,*,#1351,.T.);
#1763=ORIENTED_EDGE('',*,*,#1344,.F.);
#1764=ORIENTED_EDGE('',*,*,#1356,.F.);
#1765=ORIENTED_EDGE('',*,*,#1354,.F.);
#1766=ORIENTED_EDGE('',*,*,#1357,.F.);
#1767=ORIENTED_EDGE('',*,*,#1358,.T.);
#1768=ORIENTED_EDGE('',*,*,#1359,.T.);
#1769=ORIENTED_EDGE('',*,*,#1360,.T.);
#1770=ORIENTED_EDGE('',*,*,#1361,.T.);
#1771=ORIENTED_EDGE('',*,*,#1359,.F.);
#1772=ORIENTED_EDGE('',*,*,#1362,.F.);
#1773=ORIENTED_EDGE('',*,*,#1363,.F.);
#1774=ORIENTED_EDGE('',*,*,#1364,.F.);
#1775=ORIENTED_EDGE('',*,*,#1358,.F.);
#1776=ORIENTED_EDGE('',*,*,#1365,.T.);
#1777=ORIENTED_EDGE('',*,*,#1366,.F.);
#1778=ORIENTED_EDGE('',*,*,#1367,.T.);
#1779=ORIENTED_EDGE('',*,*,#1368,.F.);
#1780=ORIENTED_EDGE('',*,*,#1369,.T.);
#1781=ORIENTED_EDGE('',*,*,#1370,.F.);
#1782=ORIENTED_EDGE('',*,*,#1371,.T.);
#1783=ORIENTED_EDGE('',*,*,#1372,.F.);
#1784=ORIENTED_EDGE('',*,*,#1373,.T.);
#1785=ORIENTED_EDGE('',*,*,#1374,.F.);
#1786=ORIENTED_EDGE('',*,*,#1375,.T.);
#1787=ORIENTED_EDGE('',*,*,#1376,.T.);
#1788=ORIENTED_EDGE('',*,*,#1377,.T.);
#1789=ORIENTED_EDGE('',*,*,#1378,.T.);
#1790=ORIENTED_EDGE('',*,*,#1379,.T.);
#1791=ORIENTED_EDGE('',*,*,#1380,.F.);
#1792=ORIENTED_EDGE('',*,*,#1381,.T.);
#1793=ORIENTED_EDGE('',*,*,#1382,.F.);
#1794=ORIENTED_EDGE('',*,*,#1383,.T.);
#1795=ORIENTED_EDGE('',*,*,#1384,.F.);
#1796=ORIENTED_EDGE('',*,*,#1385,.T.);
#1797=ORIENTED_EDGE('',*,*,#1386,.F.);
#1798=ORIENTED_EDGE('',*,*,#1362,.T.);
#1799=ORIENTED_EDGE('',*,*,#1387,.T.);
#1800=ORIENTED_EDGE('',*,*,#1388,.T.);
#1801=ORIENTED_EDGE('',*,*,#1389,.T.);
#1802=ORIENTED_EDGE('',*,*,#1390,.T.);
#1803=ORIENTED_EDGE('',*,*,#1366,.T.);
#1804=ORIENTED_EDGE('',*,*,#1391,.T.);
#1805=ORIENTED_EDGE('',*,*,#1392,.T.);
#1806=ORIENTED_EDGE('',*,*,#1393,.T.);
#1807=ORIENTED_EDGE('',*,*,#1393,.F.);
#1808=ORIENTED_EDGE('',*,*,#1394,.F.);
#1809=ORIENTED_EDGE('',*,*,#1395,.F.);
#1810=ORIENTED_EDGE('',*,*,#1367,.F.);
#1811=ORIENTED_EDGE('',*,*,#1360,.F.);
#1812=ORIENTED_EDGE('',*,*,#1364,.T.);
#1813=ORIENTED_EDGE('',*,*,#1396,.F.);
#1814=ORIENTED_EDGE('',*,*,#1397,.F.);
#1815=ORIENTED_EDGE('',*,*,#1323,.F.);
#1816=ORIENTED_EDGE('',*,*,#1327,.T.);
#1817=ORIENTED_EDGE('',*,*,#1337,.F.);
#1818=ORIENTED_EDGE('',*,*,#1340,.T.);
#1819=ORIENTED_EDGE('',*,*,#1349,.F.);
#1820=ORIENTED_EDGE('',*,*,#1352,.T.);
#1821=ORIENTED_EDGE('',*,*,#1355,.F.);
#1822=ORIENTED_EDGE('',*,*,#1356,.T.);
#1823=ORIENTED_EDGE('',*,*,#1343,.F.);
#1824=ORIENTED_EDGE('',*,*,#1345,.T.);
#1825=ORIENTED_EDGE('',*,*,#1330,.F.);
#1826=ORIENTED_EDGE('',*,*,#1334,.T.);
#1827=ORIENTED_EDGE('',*,*,#1398,.F.);
#1828=ORIENTED_EDGE('',*,*,#1394,.T.);
#1829=ORIENTED_EDGE('',*,*,#1392,.F.);
#1830=ORIENTED_EDGE('',*,*,#1399,.T.);
#1831=ORIENTED_EDGE('',*,*,#1317,.T.);
#1832=ORIENTED_EDGE('',*,*,#1400,.T.);
#1833=ORIENTED_EDGE('',*,*,#1401,.T.);
#1834=ORIENTED_EDGE('',*,*,#1402,.T.);
#1835=ORIENTED_EDGE('',*,*,#1403,.T.);
#1836=ORIENTED_EDGE('',*,*,#1404,.T.);
#1837=ORIENTED_EDGE('',*,*,#1368,.T.);
#1838=ORIENTED_EDGE('',*,*,#1395,.T.);
#1839=ORIENTED_EDGE('',*,*,#1398,.T.);
#1840=ORIENTED_EDGE('',*,*,#1333,.F.);
#1841=ORIENTED_EDGE('',*,*,#1405,.T.);
#1842=ORIENTED_EDGE('',*,*,#1406,.T.);
#1843=ORIENTED_EDGE('',*,*,#1386,.T.);
#1844=ORIENTED_EDGE('',*,*,#1407,.T.);
#1845=ORIENTED_EDGE('',*,*,#1408,.F.);
#1846=ORIENTED_EDGE('',*,*,#1409,.T.);
#1847=ORIENTED_EDGE('',*,*,#1396,.T.);
#1848=ORIENTED_EDGE('',*,*,#1363,.T.);
#1849=ORIENTED_EDGE('',*,*,#1407,.F.);
#1850=ORIENTED_EDGE('',*,*,#1385,.F.);
#1851=ORIENTED_EDGE('',*,*,#1410,.F.);
#1852=ORIENTED_EDGE('',*,*,#1411,.F.);
#1853=ORIENTED_EDGE('',*,*,#1412,.F.);
#1854=ORIENTED_EDGE('',*,*,#1413,.T.);
#1855=ORIENTED_EDGE('',*,*,#1414,.F.);
#1856=ORIENTED_EDGE('',*,*,#1413,.F.);
#1857=ORIENTED_EDGE('',*,*,#1415,.F.);
#1858=ORIENTED_EDGE('',*,*,#1416,.T.);
#1859=ORIENTED_EDGE('',*,*,#1417,.F.);
#1860=ORIENTED_EDGE('',*,*,#1416,.F.);
#1861=ORIENTED_EDGE('',*,*,#1415,.T.);
#1862=ORIENTED_EDGE('',*,*,#1412,.T.);
#1863=ORIENTED_EDGE('',*,*,#1418,.F.);
#1864=ORIENTED_EDGE('',*,*,#1419,.T.);
#1865=ORIENTED_EDGE('',*,*,#1420,.F.);
#1866=ORIENTED_EDGE('',*,*,#1419,.F.);
#1867=ORIENTED_EDGE('',*,*,#1421,.F.);
#1868=ORIENTED_EDGE('',*,*,#1422,.T.);
#1869=ORIENTED_EDGE('',*,*,#1423,.F.);
#1870=ORIENTED_EDGE('',*,*,#1422,.F.);
#1871=ORIENTED_EDGE('',*,*,#1421,.T.);
#1872=ORIENTED_EDGE('',*,*,#1418,.T.);
#1873=ORIENTED_EDGE('',*,*,#1424,.T.);
#1874=ORIENTED_EDGE('',*,*,#1425,.T.);
#1875=ORIENTED_EDGE('',*,*,#1426,.T.);
#1876=ORIENTED_EDGE('',*,*,#1427,.T.);
#1877=ORIENTED_EDGE('',*,*,#1428,.F.);
#1878=ORIENTED_EDGE('',*,*,#1429,.T.);
#1879=ORIENTED_EDGE('',*,*,#1430,.T.);
#1880=ORIENTED_EDGE('',*,*,#1431,.T.);
#1881=ORIENTED_EDGE('',*,*,#1405,.F.);
#1882=ORIENTED_EDGE('',*,*,#1332,.T.);
#1883=ORIENTED_EDGE('',*,*,#1328,.F.);
#1884=ORIENTED_EDGE('',*,*,#1346,.T.);
#1885=ORIENTED_EDGE('',*,*,#1341,.F.);
#1886=ORIENTED_EDGE('',*,*,#1357,.T.);
#1887=ORIENTED_EDGE('',*,*,#1353,.F.);
#1888=ORIENTED_EDGE('',*,*,#1350,.T.);
#1889=ORIENTED_EDGE('',*,*,#1347,.F.);
#1890=ORIENTED_EDGE('',*,*,#1338,.T.);
#1891=ORIENTED_EDGE('',*,*,#1335,.F.);
#1892=ORIENTED_EDGE('',*,*,#1325,.T.);
#1893=ORIENTED_EDGE('',*,*,#1321,.F.);
#1894=ORIENTED_EDGE('',*,*,#1432,.T.);
#1895=ORIENTED_EDGE('',*,*,#1408,.T.);
#1896=ORIENTED_EDGE('',*,*,#1411,.T.);
#1897=ORIENTED_EDGE('',*,*,#1433,.T.);
#1898=ORIENTED_EDGE('',*,*,#1434,.T.);
#1899=ORIENTED_EDGE('',*,*,#1435,.T.);
#1900=ORIENTED_EDGE('',*,*,#1436,.T.);
#1901=ORIENTED_EDGE('',*,*,#1417,.T.);
#1902=ORIENTED_EDGE('',*,*,#1423,.T.);
#1903=ORIENTED_EDGE('',*,*,#1437,.T.);
#1904=ORIENTED_EDGE('',*,*,#1420,.T.);
#1905=ORIENTED_EDGE('',*,*,#1438,.T.);
#1906=ORIENTED_EDGE('',*,*,#1439,.T.);
#1907=ORIENTED_EDGE('',*,*,#1440,.T.);
#1908=ORIENTED_EDGE('',*,*,#1439,.F.);
#1909=ORIENTED_EDGE('',*,*,#1441,.F.);
#1910=ORIENTED_EDGE('',*,*,#1442,.F.);
#1911=ORIENTED_EDGE('',*,*,#1443,.F.);
#1912=ORIENTED_EDGE('',*,*,#1444,.F.);
#1913=ORIENTED_EDGE('',*,*,#1440,.F.);
#1914=ORIENTED_EDGE('',*,*,#1320,.T.);
#1915=ORIENTED_EDGE('',*,*,#1445,.T.);
#1916=ORIENTED_EDGE('',*,*,#1438,.F.);
#1917=ORIENTED_EDGE('',*,*,#1445,.F.);
#1918=ORIENTED_EDGE('',*,*,#1378,.F.);
#1919=ORIENTED_EDGE('',*,*,#1446,.T.);
#1920=ORIENTED_EDGE('',*,*,#1442,.T.);
#1921=ORIENTED_EDGE('',*,*,#1447,.F.);
#1922=ORIENTED_EDGE('',*,*,#1377,.F.);
#1923=ORIENTED_EDGE('',*,*,#1448,.T.);
#1924=ORIENTED_EDGE('',*,*,#1443,.T.);
#1925=ORIENTED_EDGE('',*,*,#1446,.F.);
#1926=ORIENTED_EDGE('',*,*,#1376,.F.);
#1927=ORIENTED_EDGE('',*,*,#1449,.F.);
#1928=ORIENTED_EDGE('',*,*,#1444,.T.);
#1929=ORIENTED_EDGE('',*,*,#1448,.F.);
#1930=ORIENTED_EDGE('',*,*,#1447,.T.);
#1931=ORIENTED_EDGE('',*,*,#1441,.T.);
#1932=ORIENTED_EDGE('',*,*,#1449,.T.);
#1933=ORIENTED_EDGE('',*,*,#1375,.F.);
#1934=ORIENTED_EDGE('',*,*,#1450,.F.);
#1935=ORIENTED_EDGE('',*,*,#1425,.F.);
#1936=ORIENTED_EDGE('',*,*,#1451,.F.);
#1937=ORIENTED_EDGE('',*,*,#1379,.F.);
#1938=ORIENTED_EDGE('',*,*,#1390,.F.);
#1939=ORIENTED_EDGE('',*,*,#1452,.T.);
#1940=ORIENTED_EDGE('',*,*,#1400,.F.);
#1941=ORIENTED_EDGE('',*,*,#1452,.F.);
#1942=ORIENTED_EDGE('',*,*,#1389,.F.);
#1943=ORIENTED_EDGE('',*,*,#1453,.T.);
#1944=ORIENTED_EDGE('',*,*,#1401,.F.);
#1945=ORIENTED_EDGE('',*,*,#1453,.F.);
#1946=ORIENTED_EDGE('',*,*,#1388,.F.);
#1947=ORIENTED_EDGE('',*,*,#1454,.T.);
#1948=ORIENTED_EDGE('',*,*,#1402,.F.);
#1949=ORIENTED_EDGE('',*,*,#1454,.F.);
#1950=ORIENTED_EDGE('',*,*,#1387,.F.);
#1951=ORIENTED_EDGE('',*,*,#1455,.T.);
#1952=ORIENTED_EDGE('',*,*,#1403,.F.);
#1953=ORIENTED_EDGE('',*,*,#1455,.F.);
#1954=ORIENTED_EDGE('',*,*,#1437,.F.);
#1955=ORIENTED_EDGE('',*,*,#1456,.T.);
#1956=ORIENTED_EDGE('',*,*,#1457,.T.);
#1957=ORIENTED_EDGE('',*,*,#1456,.F.);
#1958=ORIENTED_EDGE('',*,*,#1457,.F.);
#1959=ORIENTED_EDGE('',*,*,#1458,.F.);
#1960=ORIENTED_EDGE('',*,*,#1424,.F.);
#1961=ORIENTED_EDGE('',*,*,#1459,.T.);
#1962=ORIENTED_EDGE('',*,*,#1380,.T.);
#1963=ORIENTED_EDGE('',*,*,#1451,.T.);
#1964=ORIENTED_EDGE('',*,*,#1414,.T.);
#1965=ORIENTED_EDGE('',*,*,#1426,.F.);
#1966=ORIENTED_EDGE('',*,*,#1450,.T.);
#1967=ORIENTED_EDGE('',*,*,#1374,.T.);
#1968=ORIENTED_EDGE('',*,*,#1460,.T.);
#1969=ORIENTED_EDGE('',*,*,#1430,.F.);
#1970=ORIENTED_EDGE('',*,*,#1461,.T.);
#1971=ORIENTED_EDGE('',*,*,#1370,.T.);
#1972=ORIENTED_EDGE('',*,*,#1462,.T.);
#1973=ORIENTED_EDGE('',*,*,#1461,.F.);
#1974=ORIENTED_EDGE('',*,*,#1429,.F.);
#1975=ORIENTED_EDGE('',*,*,#1463,.F.);
#1976=ORIENTED_EDGE('',*,*,#1371,.F.);
#1977=ORIENTED_EDGE('',*,*,#1433,.F.);
#1978=ORIENTED_EDGE('',*,*,#1410,.T.);
#1979=ORIENTED_EDGE('',*,*,#1384,.T.);
#1980=ORIENTED_EDGE('',*,*,#1464,.T.);
#1981=ORIENTED_EDGE('',*,*,#1464,.F.);
#1982=ORIENTED_EDGE('',*,*,#1383,.F.);
#1983=ORIENTED_EDGE('',*,*,#1465,.F.);
#1984=ORIENTED_EDGE('',*,*,#1434,.F.);
#1985=ORIENTED_EDGE('',*,*,#1372,.T.);
#1986=ORIENTED_EDGE('',*,*,#1463,.T.);
#1987=ORIENTED_EDGE('',*,*,#1428,.T.);
#1988=ORIENTED_EDGE('',*,*,#1466,.T.);
#1989=ORIENTED_EDGE('',*,*,#1382,.T.);
#1990=ORIENTED_EDGE('',*,*,#1467,.T.);
#1991=ORIENTED_EDGE('',*,*,#1435,.F.);
#1992=ORIENTED_EDGE('',*,*,#1465,.T.);
#1993=ORIENTED_EDGE('',*,*,#1459,.F.);
#1994=ORIENTED_EDGE('',*,*,#1436,.F.);
#1995=ORIENTED_EDGE('',*,*,#1467,.F.);
#1996=ORIENTED_EDGE('',*,*,#1381,.F.);
#1997=ORIENTED_EDGE('',*,*,#1460,.F.);
#1998=ORIENTED_EDGE('',*,*,#1373,.F.);
#1999=ORIENTED_EDGE('',*,*,#1466,.F.);
#2000=ORIENTED_EDGE('',*,*,#1427,.F.);
#2001=ORIENTED_EDGE('',*,*,#1404,.F.);
#2002=ORIENTED_EDGE('',*,*,#1468,.T.);
#2003=ORIENTED_EDGE('',*,*,#1458,.T.);
#2004=ORIENTED_EDGE('',*,*,#1468,.F.);
#2005=ORIENTED_EDGE('',*,*,#1324,.F.);
#2006=ORIENTED_EDGE('',*,*,#1397,.T.);
#2007=ORIENTED_EDGE('',*,*,#1409,.F.);
#2008=ORIENTED_EDGE('',*,*,#1432,.F.);
#2009=ORIENTED_EDGE('',*,*,#1361,.F.);
#2010=ORIENTED_EDGE('',*,*,#1399,.F.);
#2011=ORIENTED_EDGE('',*,*,#1391,.F.);
#2012=ORIENTED_EDGE('',*,*,#1365,.F.);
#2013=ORIENTED_EDGE('',*,*,#1406,.F.);
#2014=ORIENTED_EDGE('',*,*,#1431,.F.);
#2015=ORIENTED_EDGE('',*,*,#1462,.F.);
#2016=ORIENTED_EDGE('',*,*,#1369,.F.);
#2017=ORIENTED_EDGE('',*,*,#1469,.F.);
#2018=ORIENTED_EDGE('',*,*,#1470,.F.);
#2019=ORIENTED_EDGE('',*,*,#1471,.F.);
#2020=ORIENTED_EDGE('',*,*,#1472,.F.);
#2021=ORIENTED_EDGE('',*,*,#1473,.F.);
#2022=ORIENTED_EDGE('',*,*,#1474,.F.);
#2023=ORIENTED_EDGE('',*,*,#1475,.F.);
#2024=ORIENTED_EDGE('',*,*,#1476,.F.);
#2025=ORIENTED_EDGE('',*,*,#1477,.F.);
#2026=ORIENTED_EDGE('',*,*,#1478,.F.);
#2027=ORIENTED_EDGE('',*,*,#1478,.T.);
#2028=ORIENTED_EDGE('',*,*,#1479,.T.);
#2029=ORIENTED_EDGE('',*,*,#1480,.T.);
#2030=ORIENTED_EDGE('',*,*,#1479,.F.);
#2031=ORIENTED_EDGE('',*,*,#1481,.T.);
#2032=ORIENTED_EDGE('',*,*,#1482,.T.);
#2033=ORIENTED_EDGE('',*,*,#1483,.T.);
#2034=ORIENTED_EDGE('',*,*,#1473,.T.);
#2035=ORIENTED_EDGE('',*,*,#1484,.T.);
#2036=ORIENTED_EDGE('',*,*,#1485,.T.);
#2037=ORIENTED_EDGE('',*,*,#1474,.T.);
#2038=ORIENTED_EDGE('',*,*,#1483,.F.);
#2039=ORIENTED_EDGE('',*,*,#1486,.T.);
#2040=ORIENTED_EDGE('',*,*,#1487,.T.);
#2041=ORIENTED_EDGE('',*,*,#1475,.T.);
#2042=ORIENTED_EDGE('',*,*,#1485,.F.);
#2043=ORIENTED_EDGE('',*,*,#1488,.T.);
#2044=ORIENTED_EDGE('',*,*,#1489,.T.);
#2045=ORIENTED_EDGE('',*,*,#1476,.T.);
#2046=ORIENTED_EDGE('',*,*,#1487,.F.);
#2047=ORIENTED_EDGE('',*,*,#1490,.F.);
#2048=ORIENTED_EDGE('',*,*,#1477,.T.);
#2049=ORIENTED_EDGE('',*,*,#1489,.F.);
#2050=ORIENTED_EDGE('',*,*,#1491,.T.);
#2051=ORIENTED_EDGE('',*,*,#1491,.F.);
#2052=ORIENTED_EDGE('',*,*,#1488,.F.);
#2053=ORIENTED_EDGE('',*,*,#1486,.F.);
#2054=ORIENTED_EDGE('',*,*,#1484,.F.);
#2055=ORIENTED_EDGE('',*,*,#1482,.F.);
#2056=ORIENTED_EDGE('',*,*,#1492,.T.);
#2057=ORIENTED_EDGE('',*,*,#1493,.T.);
#2058=ORIENTED_EDGE('',*,*,#1494,.F.);
#2059=ORIENTED_EDGE('',*,*,#1495,.T.);
#2060=ORIENTED_EDGE('',*,*,#1496,.F.);
#2061=ORIENTED_EDGE('',*,*,#1497,.T.);
#2062=ORIENTED_EDGE('',*,*,#1498,.T.);
#2063=ORIENTED_EDGE('',*,*,#1499,.T.);
#2064=ORIENTED_EDGE('',*,*,#1500,.T.);
#2065=ORIENTED_EDGE('',*,*,#1501,.T.);
#2066=ORIENTED_EDGE('',*,*,#1502,.T.);
#2067=ORIENTED_EDGE('',*,*,#1503,.T.);
#2068=ORIENTED_EDGE('',*,*,#1504,.T.);
#2069=ORIENTED_EDGE('',*,*,#1505,.T.);
#2070=ORIENTED_EDGE('',*,*,#1506,.T.);
#2071=ORIENTED_EDGE('',*,*,#1507,.T.);
#2072=ORIENTED_EDGE('',*,*,#1508,.T.);
#2073=ORIENTED_EDGE('',*,*,#1509,.T.);
#2074=ORIENTED_EDGE('',*,*,#1510,.T.);
#2075=ORIENTED_EDGE('',*,*,#1480,.F.);
#2076=ORIENTED_EDGE('',*,*,#1511,.T.);
#2077=ORIENTED_EDGE('',*,*,#1512,.T.);
#2078=ORIENTED_EDGE('',*,*,#1513,.T.);
#2079=ORIENTED_EDGE('',*,*,#1514,.T.);
#2080=ORIENTED_EDGE('',*,*,#1515,.T.);
#2081=ORIENTED_EDGE('',*,*,#1516,.T.);
#2082=ORIENTED_EDGE('',*,*,#1472,.T.);
#2083=ORIENTED_EDGE('',*,*,#1517,.F.);
#2084=ORIENTED_EDGE('',*,*,#1518,.T.);
#2085=ORIENTED_EDGE('',*,*,#1519,.T.);
#2086=ORIENTED_EDGE('',*,*,#1471,.T.);
#2087=ORIENTED_EDGE('',*,*,#1520,.F.);
#2088=ORIENTED_EDGE('',*,*,#1521,.T.);
#2089=ORIENTED_EDGE('',*,*,#1517,.T.);
#2090=ORIENTED_EDGE('',*,*,#1522,.F.);
#2091=ORIENTED_EDGE('',*,*,#1523,.T.);
#2092=ORIENTED_EDGE('',*,*,#1516,.F.);
#2093=ORIENTED_EDGE('',*,*,#1523,.F.);
#2094=ORIENTED_EDGE('',*,*,#1524,.F.);
#2095=ORIENTED_EDGE('',*,*,#1525,.F.);
#2096=ORIENTED_EDGE('',*,*,#1526,.F.);
#2097=ORIENTED_EDGE('',*,*,#1499,.F.);
#2098=ORIENTED_EDGE('',*,*,#1500,.F.);
#2099=ORIENTED_EDGE('',*,*,#1526,.T.);
#2100=ORIENTED_EDGE('',*,*,#1527,.F.);
#2101=ORIENTED_EDGE('',*,*,#1528,.F.);
#2102=ORIENTED_EDGE('',*,*,#1501,.F.);
#2103=ORIENTED_EDGE('',*,*,#1528,.T.);
#2104=ORIENTED_EDGE('',*,*,#1529,.F.);
#2105=ORIENTED_EDGE('',*,*,#1530,.F.);
#2106=ORIENTED_EDGE('',*,*,#1502,.F.);
#2107=ORIENTED_EDGE('',*,*,#1530,.T.);
#2108=ORIENTED_EDGE('',*,*,#1531,.F.);
#2109=ORIENTED_EDGE('',*,*,#1532,.F.);
#2110=ORIENTED_EDGE('',*,*,#1503,.F.);
#2111=ORIENTED_EDGE('',*,*,#1532,.T.);
#2112=ORIENTED_EDGE('',*,*,#1533,.F.);
#2113=ORIENTED_EDGE('',*,*,#1534,.F.);
#2114=ORIENTED_EDGE('',*,*,#1535,.F.);
#2115=ORIENTED_EDGE('',*,*,#1536,.F.);
#2116=ORIENTED_EDGE('',*,*,#1537,.F.);
#2117=ORIENTED_EDGE('',*,*,#1533,.T.);
#2118=ORIENTED_EDGE('',*,*,#1531,.T.);
#2119=ORIENTED_EDGE('',*,*,#1529,.T.);
#2120=ORIENTED_EDGE('',*,*,#1527,.T.);
#2121=ORIENTED_EDGE('',*,*,#1525,.T.);
#2122=ORIENTED_EDGE('',*,*,#1538,.F.);
#2123=ORIENTED_EDGE('',*,*,#1522,.T.);
#2124=ORIENTED_EDGE('',*,*,#1534,.T.);
#2125=ORIENTED_EDGE('',*,*,#1537,.T.);
#2126=ORIENTED_EDGE('',*,*,#1539,.F.);
#2127=ORIENTED_EDGE('',*,*,#1540,.T.);
#2128=ORIENTED_EDGE('',*,*,#1541,.T.);
#2129=ORIENTED_EDGE('',*,*,#1504,.F.);
#2130=ORIENTED_EDGE('',*,*,#1536,.T.);
#2131=ORIENTED_EDGE('',*,*,#1542,.F.);
#2132=ORIENTED_EDGE('',*,*,#1543,.T.);
#2133=ORIENTED_EDGE('',*,*,#1539,.T.);
#2134=ORIENTED_EDGE('',*,*,#1515,.F.);
#2135=ORIENTED_EDGE('',*,*,#1544,.T.);
#2136=ORIENTED_EDGE('',*,*,#1545,.T.);
#2137=ORIENTED_EDGE('',*,*,#1544,.F.);
#2138=ORIENTED_EDGE('',*,*,#1545,.F.);
#2139=ORIENTED_EDGE('',*,*,#1546,.F.);
#2140=ORIENTED_EDGE('',*,*,#1547,.F.);
#2141=ORIENTED_EDGE('',*,*,#1548,.T.);
#2142=ORIENTED_EDGE('',*,*,#1549,.F.);
#2143=ORIENTED_EDGE('',*,*,#1550,.F.);
#2144=ORIENTED_EDGE('',*,*,#1551,.F.);
#2145=ORIENTED_EDGE('',*,*,#1552,.F.);
#2146=ORIENTED_EDGE('',*,*,#1553,.F.);
#2147=ORIENTED_EDGE('',*,*,#1554,.F.);
#2148=ORIENTED_EDGE('',*,*,#1555,.F.);
#2149=ORIENTED_EDGE('',*,*,#1554,.T.);
#2150=ORIENTED_EDGE('',*,*,#1556,.F.);
#2151=ORIENTED_EDGE('',*,*,#1557,.F.);
#2152=ORIENTED_EDGE('',*,*,#1558,.F.);
#2153=ORIENTED_EDGE('',*,*,#1548,.F.);
#2154=ORIENTED_EDGE('',*,*,#1557,.T.);
#2155=ORIENTED_EDGE('',*,*,#1547,.T.);
#2156=ORIENTED_EDGE('',*,*,#1559,.T.);
#2157=ORIENTED_EDGE('',*,*,#1560,.F.);
#2158=ORIENTED_EDGE('',*,*,#1561,.F.);
#2159=ORIENTED_EDGE('',*,*,#1562,.F.);
#2160=ORIENTED_EDGE('',*,*,#1552,.T.);
#2161=ORIENTED_EDGE('',*,*,#1563,.F.);
#2162=ORIENTED_EDGE('',*,*,#1564,.F.);
#2163=ORIENTED_EDGE('',*,*,#1565,.F.);
#2164=ORIENTED_EDGE('',*,*,#1566,.F.);
#2165=ORIENTED_EDGE('',*,*,#1567,.T.);
#2166=ORIENTED_EDGE('',*,*,#1492,.F.);
#2167=ORIENTED_EDGE('',*,*,#1481,.F.);
#2168=ORIENTED_EDGE('',*,*,#1519,.F.);
#2169=ORIENTED_EDGE('',*,*,#1568,.T.);
#2170=ORIENTED_EDGE('',*,*,#1551,.T.);
#2171=ORIENTED_EDGE('',*,*,#1555,.T.);
#2172=ORIENTED_EDGE('',*,*,#1569,.F.);
#2173=ORIENTED_EDGE('',*,*,#1570,.T.);
#2174=ORIENTED_EDGE('',*,*,#1571,.F.);
#2175=ORIENTED_EDGE('',*,*,#1563,.T.);
#2176=ORIENTED_EDGE('',*,*,#1572,.F.);
#2177=ORIENTED_EDGE('',*,*,#1573,.T.);
#2178=ORIENTED_EDGE('',*,*,#1574,.F.);
#2179=ORIENTED_EDGE('',*,*,#1575,.F.);
#2180=ORIENTED_EDGE('',*,*,#1576,.F.);
#2181=ORIENTED_EDGE('',*,*,#1577,.T.);
#2182=ORIENTED_EDGE('',*,*,#1578,.F.);
#2183=ORIENTED_EDGE('',*,*,#1579,.F.);
#2184=ORIENTED_EDGE('',*,*,#1580,.F.);
#2185=ORIENTED_EDGE('',*,*,#1579,.T.);
#2186=ORIENTED_EDGE('',*,*,#1581,.F.);
#2187=ORIENTED_EDGE('',*,*,#1573,.F.);
#2188=ORIENTED_EDGE('',*,*,#1581,.T.);
#2189=ORIENTED_EDGE('',*,*,#1578,.T.);
#2190=ORIENTED_EDGE('',*,*,#1582,.T.);
#2191=ORIENTED_EDGE('',*,*,#1574,.T.);
#2192=ORIENTED_EDGE('',*,*,#1583,.T.);
#2193=ORIENTED_EDGE('',*,*,#1584,.T.);
#2194=ORIENTED_EDGE('',*,*,#1585,.T.);
#2195=ORIENTED_EDGE('',*,*,#1586,.T.);
#2196=ORIENTED_EDGE('',*,*,#1587,.T.);
#2197=ORIENTED_EDGE('',*,*,#1588,.F.);
#2198=ORIENTED_EDGE('',*,*,#1576,.T.);
#2199=ORIENTED_EDGE('',*,*,#1580,.T.);
#2200=ORIENTED_EDGE('',*,*,#1572,.T.);
#2201=ORIENTED_EDGE('',*,*,#1589,.F.);
#2202=ORIENTED_EDGE('',*,*,#1590,.T.);
#2203=ORIENTED_EDGE('',*,*,#1566,.T.);
#2204=ORIENTED_EDGE('',*,*,#1591,.F.);
#2205=ORIENTED_EDGE('',*,*,#1589,.T.);
#2206=ORIENTED_EDGE('',*,*,#1592,.T.);
#2207=ORIENTED_EDGE('',*,*,#1494,.T.);
#2208=ORIENTED_EDGE('',*,*,#1593,.T.);
#2209=ORIENTED_EDGE('',*,*,#1592,.F.);
#2210=ORIENTED_EDGE('',*,*,#1575,.T.);
#2211=ORIENTED_EDGE('',*,*,#1582,.F.);
#2212=ORIENTED_EDGE('',*,*,#1577,.F.);
#2213=ORIENTED_EDGE('',*,*,#1594,.F.);
#2214=ORIENTED_EDGE('',*,*,#1495,.F.);
#2215=ORIENTED_EDGE('',*,*,#1588,.T.);
#2216=ORIENTED_EDGE('',*,*,#1595,.T.);
#2217=ORIENTED_EDGE('',*,*,#1496,.T.);
#2218=ORIENTED_EDGE('',*,*,#1594,.T.);
#2219=ORIENTED_EDGE('',*,*,#1595,.F.);
#2220=ORIENTED_EDGE('',*,*,#1587,.F.);
#2221=ORIENTED_EDGE('',*,*,#1596,.T.);
#2222=ORIENTED_EDGE('',*,*,#1497,.F.);
#2223=ORIENTED_EDGE('',*,*,#1593,.F.);
#2224=ORIENTED_EDGE('',*,*,#1493,.F.);
#2225=ORIENTED_EDGE('',*,*,#1567,.F.);
#2226=ORIENTED_EDGE('',*,*,#1590,.F.);
#2227=ORIENTED_EDGE('',*,*,#1597,.T.);
#2228=ORIENTED_EDGE('',*,*,#1564,.T.);
#2229=ORIENTED_EDGE('',*,*,#1571,.T.);
#2230=ORIENTED_EDGE('',*,*,#1598,.T.);
#2231=ORIENTED_EDGE('',*,*,#1597,.F.);
#2232=ORIENTED_EDGE('',*,*,#1599,.F.);
#2233=ORIENTED_EDGE('',*,*,#1583,.F.);
#2234=ORIENTED_EDGE('',*,*,#1565,.T.);
#2235=ORIENTED_EDGE('',*,*,#1558,.T.);
#2236=ORIENTED_EDGE('',*,*,#1562,.T.);
#2237=ORIENTED_EDGE('',*,*,#1600,.T.);
#2238=ORIENTED_EDGE('',*,*,#1569,.T.);
#2239=ORIENTED_EDGE('',*,*,#1556,.T.);
#2240=ORIENTED_EDGE('',*,*,#1553,.T.);
#2241=ORIENTED_EDGE('',*,*,#1568,.F.);
#2242=ORIENTED_EDGE('',*,*,#1518,.F.);
#2243=ORIENTED_EDGE('',*,*,#1521,.F.);
#2244=ORIENTED_EDGE('',*,*,#1601,.F.);
#2245=ORIENTED_EDGE('',*,*,#1602,.F.);
#2246=ORIENTED_EDGE('',*,*,#1603,.F.);
#2247=ORIENTED_EDGE('',*,*,#1604,.F.);
#2248=ORIENTED_EDGE('',*,*,#1605,.F.);
#2249=ORIENTED_EDGE('',*,*,#1606,.F.);
#2250=ORIENTED_EDGE('',*,*,#1607,.F.);
#2251=ORIENTED_EDGE('',*,*,#1540,.F.);
#2252=ORIENTED_EDGE('',*,*,#1543,.F.);
#2253=ORIENTED_EDGE('',*,*,#1608,.F.);
#2254=ORIENTED_EDGE('',*,*,#1609,.F.);
#2255=ORIENTED_EDGE('',*,*,#1610,.F.);
#2256=ORIENTED_EDGE('',*,*,#1549,.T.);
#2257=ORIENTED_EDGE('',*,*,#1611,.F.);
#2258=ORIENTED_EDGE('',*,*,#1612,.F.);
#2259=ORIENTED_EDGE('',*,*,#1613,.F.);
#2260=ORIENTED_EDGE('',*,*,#1614,.F.);
#2261=ORIENTED_EDGE('',*,*,#1560,.T.);
#2262=ORIENTED_EDGE('',*,*,#1615,.T.);
#2263=ORIENTED_EDGE('',*,*,#1616,.T.);
#2264=ORIENTED_EDGE('',*,*,#1617,.F.);
#2265=ORIENTED_EDGE('',*,*,#1616,.F.);
#2266=ORIENTED_EDGE('',*,*,#1618,.T.);
#2267=ORIENTED_EDGE('',*,*,#1585,.F.);
#2268=ORIENTED_EDGE('',*,*,#1619,.T.);
#2269=ORIENTED_EDGE('',*,*,#1550,.T.);
#2270=ORIENTED_EDGE('',*,*,#1610,.T.);
#2271=ORIENTED_EDGE('',*,*,#1620,.T.);
#2272=ORIENTED_EDGE('',*,*,#1524,.T.);
#2273=ORIENTED_EDGE('',*,*,#1498,.F.);
#2274=ORIENTED_EDGE('',*,*,#1596,.F.);
#2275=ORIENTED_EDGE('',*,*,#1586,.F.);
#2276=ORIENTED_EDGE('',*,*,#1618,.F.);
#2277=ORIENTED_EDGE('',*,*,#1615,.F.);
#2278=ORIENTED_EDGE('',*,*,#1559,.F.);
#2279=ORIENTED_EDGE('',*,*,#1538,.T.);
#2280=ORIENTED_EDGE('',*,*,#1620,.F.);
#2281=ORIENTED_EDGE('',*,*,#1609,.T.);
#2282=ORIENTED_EDGE('',*,*,#1621,.T.);
#2283=ORIENTED_EDGE('',*,*,#1535,.T.);
#2284=ORIENTED_EDGE('',*,*,#1621,.F.);
#2285=ORIENTED_EDGE('',*,*,#1608,.T.);
#2286=ORIENTED_EDGE('',*,*,#1542,.T.);
#2287=ORIENTED_EDGE('',*,*,#1622,.F.);
#2288=ORIENTED_EDGE('',*,*,#1619,.F.);
#2289=ORIENTED_EDGE('',*,*,#1584,.F.);
#2290=ORIENTED_EDGE('',*,*,#1599,.T.);
#2291=ORIENTED_EDGE('',*,*,#1623,.F.);
#2292=ORIENTED_EDGE('',*,*,#1570,.F.);
#2293=ORIENTED_EDGE('',*,*,#1600,.F.);
#2294=ORIENTED_EDGE('',*,*,#1561,.T.);
#2295=ORIENTED_EDGE('',*,*,#1622,.T.);
#2296=ORIENTED_EDGE('',*,*,#1598,.F.);
#2297=ORIENTED_EDGE('',*,*,#1623,.T.);
#2298=ORIENTED_EDGE('',*,*,#1617,.T.);
#2299=ORIENTED_EDGE('',*,*,#1546,.T.);
#2300=ORIENTED_EDGE('',*,*,#1624,.T.);
#2301=ORIENTED_EDGE('',*,*,#1591,.T.);
#2302=ORIENTED_EDGE('',*,*,#1624,.F.);
#2303=ORIENTED_EDGE('',*,*,#1511,.F.);
#2304=ORIENTED_EDGE('',*,*,#1625,.T.);
#2305=ORIENTED_EDGE('',*,*,#1614,.T.);
#2306=ORIENTED_EDGE('',*,*,#1625,.F.);
#2307=ORIENTED_EDGE('',*,*,#1512,.F.);
#2308=ORIENTED_EDGE('',*,*,#1626,.T.);
#2309=ORIENTED_EDGE('',*,*,#1613,.T.);
#2310=ORIENTED_EDGE('',*,*,#1626,.F.);
#2311=ORIENTED_EDGE('',*,*,#1513,.F.);
#2312=ORIENTED_EDGE('',*,*,#1627,.T.);
#2313=ORIENTED_EDGE('',*,*,#1612,.T.);
#2314=ORIENTED_EDGE('',*,*,#1627,.F.);
#2315=ORIENTED_EDGE('',*,*,#1514,.F.);
#2316=ORIENTED_EDGE('',*,*,#1628,.T.);
#2317=ORIENTED_EDGE('',*,*,#1611,.T.);
#2318=ORIENTED_EDGE('',*,*,#1628,.F.);
#2319=ORIENTED_EDGE('',*,*,#1470,.T.);
#2320=ORIENTED_EDGE('',*,*,#1629,.F.);
#2321=ORIENTED_EDGE('',*,*,#1601,.T.);
#2322=ORIENTED_EDGE('',*,*,#1520,.T.);
#2323=ORIENTED_EDGE('',*,*,#1490,.T.);
#2324=ORIENTED_EDGE('',*,*,#1510,.F.);
#2325=ORIENTED_EDGE('',*,*,#1630,.F.);
#2326=ORIENTED_EDGE('',*,*,#1602,.T.);
#2327=ORIENTED_EDGE('',*,*,#1629,.T.);
#2328=ORIENTED_EDGE('',*,*,#1469,.T.);
#2329=ORIENTED_EDGE('',*,*,#1603,.T.);
#2330=ORIENTED_EDGE('',*,*,#1630,.T.);
#2331=ORIENTED_EDGE('',*,*,#1509,.F.);
#2332=ORIENTED_EDGE('',*,*,#1631,.F.);
#2333=ORIENTED_EDGE('',*,*,#1604,.T.);
#2334=ORIENTED_EDGE('',*,*,#1631,.T.);
#2335=ORIENTED_EDGE('',*,*,#1508,.F.);
#2336=ORIENTED_EDGE('',*,*,#1632,.F.);
#2337=ORIENTED_EDGE('',*,*,#1605,.T.);
#2338=ORIENTED_EDGE('',*,*,#1632,.T.);
#2339=ORIENTED_EDGE('',*,*,#1507,.F.);
#2340=ORIENTED_EDGE('',*,*,#1633,.F.);
#2341=ORIENTED_EDGE('',*,*,#1606,.T.);
#2342=ORIENTED_EDGE('',*,*,#1633,.T.);
#2343=ORIENTED_EDGE('',*,*,#1506,.F.);
#2344=ORIENTED_EDGE('',*,*,#1634,.F.);
#2345=ORIENTED_EDGE('',*,*,#1607,.T.);
#2346=ORIENTED_EDGE('',*,*,#1634,.T.);
#2347=ORIENTED_EDGE('',*,*,#1505,.F.);
#2348=ORIENTED_EDGE('',*,*,#1541,.F.);
#2349=CYLINDRICAL_SURFACE('',#2635,2.1);
#2350=CYLINDRICAL_SURFACE('',#2638,1.675);
#2351=CYLINDRICAL_SURFACE('',#2641,1.675);
#2352=CYLINDRICAL_SURFACE('',#2644,1.675);
#2353=CYLINDRICAL_SURFACE('',#2647,1.675);
#2354=CYLINDRICAL_SURFACE('',#2650,4.);
#2355=CYLINDRICAL_SURFACE('',#2654,4.);
#2356=CYLINDRICAL_SURFACE('',#2658,4.);
#2357=CYLINDRICAL_SURFACE('',#2662,4.);
#2358=CYLINDRICAL_SURFACE('',#2669,2.1);
#2359=CYLINDRICAL_SURFACE('',#2674,2.);
#2360=CYLINDRICAL_SURFACE('',#2677,3.);
#2361=CYLINDRICAL_SURFACE('',#2680,2.);
#2362=CYLINDRICAL_SURFACE('',#2684,2.);
#2363=CYLINDRICAL_SURFACE('',#2688,2.);
#2364=CYLINDRICAL_SURFACE('',#2691,3.);
#2365=CYLINDRICAL_SURFACE('',#2694,2.);
#2366=CYLINDRICAL_SURFACE('',#2698,2.);
#2367=CYLINDRICAL_SURFACE('',#2702,4.);
#2368=CYLINDRICAL_SURFACE('',#2720,4.);
#2369=CYLINDRICAL_SURFACE('',#2731,4.);
#2370=CYLINDRICAL_SURFACE('',#2733,4.);
#2371=CYLINDRICAL_SURFACE('',#2736,1.15);
#2372=CYLINDRICAL_SURFACE('',#2739,2.15);
#2373=CYLINDRICAL_SURFACE('',#2743,1.15);
#2374=CYLINDRICAL_SURFACE('',#2746,2.15);
#2375=CYLINDRICAL_SURFACE('',#2763,1.);
#2376=CYLINDRICAL_SURFACE('',#2768,1.675);
#2377=CYLINDRICAL_SURFACE('',#2769,1.675);
#2378=CYLINDRICAL_SURFACE('',#2770,1.675);
#2379=CYLINDRICAL_SURFACE('',#2771,1.675);
#2380=CYLINDRICAL_SURFACE('',#2772,3.);
#2381=CYLINDRICAL_SURFACE('',#2776,1.325);
#2382=CYLINDRICAL_SURFACE('',#2778,1.325);
#2383=CYLINDRICAL_SURFACE('',#2779,1.);
#2384=CYLINDRICAL_SURFACE('',#2781,1.);
#2385=CYLINDRICAL_SURFACE('',#2783,1.);
#2386=CYLINDRICAL_SURFACE('',#2784,1.);
#2387=CYLINDRICAL_SURFACE('',#2787,1.);
#2388=CYLINDRICAL_SURFACE('',#2799,1.25);
#2389=CYLINDRICAL_SURFACE('',#2802,2.);
#2390=CYLINDRICAL_SURFACE('',#2804,3.);
#2391=CYLINDRICAL_SURFACE('',#2806,2.);
#2392=CYLINDRICAL_SURFACE('',#2826,1.);
#2393=CYLINDRICAL_SURFACE('',#2828,1.25);
#2394=CYLINDRICAL_SURFACE('',#2831,2.);
#2395=CYLINDRICAL_SURFACE('',#2833,3.);
#2396=CYLINDRICAL_SURFACE('',#2835,2.);
#2397=CYLINDRICAL_SURFACE('',#2841,4.);
#2398=CYLINDRICAL_SURFACE('',#2844,2.1);
#2399=CYLINDRICAL_SURFACE('',#2864,1.325);
#2400=CYLINDRICAL_SURFACE('',#2866,1.325);
#2401=CYLINDRICAL_SURFACE('',#2885,1.);
#2402=CYLINDRICAL_SURFACE('',#2890,7.5);
#2403=CYLINDRICAL_SURFACE('',#2891,1.);
#2404=CYLINDRICAL_SURFACE('',#2892,1.675);
#2405=CYLINDRICAL_SURFACE('',#2893,1.675);
#2406=CYLINDRICAL_SURFACE('',#2894,1.675);
#2407=CYLINDRICAL_SURFACE('',#2895,1.675);
#2408=CYLINDRICAL_SURFACE('',#2897,4.);
#2409=CYLINDRICAL_SURFACE('',#2899,4.);
#2410=CYLINDRICAL_SURFACE('',#2901,4.);
#2411=ADVANCED_FACE('',(#155),#2349,.F.);
#2412=ADVANCED_FACE('',(#156),#2350,.F.);
#2413=ADVANCED_FACE('',(#157),#2351,.F.);
#2414=ADVANCED_FACE('',(#158),#2352,.F.);
#2415=ADVANCED_FACE('',(#159),#2353,.F.);
#2416=ADVANCED_FACE('',(#160),#2354,.T.);
#2417=ADVANCED_FACE('',(#161),#85,.T.);
#2418=ADVANCED_FACE('',(#162),#2355,.T.);
#2419=ADVANCED_FACE('',(#163),#86,.T.);
#2420=ADVANCED_FACE('',(#164),#2356,.T.);
#2421=ADVANCED_FACE('',(#165),#87,.T.);
#2422=ADVANCED_FACE('',(#166),#2357,.T.);
#2423=ADVANCED_FACE('',(#167),#88,.T.);
#2424=ADVANCED_FACE('',(#168,#42,#43,#44,#45,#46),#89,.T.);
#2425=ADVANCED_FACE('',(#169,#47,#48,#49,#50,#51),#90,.F.);
#2426=ADVANCED_FACE('',(#170),#2358,.F.);
#2427=ADVANCED_FACE('',(#171,#52),#91,.T.);
#2428=ADVANCED_FACE('',(#172),#2359,.F.);
#2429=ADVANCED_FACE('',(#173),#2360,.T.);
#2430=ADVANCED_FACE('',(#174),#2361,.F.);
#2431=ADVANCED_FACE('',(#175),#92,.T.);
#2432=ADVANCED_FACE('',(#176),#2362,.F.);
#2433=ADVANCED_FACE('',(#177),#93,.T.);
#2434=ADVANCED_FACE('',(#178),#2363,.F.);
#2435=ADVANCED_FACE('',(#179),#2364,.T.);
#2436=ADVANCED_FACE('',(#180),#2365,.F.);
#2437=ADVANCED_FACE('',(#181),#94,.T.);
#2438=ADVANCED_FACE('',(#182),#2366,.F.);
#2439=ADVANCED_FACE('',(#183),#95,.T.);
#2440=ADVANCED_FACE('',(#184),#2367,.T.);
#2441=ADVANCED_FACE('',(#185),#96,.T.);
#2442=ADVANCED_FACE('',(#186,#53,#54,#55,#56),#97,.T.);
#2443=ADVANCED_FACE('',(#187),#2368,.T.);
#2444=ADVANCED_FACE('',(#188),#98,.T.);
#2445=ADVANCED_FACE('',(#189,#57,#58,#59,#60,#61,#62),#99,.F.);
#2446=ADVANCED_FACE('',(#190),#2369,.T.);
#2447=ADVANCED_FACE('',(#191),#2370,.T.);
#2448=ADVANCED_FACE('',(#192),#100,.T.);
#2449=ADVANCED_FACE('',(#193),#2371,.F.);
#2450=ADVANCED_FACE('',(#194),#2372,.T.);
#2451=ADVANCED_FACE('',(#195,#63),#101,.T.);
#2452=ADVANCED_FACE('',(#196),#2373,.F.);
#2453=ADVANCED_FACE('',(#197),#2374,.T.);
#2454=ADVANCED_FACE('',(#198,#64),#102,.T.);
#2455=ADVANCED_FACE('',(#199,#65,#66,#67),#103,.T.);
#2456=ADVANCED_FACE('',(#200),#104,.T.);
#2457=ADVANCED_FACE('',(#201),#27,.F.);
#2458=ADVANCED_FACE('',(#202,#68),#105,.F.);
#2459=ADVANCED_FACE('',(#203),#2375,.F.);
#2460=ADVANCED_FACE('',(#204),#106,.F.);
#2461=ADVANCED_FACE('',(#205),#107,.F.);
#2462=ADVANCED_FACE('',(#206),#108,.F.);
#2463=ADVANCED_FACE('',(#207),#109,.T.);
#2464=ADVANCED_FACE('',(#208),#2376,.F.);
#2465=ADVANCED_FACE('',(#209),#2377,.F.);
#2466=ADVANCED_FACE('',(#210),#2378,.F.);
#2467=ADVANCED_FACE('',(#211),#2379,.F.);
#2468=ADVANCED_FACE('',(#212),#2380,.F.);
#2469=ADVANCED_FACE('',(#213,#69),#110,.T.);
#2470=ADVANCED_FACE('',(#214),#2381,.F.);
#2471=ADVANCED_FACE('',(#215),#111,.T.);
#2472=ADVANCED_FACE('',(#216),#2382,.F.);
#2473=ADVANCED_FACE('',(#217),#2383,.F.);
#2474=ADVANCED_FACE('',(#218),#112,.T.);
#2475=ADVANCED_FACE('',(#219),#2384,.F.);
#2476=ADVANCED_FACE('',(#220),#113,.T.);
#2477=ADVANCED_FACE('',(#221),#2385,.T.);
#2478=ADVANCED_FACE('',(#222),#2386,.T.);
#2479=ADVANCED_FACE('',(#223),#114,.T.);
#2480=ADVANCED_FACE('',(#224),#115,.T.);
#2481=ADVANCED_FACE('',(#225),#2387,.F.);
#2482=ADVANCED_FACE('',(#226),#116,.T.);
#2483=ADVANCED_FACE('',(#227),#117,.T.);
#2484=ADVANCED_FACE('',(#228),#118,.T.);
#2485=ADVANCED_FACE('',(#229,#70),#119,.T.);
#2486=ADVANCED_FACE('',(#230),#2388,.F.);
#2487=ADVANCED_FACE('',(#231),#120,.F.);
#2488=ADVANCED_FACE('',(#232),#2389,.F.);
#2489=ADVANCED_FACE('',(#233),#2390,.T.);
#2490=ADVANCED_FACE('',(#234),#2391,.F.);
#2491=ADVANCED_FACE('',(#235),#121,.F.);
#2492=ADVANCED_FACE('',(#236,#71,#72,#73,#74,#75,#76,#77),#122,.T.);
#2493=ADVANCED_FACE('',(#237),#123,.T.);
#2494=ADVANCED_FACE('',(#238),#2392,.F.);
#2495=ADVANCED_FACE('',(#239),#2393,.F.);
#2496=ADVANCED_FACE('',(#240),#124,.T.);
#2497=ADVANCED_FACE('',(#241),#2394,.F.);
#2498=ADVANCED_FACE('',(#242),#2395,.T.);
#2499=ADVANCED_FACE('',(#243),#2396,.F.);
#2500=ADVANCED_FACE('',(#244),#125,.T.);
#2501=ADVANCED_FACE('',(#245,#78),#126,.F.);
#2502=ADVANCED_FACE('',(#246),#2397,.T.);
#2503=ADVANCED_FACE('',(#247),#127,.T.);
#2504=ADVANCED_FACE('',(#248),#2398,.F.);
#2505=ADVANCED_FACE('',(#249,#79),#128,.T.);
#2506=ADVANCED_FACE('',(#250),#129,.F.);
#2507=ADVANCED_FACE('',(#251),#130,.F.);
#2508=ADVANCED_FACE('',(#252),#131,.F.);
#2509=ADVANCED_FACE('',(#253),#132,.F.);
#2510=ADVANCED_FACE('',(#254),#133,.F.);
#2511=ADVANCED_FACE('',(#255),#134,.T.);
#2512=ADVANCED_FACE('',(#256),#135,.F.);
#2513=ADVANCED_FACE('',(#257),#136,.T.);
#2514=ADVANCED_FACE('',(#258),#137,.T.);
#2515=ADVANCED_FACE('',(#259),#138,.T.);
#2516=ADVANCED_FACE('',(#260),#139,.T.);
#2517=ADVANCED_FACE('',(#261,#80),#140,.F.);
#2518=ADVANCED_FACE('',(#262),#2399,.F.);
#2519=ADVANCED_FACE('',(#263),#141,.T.);
#2520=ADVANCED_FACE('',(#264),#2400,.F.);
#2521=ADVANCED_FACE('',(#265),#142,.T.);
#2522=ADVANCED_FACE('',(#266),#143,.T.);
#2523=ADVANCED_FACE('',(#267),#144,.F.);
#2524=ADVANCED_FACE('',(#268),#145,.F.);
#2525=ADVANCED_FACE('',(#269,#81,#82,#83,#84),#146,.F.);
#2526=ADVANCED_FACE('',(#270),#147,.F.);
#2527=ADVANCED_FACE('',(#271),#148,.F.);
#2528=ADVANCED_FACE('',(#272),#149,.T.);
#2529=ADVANCED_FACE('',(#273),#150,.T.);
#2530=ADVANCED_FACE('',(#274),#2401,.F.);
#2531=ADVANCED_FACE('',(#275),#28,.F.);
#2532=ADVANCED_FACE('',(#276),#29,.F.);
#2533=ADVANCED_FACE('',(#277),#2402,.F.);
#2534=ADVANCED_FACE('',(#278),#2403,.F.);
#2535=ADVANCED_FACE('',(#279),#2404,.F.);
#2536=ADVANCED_FACE('',(#280),#2405,.F.);
#2537=ADVANCED_FACE('',(#281),#2406,.F.);
#2538=ADVANCED_FACE('',(#282),#2407,.F.);
#2539=ADVANCED_FACE('',(#283),#151,.T.);
#2540=ADVANCED_FACE('',(#284),#2408,.T.);
#2541=ADVANCED_FACE('',(#285),#152,.T.);
#2542=ADVANCED_FACE('',(#286),#2409,.T.);
#2543=ADVANCED_FACE('',(#287),#153,.T.);
#2544=ADVANCED_FACE('',(#288),#2410,.T.);
#2545=ADVANCED_FACE('',(#289),#154,.T.);
#2546=CLOSED_SHELL('',(#2411,#2412,#2413,#2414,#2415,#2416,#2417,#2418,
#2419,#2420,#2421,#2422,#2423,#2424,#2425));
#2547=CLOSED_SHELL('',(#2426,#2427,#2428,#2429,#2430,#2431,#2432,#2433,
#2434,#2435,#2436,#2437,#2438,#2439,#2440,#2441,#2442,#2443,#2444,#2445,
#2446,#2447,#2448,#2449,#2450,#2451,#2452,#2453,#2454,#2455,#2456,#2457,
#2458,#2459,#2460,#2461,#2462,#2463,#2464,#2465,#2466,#2467,#2468,#2469,
#2470,#2471,#2472,#2473,#2474,#2475,#2476,#2477,#2478,#2479,#2480,#2481,
#2482,#2483,#2484));
#2548=CLOSED_SHELL('',(#2485,#2486,#2487,#2488,#2489,#2490,#2491,#2492,
#2493,#2494,#2495,#2496,#2497,#2498,#2499,#2500,#2501,#2502,#2503,#2504,
#2505,#2506,#2507,#2508,#2509,#2510,#2511,#2512,#2513,#2514,#2515,#2516,
#2517,#2518,#2519,#2520,#2521,#2522,#2523,#2524,#2525,#2526,#2527,#2528,
#2529,#2530,#2531,#2532,#2533,#2534,#2535,#2536,#2537,#2538,#2539,#2540,
#2541,#2542,#2543,#2544,#2545));
#2549=DERIVED_UNIT_ELEMENT(#2556,1.);
#2550=DERIVED_UNIT_ELEMENT(#4431,-3.);
#2551=DERIVED_UNIT_ELEMENT(#2556,1.);
#2552=DERIVED_UNIT_ELEMENT(#4431,-3.);
#2553=DERIVED_UNIT_ELEMENT(#2556,1.);
#2554=DERIVED_UNIT_ELEMENT(#4431,-3.);
#2555=DIMENSIONAL_EXPONENTS(0.,1.,0.,0.,0.,0.,0.);
#2556=(
CONVERSION_BASED_UNIT('gram',#2558)
MASS_UNIT()
NAMED_UNIT(#2555)
);
#2557=(
MASS_UNIT()
NAMED_UNIT(*)
SI_UNIT(.KILO.,.GRAM.)
);
#2558=MASS_MEASURE_WITH_UNIT(MASS_MEASURE(0.001),#2557);
#2559=DERIVED_UNIT((#2549,#2550));
#2560=DERIVED_UNIT((#2551,#2552));
#2561=DERIVED_UNIT((#2553,#2554));
#2562=MEASURE_REPRESENTATION_ITEM('density measure',
POSITIVE_RATIO_MEASURE(1.),#2559);
#2563=MEASURE_REPRESENTATION_ITEM('density measure',
POSITIVE_RATIO_MEASURE(1.),#2560);
#2564=MEASURE_REPRESENTATION_ITEM('density measure',
POSITIVE_RATIO_MEASURE(1.),#2561);
#2565=PROPERTY_DEFINITION_REPRESENTATION(#2580,#2571);
#2566=PROPERTY_DEFINITION_REPRESENTATION(#2581,#2572);
#2567=PROPERTY_DEFINITION_REPRESENTATION(#2582,#2573);
#2568=PROPERTY_DEFINITION_REPRESENTATION(#2583,#2574);
#2569=PROPERTY_DEFINITION_REPRESENTATION(#2584,#2575);
#2570=PROPERTY_DEFINITION_REPRESENTATION(#2585,#2576);
#2571=REPRESENTATION('material name',(#2577),#4426);
#2572=REPRESENTATION('density',(#2562),#4426);
#2573=REPRESENTATION('material name',(#2578),#4427);
#2574=REPRESENTATION('density',(#2563),#4427);
#2575=REPRESENTATION('material name',(#2579),#4428);
#2576=REPRESENTATION('density',(#2564),#4428);
#2577=DESCRIPTIVE_REPRESENTATION_ITEM('Generic','Generic');
#2578=DESCRIPTIVE_REPRESENTATION_ITEM('Generic','Generic');
#2579=DESCRIPTIVE_REPRESENTATION_ITEM('Generic','Generic');
#2580=PROPERTY_DEFINITION('material property','material name',#4451);
#2581=PROPERTY_DEFINITION('material property','density of part',#4451);
#2582=PROPERTY_DEFINITION('material property','material name',#4452);
#2583=PROPERTY_DEFINITION('material property','density of part',#4452);
#2584=PROPERTY_DEFINITION('material property','material name',#4453);
#2585=PROPERTY_DEFINITION('material property','density of part',#4453);
#2586=PRESENTATION_STYLE_ASSIGNMENT((#2589));
#2587=PRESENTATION_STYLE_ASSIGNMENT((#2590));
#2588=PRESENTATION_STYLE_ASSIGNMENT((#2591));
#2589=SURFACE_STYLE_USAGE(.BOTH.,#2594);
#2590=SURFACE_STYLE_USAGE(.BOTH.,#2595);
#2591=SURFACE_STYLE_USAGE(.BOTH.,#2596);
#2592=SURFACE_STYLE_RENDERING_WITH_PROPERTIES($,#2606,(#2593));
#2593=SURFACE_STYLE_TRANSPARENT(0.);
#2594=SURFACE_SIDE_STYLE('',(#2597,#2592));
#2595=SURFACE_SIDE_STYLE('',(#2598));
#2596=SURFACE_SIDE_STYLE('',(#2599));
#2597=SURFACE_STYLE_FILL_AREA(#2600);
#2598=SURFACE_STYLE_FILL_AREA(#2601);
#2599=SURFACE_STYLE_FILL_AREA(#2602);
#2600=FILL_AREA_STYLE('',(#2603));
#2601=FILL_AREA_STYLE('',(#2604));
#2602=FILL_AREA_STYLE('',(#2605));
#2603=FILL_AREA_STYLE_COLOUR('',#2606);
#2604=FILL_AREA_STYLE_COLOUR('',#2607);
#2605=FILL_AREA_STYLE_COLOUR('',#2608);
#2606=COLOUR_RGB('',0.749019607843137,0.749019607843137,0.749019607843137);
#2607=COLOUR_RGB('',1.,1.,0.);
#2608=COLOUR_RGB('',0.,0.,0.);
#2609=DATE_TIME_ROLE('creation_date');
#2610=DATE_TIME_ROLE('creation_date');
#2611=DATE_TIME_ROLE('creation_date');
#2612=DATE_TIME_ROLE('creation_date');
#2613=APPLIED_DATE_AND_TIME_ASSIGNMENT(#2617,#2609,(#4450));
#2614=APPLIED_DATE_AND_TIME_ASSIGNMENT(#2618,#2610,(#4451));
#2615=APPLIED_DATE_AND_TIME_ASSIGNMENT(#2619,#2611,(#4452));
#2616=APPLIED_DATE_AND_TIME_ASSIGNMENT(#2620,#2612,(#4453));
#2617=DATE_AND_TIME(#2621,#2625);
#2618=DATE_AND_TIME(#2622,#2626);
#2619=DATE_AND_TIME(#2623,#2627);
#2620=DATE_AND_TIME(#2624,#2628);
#2621=CALENDAR_DATE(2026,14,3);
#2622=CALENDAR_DATE(2026,14,3);
#2623=CALENDAR_DATE(2026,13,3);
#2624=CALENDAR_DATE(2026,14,3);
#2625=LOCAL_TIME(0,0,0.,#2629);
#2626=LOCAL_TIME(0,0,0.,#2630);
#2627=LOCAL_TIME(0,0,0.,#2631);
#2628=LOCAL_TIME(0,0,0.,#2632);
#2629=COORDINATED_UNIVERSAL_TIME_OFFSET(0,0,.BEHIND.);
#2630=COORDINATED_UNIVERSAL_TIME_OFFSET(0,0,.BEHIND.);
#2631=COORDINATED_UNIVERSAL_TIME_OFFSET(0,0,.BEHIND.);
#2632=COORDINATED_UNIVERSAL_TIME_OFFSET(0,0,.BEHIND.);
#2633=AXIS2_PLACEMENT_3D('',#3674,#2906,#2907);
#2634=AXIS2_PLACEMENT_3D('',#3675,#2908,#2909);
#2635=AXIS2_PLACEMENT_3D('',#3676,#2910,#2911);
#2636=AXIS2_PLACEMENT_3D('',#3678,#2912,#2913);
#2637=AXIS2_PLACEMENT_3D('',#3681,#2915,#2916);
#2638=AXIS2_PLACEMENT_3D('',#3682,#2917,#2918);
#2639=AXIS2_PLACEMENT_3D('',#3684,#2919,#2920);
#2640=AXIS2_PLACEMENT_3D('',#3687,#2922,#2923);
#2641=AXIS2_PLACEMENT_3D('',#3688,#2924,#2925);
#2642=AXIS2_PLACEMENT_3D('',#3690,#2926,#2927);
#2643=AXIS2_PLACEMENT_3D('',#3693,#2929,#2930);
#2644=AXIS2_PLACEMENT_3D('',#3694,#2931,#2932);
#2645=AXIS2_PLACEMENT_3D('',#3696,#2933,#2934);
#2646=AXIS2_PLACEMENT_3D('',#3699,#2936,#2937);
#2647=AXIS2_PLACEMENT_3D('',#3700,#2938,#2939);
#2648=AXIS2_PLACEMENT_3D('',#3702,#2940,#2941);
#2649=AXIS2_PLACEMENT_3D('',#3705,#2943,#2944);
#2650=AXIS2_PLACEMENT_3D('',#3706,#2945,#2946);
#2651=AXIS2_PLACEMENT_3D('',#3709,#2947,#2948);
#2652=AXIS2_PLACEMENT_3D('',#3713,#2950,#2951);
#2653=AXIS2_PLACEMENT_3D('',#3715,#2953,#2954);
#2654=AXIS2_PLACEMENT_3D('',#3721,#2958,#2959);
#2655=AXIS2_PLACEMENT_3D('',#3723,#2960,#2961);
#2656=AXIS2_PLACEMENT_3D('',#3725,#2962,#2963);
#2657=AXIS2_PLACEMENT_3D('',#3727,#2965,#2966);
#2658=AXIS2_PLACEMENT_3D('',#3733,#2970,#2971);
#2659=AXIS2_PLACEMENT_3D('',#3735,#2972,#2973);
#2660=AXIS2_PLACEMENT_3D('',#3737,#2974,#2975);
#2661=AXIS2_PLACEMENT_3D('',#3739,#2977,#2978);
#2662=AXIS2_PLACEMENT_3D('',#3745,#2982,#2983);
#2663=AXIS2_PLACEMENT_3D('',#3747,#2984,#2985);
#2664=AXIS2_PLACEMENT_3D('',#3749,#2986,#2987);
#2665=AXIS2_PLACEMENT_3D('',#3751,#2989,#2990);
#2666=AXIS2_PLACEMENT_3D('',#3754,#2993,#2994);
#2667=AXIS2_PLACEMENT_3D('',#3755,#2995,#2996);
#2668=AXIS2_PLACEMENT_3D('',#3756,#2997,#2998);
#2669=AXIS2_PLACEMENT_3D('',#3757,#2999,#3000);
#2670=AXIS2_PLACEMENT_3D('',#3759,#3001,#3002);
#2671=AXIS2_PLACEMENT_3D('',#3762,#3004,#3005);
#2672=AXIS2_PLACEMENT_3D('',#3763,#3006,#3007);
#2673=AXIS2_PLACEMENT_3D('',#3765,#3008,#3009);
#2674=AXIS2_PLACEMENT_3D('',#3766,#3010,#3011);
#2675=AXIS2_PLACEMENT_3D('',#3769,#3012,#3013);
#2676=AXIS2_PLACEMENT_3D('',#3773,#3015,#3016);
#2677=AXIS2_PLACEMENT_3D('',#3775,#3018,#3019);
#2678=AXIS2_PLACEMENT_3D('',#3777,#3020,#3021);
#2679=AXIS2_PLACEMENT_3D('',#3780,#3023,#3024);
#2680=AXIS2_PLACEMENT_3D('',#3781,#3025,#3026);
#2681=AXIS2_PLACEMENT_3D('',#3784,#3027,#3028);
#2682=AXIS2_PLACEMENT_3D('',#3788,#3030,#3031);
#2683=AXIS2_PLACEMENT_3D('',#3790,#3033,#3034);
#2684=AXIS2_PLACEMENT_3D('',#3796,#3038,#3039);
#2685=AXIS2_PLACEMENT_3D('',#3798,#3040,#3041);
#2686=AXIS2_PLACEMENT_3D('',#3801,#3043,#3044);
#2687=AXIS2_PLACEMENT_3D('',#3802,#3045,#3046);
#2688=AXIS2_PLACEMENT_3D('',#3808,#3050,#3051);
#2689=AXIS2_PLACEMENT_3D('',#3811,#3052,#3053);
#2690=AXIS2_PLACEMENT_3D('',#3815,#3055,#3056);
#2691=AXIS2_PLACEMENT_3D('',#3817,#3058,#3059);
#2692=AXIS2_PLACEMENT_3D('',#3818,#3060,#3061);
#2693=AXIS2_PLACEMENT_3D('',#3819,#3062,#3063);
#2694=AXIS2_PLACEMENT_3D('',#3820,#3064,#3065);
#2695=AXIS2_PLACEMENT_3D('',#3822,#3066,#3067);
#2696=AXIS2_PLACEMENT_3D('',#3825,#3069,#3070);
#2697=AXIS2_PLACEMENT_3D('',#3826,#3071,#3072);
#2698=AXIS2_PLACEMENT_3D('',#3832,#3076,#3077);
#2699=AXIS2_PLACEMENT_3D('',#3834,#3078,#3079);
#2700=AXIS2_PLACEMENT_3D('',#3837,#3081,#3082);
#2701=AXIS2_PLACEMENT_3D('',#3838,#3083,#3084);
#2702=AXIS2_PLACEMENT_3D('',#3841,#3087,#3088);
#2703=AXIS2_PLACEMENT_3D('',#3844,#3089,#3090);
#2704=AXIS2_PLACEMENT_3D('',#3848,#3092,#3093);
#2705=AXIS2_PLACEMENT_3D('',#3850,#3095,#3096);
#2706=AXIS2_PLACEMENT_3D('',#3856,#3100,#3101);
#2707=AXIS2_PLACEMENT_3D('',#3860,#3103,#3104);
#2708=AXIS2_PLACEMENT_3D('',#3864,#3106,#3107);
#2709=AXIS2_PLACEMENT_3D('',#3868,#3109,#3110);
#2710=AXIS2_PLACEMENT_3D('',#3872,#3112,#3113);
#2711=AXIS2_PLACEMENT_3D('',#3876,#3115,#3116);
#2712=AXIS2_PLACEMENT_3D('',#3888,#3122,#3123);
#2713=AXIS2_PLACEMENT_3D('',#3892,#3125,#3126);
#2714=AXIS2_PLACEMENT_3D('',#3896,#3128,#3129);
#2715=AXIS2_PLACEMENT_3D('',#3899,#3131,#3132);
#2716=AXIS2_PLACEMENT_3D('',#3901,#3133,#3134);
#2717=AXIS2_PLACEMENT_3D('',#3903,#3135,#3136);
#2718=AXIS2_PLACEMENT_3D('',#3905,#3137,#3138);
#2719=AXIS2_PLACEMENT_3D('',#3907,#3139,#3140);
#2720=AXIS2_PLACEMENT_3D('',#3908,#3141,#3142);
#2721=AXIS2_PLACEMENT_3D('',#3912,#3144,#3145);
#2722=AXIS2_PLACEMENT_3D('',#3914,#3147,#3148);
#2723=AXIS2_PLACEMENT_3D('',#3918,#3151,#3152);
#2724=AXIS2_PLACEMENT_3D('',#3920,#3153,#3154);
#2725=AXIS2_PLACEMENT_3D('',#3922,#3156,#3157);
#2726=AXIS2_PLACEMENT_3D('',#3925,#3159,#3160);
#2727=AXIS2_PLACEMENT_3D('',#3927,#3161,#3162);
#2728=AXIS2_PLACEMENT_3D('',#3929,#3163,#3164);
#2729=AXIS2_PLACEMENT_3D('',#3931,#3165,#3166);
#2730=AXIS2_PLACEMENT_3D('',#3933,#3167,#3168);
#2731=AXIS2_PLACEMENT_3D('',#3934,#3169,#3170);
#2732=AXIS2_PLACEMENT_3D('',#3936,#3171,#3172);
#2733=AXIS2_PLACEMENT_3D('',#3938,#3174,#3175);
#2734=AXIS2_PLACEMENT_3D('',#3942,#3177,#3178);
#2735=AXIS2_PLACEMENT_3D('',#3944,#3180,#3181);
#2736=AXIS2_PLACEMENT_3D('',#3948,#3184,#3185);
#2737=AXIS2_PLACEMENT_3D('',#3950,#3186,#3187);
#2738=AXIS2_PLACEMENT_3D('',#3953,#3189,#3190);
#2739=AXIS2_PLACEMENT_3D('',#3954,#3191,#3192);
#2740=AXIS2_PLACEMENT_3D('',#3956,#3193,#3194);
#2741=AXIS2_PLACEMENT_3D('',#3959,#3196,#3197);
#2742=AXIS2_PLACEMENT_3D('',#3960,#3198,#3199);
#2743=AXIS2_PLACEMENT_3D('',#3961,#3200,#3201);
#2744=AXIS2_PLACEMENT_3D('',#3963,#3202,#3203);
#2745=AXIS2_PLACEMENT_3D('',#3966,#3205,#3206);
#2746=AXIS2_PLACEMENT_3D('',#3967,#3207,#3208);
#2747=AXIS2_PLACEMENT_3D('',#3969,#3209,#3210);
#2748=AXIS2_PLACEMENT_3D('',#3972,#3212,#3213);
#2749=AXIS2_PLACEMENT_3D('',#3973,#3214,#3215);
#2750=AXIS2_PLACEMENT_3D('',#3974,#3216,#3217);
#2751=AXIS2_PLACEMENT_3D('',#3977,#3218,#3219);
#2752=AXIS2_PLACEMENT_3D('',#3981,#3221,#3222);
#2753=AXIS2_PLACEMENT_3D('',#3985,#3224,#3225);
#2754=AXIS2_PLACEMENT_3D('',#3989,#3227,#3228);
#2755=AXIS2_PLACEMENT_3D('',#3993,#3231,#3232);
#2756=AXIS2_PLACEMENT_3D('',#3997,#3234,#3235);
#2757=AXIS2_PLACEMENT_3D('',#4000,#3237,#3238);
#2758=AXIS2_PLACEMENT_3D('',#4001,#3239,#3240);
#2759=AXIS2_PLACEMENT_3D('',#4002,#3241,#3242);
#2760=AXIS2_PLACEMENT_3D('',#4004,#3243,#3244);
#2761=AXIS2_PLACEMENT_3D('',#4007,#3246,#3247);
#2762=AXIS2_PLACEMENT_3D('',#4008,#3248,#3249);
#2763=AXIS2_PLACEMENT_3D('',#4017,#3254,#3255);
#2764=AXIS2_PLACEMENT_3D('',#4019,#3257,#3258);
#2765=AXIS2_PLACEMENT_3D('',#4022,#3261,#3262);
#2766=AXIS2_PLACEMENT_3D('',#4024,#3264,#3265);
#2767=AXIS2_PLACEMENT_3D('',#4026,#3267,#3268);
#2768=AXIS2_PLACEMENT_3D('',#4029,#3271,#3272);
#2769=AXIS2_PLACEMENT_3D('',#4031,#3274,#3275);
#2770=AXIS2_PLACEMENT_3D('',#4033,#3277,#3278);
#2771=AXIS2_PLACEMENT_3D('',#4035,#3280,#3281);
#2772=AXIS2_PLACEMENT_3D('',#4037,#3283,#3284);
#2773=AXIS2_PLACEMENT_3D('',#4040,#3286,#3287);
#2774=AXIS2_PLACEMENT_3D('',#4041,#3288,#3289);
#2775=AXIS2_PLACEMENT_3D('',#4043,#3290,#3291);
#2776=AXIS2_PLACEMENT_3D('',#4044,#3292,#3293);
#2777=AXIS2_PLACEMENT_3D('',#4046,#3295,#3296);
#2778=AXIS2_PLACEMENT_3D('',#4047,#3297,#3298);
#2779=AXIS2_PLACEMENT_3D('',#4049,#3300,#3301);
#2780=AXIS2_PLACEMENT_3D('',#4052,#3304,#3305);
#2781=AXIS2_PLACEMENT_3D('',#4054,#3307,#3308);
#2782=AXIS2_PLACEMENT_3D('',#4056,#3310,#3311);
#2783=AXIS2_PLACEMENT_3D('',#4058,#3313,#3314);
#2784=AXIS2_PLACEMENT_3D('',#4060,#3316,#3317);
#2785=AXIS2_PLACEMENT_3D('',#4062,#3319,#3320);
#2786=AXIS2_PLACEMENT_3D('',#4063,#3321,#3322);
#2787=AXIS2_PLACEMENT_3D('',#4064,#3323,#3324);
#2788=AXIS2_PLACEMENT_3D('',#4066,#3326,#3327);
#2789=AXIS2_PLACEMENT_3D('',#4067,#3328,#3329);
#2790=AXIS2_PLACEMENT_3D('',#4068,#3330,#3331);
#2791=AXIS2_PLACEMENT_3D('',#4069,#3332,#3333);
#2792=AXIS2_PLACEMENT_3D('',#4070,#3334,#3335);
#2793=AXIS2_PLACEMENT_3D('',#4073,#3336,#3337);
#2794=AXIS2_PLACEMENT_3D('',#4077,#3339,#3340);
#2795=AXIS2_PLACEMENT_3D('',#4083,#3343,#3344);
#2796=AXIS2_PLACEMENT_3D('',#4085,#3345,#3346);
#2797=AXIS2_PLACEMENT_3D('',#4087,#3347,#3348);
#2798=AXIS2_PLACEMENT_3D('',#4090,#3350,#3351);
#2799=AXIS2_PLACEMENT_3D('',#4091,#3352,#3353);
#2800=AXIS2_PLACEMENT_3D('',#4094,#3355,#3356);
#2801=AXIS2_PLACEMENT_3D('',#4095,#3357,#3358);
#2802=AXIS2_PLACEMENT_3D('',#4101,#3362,#3363);
#2803=AXIS2_PLACEMENT_3D('',#4103,#3364,#3365);
#2804=AXIS2_PLACEMENT_3D('',#4105,#3367,#3368);
#2805=AXIS2_PLACEMENT_3D('',#4107,#3369,#3370);
#2806=AXIS2_PLACEMENT_3D('',#4109,#3372,#3373);
#2807=AXIS2_PLACEMENT_3D('',#4111,#3374,#3375);
#2808=AXIS2_PLACEMENT_3D('',#4113,#3377,#3378);
#2809=AXIS2_PLACEMENT_3D('',#4117,#3381,#3382);
#2810=AXIS2_PLACEMENT_3D('',#4123,#3385,#3386);
#2811=AXIS2_PLACEMENT_3D('',#4127,#3388,#3389);
#2812=AXIS2_PLACEMENT_3D('',#4135,#3393,#3394);
#2813=AXIS2_PLACEMENT_3D('',#4137,#3395,#3396);
#2814=AXIS2_PLACEMENT_3D('',#4139,#3397,#3398);
#2815=AXIS2_PLACEMENT_3D('',#4143,#3400,#3401);
#2816=AXIS2_PLACEMENT_3D('',#4147,#3403,#3404);
#2817=AXIS2_PLACEMENT_3D('',#4151,#3406,#3407);
#2818=AXIS2_PLACEMENT_3D('',#4154,#3409,#3410);
#2819=AXIS2_PLACEMENT_3D('',#4156,#3411,#3412);
#2820=AXIS2_PLACEMENT_3D('',#4158,#3413,#3414);
#2821=AXIS2_PLACEMENT_3D('',#4160,#3415,#3416);
#2822=AXIS2_PLACEMENT_3D('',#4162,#3417,#3418);
#2823=AXIS2_PLACEMENT_3D('',#4164,#3419,#3420);
#2824=AXIS2_PLACEMENT_3D('',#4166,#3421,#3422);
#2825=AXIS2_PLACEMENT_3D('',#4167,#3423,#3424);
#2826=AXIS2_PLACEMENT_3D('',#4173,#3428,#3429);
#2827=AXIS2_PLACEMENT_3D('',#4176,#3431,#3432);
#2828=AXIS2_PLACEMENT_3D('',#4177,#3433,#3434);
#2829=AXIS2_PLACEMENT_3D('',#4179,#3435,#3436);
#2830=AXIS2_PLACEMENT_3D('',#4181,#3438,#3439);
#2831=AXIS2_PLACEMENT_3D('',#4187,#3443,#3444);
#2832=AXIS2_PLACEMENT_3D('',#4189,#3445,#3446);
#2833=AXIS2_PLACEMENT_3D('',#4191,#3448,#3449);
#2834=AXIS2_PLACEMENT_3D('',#4193,#3450,#3451);
#2835=AXIS2_PLACEMENT_3D('',#4195,#3453,#3454);
#2836=AXIS2_PLACEMENT_3D('',#4197,#3455,#3456);
#2837=AXIS2_PLACEMENT_3D('',#4199,#3458,#3459);
#2838=AXIS2_PLACEMENT_3D('',#4203,#3462,#3463);
#2839=AXIS2_PLACEMENT_3D('',#4206,#3464,#3465);
#2840=AXIS2_PLACEMENT_3D('',#4209,#3467,#3468);
#2841=AXIS2_PLACEMENT_3D('',#4211,#3470,#3471);
#2842=AXIS2_PLACEMENT_3D('',#4215,#3473,#3474);
#2843=AXIS2_PLACEMENT_3D('',#4217,#3476,#3477);
#2844=AXIS2_PLACEMENT_3D('',#4221,#3480,#3481);
#2845=AXIS2_PLACEMENT_3D('',#4224,#3483,#3484);
#2846=AXIS2_PLACEMENT_3D('',#4225,#3485,#3486);
#2847=AXIS2_PLACEMENT_3D('',#4227,#3487,#3488);
#2848=AXIS2_PLACEMENT_3D('',#4228,#3489,#3490);
#2849=AXIS2_PLACEMENT_3D('',#4237,#3495,#3496);
#2850=AXIS2_PLACEMENT_3D('',#4246,#3501,#3502);
#2851=AXIS2_PLACEMENT_3D('',#4250,#3505,#3506);
#2852=AXIS2_PLACEMENT_3D('',#4254,#3509,#3510);
#2853=AXIS2_PLACEMENT_3D('',#4265,#3514,#3515);
#2854=AXIS2_PLACEMENT_3D('',#4276,#3522,#3523);
#2855=AXIS2_PLACEMENT_3D('',#4285,#3526,#3527);
#2856=AXIS2_PLACEMENT_3D('',#4294,#3532,#3533);
#2857=AXIS2_PLACEMENT_3D('',#4303,#3538,#3539);
#2858=AXIS2_PLACEMENT_3D('',#4306,#3542,#3543);
#2859=AXIS2_PLACEMENT_3D('',#4308,#3545,#3546);
#2860=AXIS2_PLACEMENT_3D('',#4312,#3548,#3549);
#2861=AXIS2_PLACEMENT_3D('',#4319,#3553,#3554);
#2862=AXIS2_PLACEMENT_3D('',#4321,#3555,#3556);
#2863=AXIS2_PLACEMENT_3D('',#4324,#3558,#3559);
#2864=AXIS2_PLACEMENT_3D('',#4325,#3560,#3561);
#2865=AXIS2_PLACEMENT_3D('',#4328,#3564,#3565);
#2866=AXIS2_PLACEMENT_3D('',#4330,#3567,#3568);
#2867=AXIS2_PLACEMENT_3D('',#4332,#3570,#3571);
#2868=AXIS2_PLACEMENT_3D('',#4334,#3573,#3574);
#2869=AXIS2_PLACEMENT_3D('',#4335,#3575,#3576);
#2870=AXIS2_PLACEMENT_3D('',#4339,#3579,#3580);
#2871=AXIS2_PLACEMENT_3D('',#4344,#3581,#3582);
#2872=AXIS2_PLACEMENT_3D('',#4345,#3583,#3584);
#2873=AXIS2_PLACEMENT_3D('',#4349,#3586,#3587);
#2874=AXIS2_PLACEMENT_3D('',#4353,#3589,#3590);
#2875=AXIS2_PLACEMENT_3D('',#4357,#3592,#3593);
#2876=AXIS2_PLACEMENT_3D('',#4360,#3595,#3596);
#2877=AXIS2_PLACEMENT_3D('',#4365,#3599,#3600);
#2878=AXIS2_PLACEMENT_3D('',#4367,#3601,#3602);
#2879=AXIS2_PLACEMENT_3D('',#4369,#3603,#3604);
#2880=AXIS2_PLACEMENT_3D('',#4371,#3605,#3606);
#2881=AXIS2_PLACEMENT_3D('',#4372,#3607,#3608);
#2882=AXIS2_PLACEMENT_3D('',#4378,#3612,#3613);
#2883=AXIS2_PLACEMENT_3D('',#4384,#3615,#3616);
#2884=AXIS2_PLACEMENT_3D('',#4386,#3618,#3619);
#2885=AXIS2_PLACEMENT_3D('',#4388,#3621,#3622);
#2886=AXIS2_PLACEMENT_3D('',#4389,#3623,#3624);
#2887=AXIS2_PLACEMENT_3D('',#4390,#3625,#3626);
#2888=AXIS2_PLACEMENT_3D('',#4391,#3627,#3628);
#2889=AXIS2_PLACEMENT_3D('',#4392,#3629,#3630);
#2890=AXIS2_PLACEMENT_3D('',#4393,#3631,#3632);
#2891=AXIS2_PLACEMENT_3D('',#4394,#3633,#3634);
#2892=AXIS2_PLACEMENT_3D('',#4396,#3636,#3637);
#2893=AXIS2_PLACEMENT_3D('',#4398,#3639,#3640);
#2894=AXIS2_PLACEMENT_3D('',#4400,#3642,#3643);
#2895=AXIS2_PLACEMENT_3D('',#4402,#3645,#3646);
#2896=AXIS2_PLACEMENT_3D('',#4404,#3648,#3649);
#2897=AXIS2_PLACEMENT_3D('',#4406,#3651,#3652);
#2898=AXIS2_PLACEMENT_3D('',#4408,#3654,#3655);
#2899=AXIS2_PLACEMENT_3D('',#4410,#3657,#3658);
#2900=AXIS2_PLACEMENT_3D('',#4412,#3660,#3661);
#2901=AXIS2_PLACEMENT_3D('',#4414,#3663,#3664);
#2902=AXIS2_PLACEMENT_3D('',#4416,#3666,#3667);
#2903=AXIS2_PLACEMENT_3D('',#4417,#3668,#3669);
#2904=AXIS2_PLACEMENT_3D('',#4418,#3670,#3671);
#2905=AXIS2_PLACEMENT_3D('',#4419,#3672,#3673);
#2906=DIRECTION('axis',(0.,0.,1.));
#2907=DIRECTION('refdir',(1.,0.,0.));
#2908=DIRECTION('axis',(0.,0.,1.));
#2909=DIRECTION('refdir',(1.,0.,0.));
#2910=DIRECTION('center_axis',(0.,0.,-1.));
#2911=DIRECTION('ref_axis',(1.,0.,0.));
#2912=DIRECTION('center_axis',(0.,0.,1.));
#2913=DIRECTION('ref_axis',(1.,0.,0.));
#2914=DIRECTION('',(0.,0.,1.));
#2915=DIRECTION('center_axis',(0.,0.,1.));
#2916=DIRECTION('ref_axis',(1.,0.,0.));
#2917=DIRECTION('center_axis',(0.,0.,-1.));
#2918=DIRECTION('ref_axis',(1.,0.,0.));
#2919=DIRECTION('center_axis',(0.,0.,1.));
#2920=DIRECTION('ref_axis',(1.,0.,0.));
#2921=DIRECTION('',(0.,0.,1.));
#2922=DIRECTION('center_axis',(0.,0.,1.));
#2923=DIRECTION('ref_axis',(1.,0.,0.));
#2924=DIRECTION('center_axis',(0.,0.,-1.));
#2925=DIRECTION('ref_axis',(1.,0.,0.));
#2926=DIRECTION('center_axis',(0.,0.,1.));
#2927=DIRECTION('ref_axis',(1.,0.,0.));
#2928=DIRECTION('',(0.,0.,1.));
#2929=DIRECTION('center_axis',(0.,0.,1.));
#2930=DIRECTION('ref_axis',(1.,0.,0.));
#2931=DIRECTION('center_axis',(0.,0.,-1.));
#2932=DIRECTION('ref_axis',(1.,0.,0.));
#2933=DIRECTION('center_axis',(0.,0.,1.));
#2934=DIRECTION('ref_axis',(1.,0.,0.));
#2935=DIRECTION('',(0.,0.,1.));
#2936=DIRECTION('center_axis',(0.,0.,1.));
#2937=DIRECTION('ref_axis',(1.,0.,0.));
#2938=DIRECTION('center_axis',(0.,0.,-1.));
#2939=DIRECTION('ref_axis',(1.,0.,0.));
#2940=DIRECTION('center_axis',(0.,0.,1.));
#2941=DIRECTION('ref_axis',(1.,0.,0.));
#2942=DIRECTION('',(0.,0.,1.));
#2943=DIRECTION('center_axis',(0.,0.,1.));
#2944=DIRECTION('ref_axis',(1.,0.,0.));
#2945=DIRECTION('center_axis',(0.,0.,-1.));
#2946=DIRECTION('ref_axis',(1.,0.,0.));
#2947=DIRECTION('center_axis',(0.,0.,-1.));
#2948=DIRECTION('ref_axis',(1.,0.,0.));
#2949=DIRECTION('',(0.,0.,-1.));
#2950=DIRECTION('center_axis',(0.,0.,-1.));
#2951=DIRECTION('ref_axis',(1.,0.,0.));
#2952=DIRECTION('',(0.,0.,-1.));
#2953=DIRECTION('center_axis',(1.,2.91206039245943E-16,0.));
#2954=DIRECTION('ref_axis',(2.91206039245943E-16,-1.,0.));
#2955=DIRECTION('',(2.91206039245943E-16,-1.,0.));
#2956=DIRECTION('',(2.91206039245943E-16,-1.,0.));
#2957=DIRECTION('',(0.,0.,-1.));
#2958=DIRECTION('center_axis',(0.,0.,-1.));
#2959=DIRECTION('ref_axis',(0.,1.,0.));
#2960=DIRECTION('center_axis',(0.,0.,-1.));
#2961=DIRECTION('ref_axis',(0.,1.,0.));
#2962=DIRECTION('center_axis',(0.,0.,-1.));
#2963=DIRECTION('ref_axis',(0.,1.,0.));
#2964=DIRECTION('',(0.,0.,-1.));
#2965=DIRECTION('center_axis',(0.,1.,0.));
#2966=DIRECTION('ref_axis',(1.,0.,0.));
#2967=DIRECTION('',(1.,0.,0.));
#2968=DIRECTION('',(1.,0.,0.));
#2969=DIRECTION('',(0.,0.,-1.));
#2970=DIRECTION('center_axis',(0.,0.,-1.));
#2971=DIRECTION('ref_axis',(-1.,0.,0.));
#2972=DIRECTION('center_axis',(0.,0.,-1.));
#2973=DIRECTION('ref_axis',(-1.,0.,0.));
#2974=DIRECTION('center_axis',(0.,0.,-1.));
#2975=DIRECTION('ref_axis',(-1.,0.,0.));
#2976=DIRECTION('',(0.,0.,-1.));
#2977=DIRECTION('center_axis',(-1.,-2.91206039245943E-16,0.));
#2978=DIRECTION('ref_axis',(-2.91206039245943E-16,1.,0.));
#2979=DIRECTION('',(-2.91206039245943E-16,1.,0.));
#2980=DIRECTION('',(-2.91206039245943E-16,1.,0.));
#2981=DIRECTION('',(0.,0.,-1.));
#2982=DIRECTION('center_axis',(0.,0.,-1.));
#2983=DIRECTION('ref_axis',(0.,-1.,0.));
#2984=DIRECTION('center_axis',(0.,0.,-1.));
#2985=DIRECTION('ref_axis',(0.,-1.,0.));
#2986=DIRECTION('center_axis',(0.,0.,-1.));
#2987=DIRECTION('ref_axis',(0.,-1.,0.));
#2988=DIRECTION('',(0.,0.,-1.));
#2989=DIRECTION('center_axis',(0.,-1.,0.));
#2990=DIRECTION('ref_axis',(-1.,0.,0.));
#2991=DIRECTION('',(-1.,0.,0.));
#2992=DIRECTION('',(-1.,0.,0.));
#2993=DIRECTION('center_axis',(0.,0.,-1.));
#2994=DIRECTION('ref_axis',(-1.,0.,0.));
#2995=DIRECTION('center_axis',(0.,0.,-1.));
#2996=DIRECTION('ref_axis',(-1.,0.,0.));
#2997=DIRECTION('axis',(0.,0.,1.));
#2998=DIRECTION('refdir',(1.,0.,0.));
#2999=DIRECTION('center_axis',(0.,0.,1.));
#3000=DIRECTION('ref_axis',(-1.,0.,0.));
#3001=DIRECTION('center_axis',(0.,0.,1.));
#3002=DIRECTION('ref_axis',(-1.,0.,0.));
#3003=DIRECTION('',(0.,0.,1.));
#3004=DIRECTION('center_axis',(0.,0.,1.));
#3005=DIRECTION('ref_axis',(-1.,0.,0.));
#3006=DIRECTION('center_axis',(0.,0.,-1.));
#3007=DIRECTION('ref_axis',(-1.,0.,0.));
#3008=DIRECTION('center_axis',(0.,0.,-1.));
#3009=DIRECTION('ref_axis',(-1.,0.,0.));
#3010=DIRECTION('center_axis',(0.,0.,-1.));
#3011=DIRECTION('ref_axis',(-0.961769203083568,-0.273861278752582,0.));
#3012=DIRECTION('center_axis',(0.,0.,1.));
#3013=DIRECTION('ref_axis',(-0.961769203083568,-0.273861278752582,0.));
#3014=DIRECTION('',(0.,0.,-1.));
#3015=DIRECTION('center_axis',(0.,0.,-1.));
#3016=DIRECTION('ref_axis',(-0.961769203083568,-0.273861278752582,0.));
#3017=DIRECTION('',(0.,0.,1.));
#3018=DIRECTION('center_axis',(0.,0.,-1.));
#3019=DIRECTION('ref_axis',(1.,0.,0.));
#3020=DIRECTION('center_axis',(0.,0.,1.));
#3021=DIRECTION('ref_axis',(1.,0.,0.));
#3022=DIRECTION('',(0.,0.,1.));
#3023=DIRECTION('center_axis',(0.,0.,-1.));
#3024=DIRECTION('ref_axis',(1.,0.,0.));
#3025=DIRECTION('center_axis',(0.,0.,-1.));
#3026=DIRECTION('ref_axis',(0.961769203083568,-0.273861278752582,0.));
#3027=DIRECTION('center_axis',(0.,0.,1.));
#3028=DIRECTION('ref_axis',(0.961769203083568,-0.273861278752582,0.));
#3029=DIRECTION('',(0.,0.,-1.));
#3030=DIRECTION('center_axis',(0.,0.,-1.));
#3031=DIRECTION('ref_axis',(0.961769203083568,-0.273861278752582,0.));
#3032=DIRECTION('',(0.,0.,1.));
#3033=DIRECTION('center_axis',(-1.,0.,0.));
#3034=DIRECTION('ref_axis',(0.,1.,0.));
#3035=DIRECTION('',(0.,-1.,0.));
#3036=DIRECTION('',(0.,0.,-1.));
#3037=DIRECTION('',(0.,1.,0.));
#3038=DIRECTION('center_axis',(0.,0.,-1.));
#3039=DIRECTION('ref_axis',(0.903223101881808,0.429171327358906,0.));
#3040=DIRECTION('center_axis',(0.,0.,1.));
#3041=DIRECTION('ref_axis',(0.903223101881808,0.429171327358906,0.));
#3042=DIRECTION('',(0.,0.,-1.));
#3043=DIRECTION('center_axis',(0.,0.,-1.));
#3044=DIRECTION('ref_axis',(0.903223101881808,0.429171327358906,0.));
#3045=DIRECTION('center_axis',(-0.751858029261636,-0.659325036559973,0.));
#3046=DIRECTION('ref_axis',(-0.659325036559973,0.751858029261636,0.));
#3047=DIRECTION('',(0.659325036559973,-0.751858029261636,0.));
#3048=DIRECTION('',(0.,0.,1.));
#3049=DIRECTION('',(-0.659325036559973,0.751858029261636,0.));
#3050=DIRECTION('center_axis',(0.,0.,-1.));
#3051=DIRECTION('ref_axis',(-0.903223101881808,0.429171327358906,0.));
#3052=DIRECTION('center_axis',(0.,0.,1.));
#3053=DIRECTION('ref_axis',(-0.903223101881808,0.429171327358906,0.));
#3054=DIRECTION('',(0.,0.,-1.));
#3055=DIRECTION('center_axis',(0.,0.,-1.));
#3056=DIRECTION('ref_axis',(-0.903223101881808,0.429171327358906,0.));
#3057=DIRECTION('',(0.,0.,1.));
#3058=DIRECTION('center_axis',(0.,0.,-1.));
#3059=DIRECTION('ref_axis',(-0.353228937382223,-0.935536914181277,0.));
#3060=DIRECTION('center_axis',(0.,0.,-1.));
#3061=DIRECTION('ref_axis',(1.,0.,0.));
#3062=DIRECTION('center_axis',(0.,0.,1.));
#3063=DIRECTION('ref_axis',(1.,0.,0.));
#3064=DIRECTION('center_axis',(0.,0.,-1.));
#3065=DIRECTION('ref_axis',(0.412719616349905,0.910858121926784,0.));
#3066=DIRECTION('center_axis',(0.,0.,1.));
#3067=DIRECTION('ref_axis',(0.412719616349905,0.910858121926784,0.));
#3068=DIRECTION('',(0.,0.,-1.));
#3069=DIRECTION('center_axis',(0.,0.,-1.));
#3070=DIRECTION('ref_axis',(0.412719616349905,0.910858121926784,0.));
#3071=DIRECTION('center_axis',(0.,-1.,0.));
#3072=DIRECTION('ref_axis',(-1.,0.,0.));
#3073=DIRECTION('',(1.,0.,0.));
#3074=DIRECTION('',(0.,0.,1.));
#3075=DIRECTION('',(-1.,0.,0.));
#3076=DIRECTION('center_axis',(0.,0.,-1.));
#3077=DIRECTION('ref_axis',(-0.412719616349905,0.910858121926784,0.));
#3078=DIRECTION('center_axis',(0.,0.,1.));
#3079=DIRECTION('ref_axis',(-0.412719616349905,0.910858121926784,0.));
#3080=DIRECTION('',(0.,0.,-1.));
#3081=DIRECTION('center_axis',(0.,0.,-1.));
#3082=DIRECTION('ref_axis',(-0.412719616349905,0.910858121926784,0.));
#3083=DIRECTION('center_axis',(0.751858029261635,-0.659325036559973,0.));
#3084=DIRECTION('ref_axis',(-0.659325036559973,-0.751858029261635,0.));
#3085=DIRECTION('',(-0.659325036559973,-0.751858029261635,0.));
#3086=DIRECTION('',(0.659325036559973,0.751858029261635,0.));
#3087=DIRECTION('center_axis',(0.,0.,1.));
#3088=DIRECTION('ref_axis',(0.707106781186547,0.707106781186548,0.));
#3089=DIRECTION('center_axis',(0.,0.,-1.));
#3090=DIRECTION('ref_axis',(0.707106781186547,0.707106781186548,0.));
#3091=DIRECTION('',(0.,0.,-1.));
#3092=DIRECTION('center_axis',(0.,0.,1.));
#3093=DIRECTION('ref_axis',(0.707106781186547,0.707106781186548,0.));
#3094=DIRECTION('',(0.,0.,1.));
#3095=DIRECTION('center_axis',(1.,2.30695693428604E-16,0.));
#3096=DIRECTION('ref_axis',(2.30695693428604E-16,-1.,0.));
#3097=DIRECTION('',(-2.30695693428604E-16,1.,0.));
#3098=DIRECTION('',(0.,0.,1.));
#3099=DIRECTION('',(2.30695693428604E-16,-1.,0.));
#3100=DIRECTION('center_axis',(0.,0.,1.));
#3101=DIRECTION('ref_axis',(1.,0.,0.));
#3102=DIRECTION('',(-1.,0.,0.));
#3103=DIRECTION('center_axis',(0.,0.,-1.));
#3104=DIRECTION('ref_axis',(-0.707106781186547,0.707106781186548,0.));
#3105=DIRECTION('',(2.30695693428604E-16,-1.,0.));
#3106=DIRECTION('center_axis',(0.,0.,-1.));
#3107=DIRECTION('ref_axis',(-0.707106781186547,-0.707106781186548,0.));
#3108=DIRECTION('',(1.,1.50538715203411E-16,0.));
#3109=DIRECTION('center_axis',(0.,0.,1.));
#3110=DIRECTION('ref_axis',(0.707106781186548,0.707106781186547,0.));
#3111=DIRECTION('',(6.7799879366482E-17,-1.,0.));
#3112=DIRECTION('center_axis',(0.,0.,-1.));
#3113=DIRECTION('ref_axis',(0.707106781186549,-0.707106781186546,0.));
#3114=DIRECTION('',(-2.77555756157905E-16,1.,0.));
#3115=DIRECTION('center_axis',(0.,0.,1.));
#3116=DIRECTION('ref_axis',(-0.707106781186548,0.707106781186547,0.));
#3117=DIRECTION('',(1.,0.,0.));
#3118=DIRECTION('',(-1.00711375883923E-15,1.,0.));
#3119=DIRECTION('',(1.,8.54017711250118E-17,0.));
#3120=DIRECTION('',(-9.11198162759308E-16,-1.,0.));
#3121=DIRECTION('',(1.,0.,0.));
#3122=DIRECTION('center_axis',(0.,0.,1.));
#3123=DIRECTION('ref_axis',(0.707106781186547,0.707106781186548,0.));
#3124=DIRECTION('',(8.97149918889015E-17,-1.,0.));
#3125=DIRECTION('center_axis',(0.,0.,-1.));
#3126=DIRECTION('ref_axis',(0.707106781186548,-0.707106781186547,0.));
#3127=DIRECTION('',(0.,1.,0.));
#3128=DIRECTION('center_axis',(0.,0.,1.));
#3129=DIRECTION('ref_axis',(-0.707106781186548,0.707106781186547,0.));
#3130=DIRECTION('',(1.,1.50538715203411E-16,0.));
#3131=DIRECTION('center_axis',(0.,0.,-1.));
#3132=DIRECTION('ref_axis',(0.707106781186547,-0.707106781186548,0.));
#3133=DIRECTION('center_axis',(0.,0.,-1.));
#3134=DIRECTION('ref_axis',(1.,0.,0.));
#3135=DIRECTION('center_axis',(0.,0.,-1.));
#3136=DIRECTION('ref_axis',(1.,0.,0.));
#3137=DIRECTION('center_axis',(0.,0.,-1.));
#3138=DIRECTION('ref_axis',(1.,0.,0.));
#3139=DIRECTION('center_axis',(0.,0.,-1.));
#3140=DIRECTION('ref_axis',(1.,0.,0.));
#3141=DIRECTION('center_axis',(0.,0.,1.));
#3142=DIRECTION('ref_axis',(-0.707106781186547,0.707106781186548,0.));
#3143=DIRECTION('',(0.,0.,-1.));
#3144=DIRECTION('center_axis',(0.,0.,1.));
#3145=DIRECTION('ref_axis',(-0.707106781186547,0.707106781186548,0.));
#3146=DIRECTION('',(0.,0.,1.));
#3147=DIRECTION('center_axis',(-1.,-2.30695693428604E-16,0.));
#3148=DIRECTION('ref_axis',(-2.30695693428604E-16,1.,0.));
#3149=DIRECTION('',(-2.30695693428604E-16,1.,0.));
#3150=DIRECTION('',(0.,0.,-1.));
#3151=DIRECTION('center_axis',(0.,0.,1.));
#3152=DIRECTION('ref_axis',(1.,0.,0.));
#3153=DIRECTION('center_axis',(0.,0.,1.));
#3154=DIRECTION('ref_axis',(0.707106781186547,-0.707106781186548,0.));
#3155=DIRECTION('',(-2.19505225432227E-16,1.,0.));
#3156=DIRECTION('center_axis',(0.,0.,1.));
#3157=DIRECTION('ref_axis',(-0.707106781186547,-0.707106781186548,0.));
#3158=DIRECTION('',(1.,0.,0.));
#3159=DIRECTION('center_axis',(0.,0.,1.));
#3160=DIRECTION('ref_axis',(1.,0.,0.));
#3161=DIRECTION('center_axis',(0.,0.,1.));
#3162=DIRECTION('ref_axis',(1.,0.,0.));
#3163=DIRECTION('center_axis',(0.,0.,1.));
#3164=DIRECTION('ref_axis',(1.,0.,0.));
#3165=DIRECTION('center_axis',(0.,0.,1.));
#3166=DIRECTION('ref_axis',(1.,0.,0.));
#3167=DIRECTION('center_axis',(0.,0.,1.));
#3168=DIRECTION('ref_axis',(-1.,0.,0.));
#3169=DIRECTION('center_axis',(0.,0.,1.));
#3170=DIRECTION('ref_axis',(-0.707106781186547,-0.707106781186548,0.));
#3171=DIRECTION('center_axis',(0.,0.,-1.));
#3172=DIRECTION('ref_axis',(-0.707106781186547,-0.707106781186548,0.));
#3173=DIRECTION('',(0.,0.,1.));
#3174=DIRECTION('center_axis',(0.,0.,1.));
#3175=DIRECTION('ref_axis',(0.707106781186547,-0.707106781186548,0.));
#3176=DIRECTION('',(0.,0.,-1.));
#3177=DIRECTION('center_axis',(0.,0.,-1.));
#3178=DIRECTION('ref_axis',(0.707106781186547,-0.707106781186548,0.));
#3179=DIRECTION('',(0.,0.,1.));
#3180=DIRECTION('center_axis',(1.50538715203411E-16,-1.,0.));
#3181=DIRECTION('ref_axis',(-1.,-1.50538715203411E-16,0.));
#3182=DIRECTION('',(0.,0.,1.));
#3183=DIRECTION('',(-1.,-1.50538715203411E-16,0.));
#3184=DIRECTION('center_axis',(0.,0.,1.));
#3185=DIRECTION('ref_axis',(-1.,0.,0.));
#3186=DIRECTION('center_axis',(0.,0.,-1.));
#3187=DIRECTION('ref_axis',(-1.,0.,0.));
#3188=DIRECTION('',(0.,0.,-1.));
#3189=DIRECTION('center_axis',(0.,0.,1.));
#3190=DIRECTION('ref_axis',(-1.,0.,0.));
#3191=DIRECTION('center_axis',(0.,0.,1.));
#3192=DIRECTION('ref_axis',(1.,0.,0.));
#3193=DIRECTION('center_axis',(0.,0.,1.));
#3194=DIRECTION('ref_axis',(1.,0.,0.));
#3195=DIRECTION('',(0.,0.,-1.));
#3196=DIRECTION('center_axis',(0.,0.,-1.));
#3197=DIRECTION('ref_axis',(1.,0.,0.));
#3198=DIRECTION('center_axis',(0.,0.,1.));
#3199=DIRECTION('ref_axis',(1.,0.,0.));
#3200=DIRECTION('center_axis',(0.,0.,1.));
#3201=DIRECTION('ref_axis',(-1.,0.,0.));
#3202=DIRECTION('center_axis',(0.,0.,-1.));
#3203=DIRECTION('ref_axis',(-1.,0.,0.));
#3204=DIRECTION('',(0.,0.,-1.));
#3205=DIRECTION('center_axis',(0.,0.,1.));
#3206=DIRECTION('ref_axis',(-1.,0.,0.));
#3207=DIRECTION('center_axis',(0.,0.,1.));
#3208=DIRECTION('ref_axis',(1.,0.,0.));
#3209=DIRECTION('center_axis',(0.,0.,1.));
#3210=DIRECTION('ref_axis',(1.,0.,0.));
#3211=DIRECTION('',(0.,0.,-1.));
#3212=DIRECTION('center_axis',(0.,0.,-1.));
#3213=DIRECTION('ref_axis',(1.,0.,0.));
#3214=DIRECTION('center_axis',(0.,0.,1.));
#3215=DIRECTION('ref_axis',(1.,0.,0.));
#3216=DIRECTION('center_axis',(0.,0.,1.));
#3217=DIRECTION('ref_axis',(1.,0.,0.));
#3218=DIRECTION('center_axis',(0.,0.,1.));
#3219=DIRECTION('ref_axis',(0.707106781186547,0.707106781186548,0.));
#3220=DIRECTION('',(-1.,0.,0.));
#3221=DIRECTION('center_axis',(0.,0.,1.));
#3222=DIRECTION('ref_axis',(-0.707106781186548,0.707106781186547,0.));
#3223=DIRECTION('',(2.77555756157905E-16,-1.,0.));
#3224=DIRECTION('center_axis',(0.,0.,-1.));
#3225=DIRECTION('ref_axis',(-0.707106781186546,-0.707106781186549,0.));
#3226=DIRECTION('',(-6.7799879366482E-17,1.,0.));
#3227=DIRECTION('center_axis',(0.,0.,1.));
#3228=DIRECTION('ref_axis',(0.707106781186548,0.707106781186547,0.));
#3229=DIRECTION('',(-1.,-1.50538715203411E-16,0.));
#3230=DIRECTION('',(-2.19505225432227E-16,1.,0.));
#3231=DIRECTION('center_axis',(0.,0.,1.));
#3232=DIRECTION('ref_axis',(-0.707106781186548,0.707106781186547,0.));
#3233=DIRECTION('',(0.,-1.,0.));
#3234=DIRECTION('center_axis',(0.,0.,-1.));
#3235=DIRECTION('ref_axis',(-0.707106781186546,-0.707106781186549,0.));
#3236=DIRECTION('',(-8.97149918889015E-17,1.,0.));
#3237=DIRECTION('center_axis',(0.,0.,-1.));
#3238=DIRECTION('ref_axis',(1.,0.,0.));
#3239=DIRECTION('center_axis',(0.,0.,1.));
#3240=DIRECTION('ref_axis',(1.,0.,0.));
#3241=DIRECTION('center_axis',(0.,0.,1.));
#3242=DIRECTION('ref_axis',(-1.,0.,0.));
#3243=DIRECTION('center_axis',(0.,0.,-1.));
#3244=DIRECTION('ref_axis',(-1.,0.,0.));
#3245=DIRECTION('',(0.707106781186547,-8.65956056235493E-17,0.707106781186547));
#3246=DIRECTION('center_axis',(0.,0.,1.));
#3247=DIRECTION('ref_axis',(-1.,0.,0.));
#3248=DIRECTION('center_axis',(0.,0.,-1.));
#3249=DIRECTION('ref_axis',(-1.,0.,0.));
#3250=DIRECTION('',(-1.,0.,0.));
#3251=DIRECTION('',(-9.11198162759308E-16,-1.,0.));
#3252=DIRECTION('',(1.,8.54017711250118E-17,0.));
#3253=DIRECTION('',(-1.00711375883923E-15,1.,0.));
#3254=DIRECTION('center_axis',(0.,0.,-1.));
#3255=DIRECTION('ref_axis',(-1.,0.,0.));
#3256=DIRECTION('',(0.,0.,1.));
#3257=DIRECTION('center_axis',(1.,-9.11198162759308E-16,0.));
#3258=DIRECTION('ref_axis',(-9.11198162759308E-16,-1.,0.));
#3259=DIRECTION('',(0.,0.,-1.));
#3260=DIRECTION('',(0.,0.,-1.));
#3261=DIRECTION('center_axis',(-8.54017711250118E-17,1.,0.));
#3262=DIRECTION('ref_axis',(1.,8.54017711250118E-17,0.));
#3263=DIRECTION('',(0.,0.,-1.));
#3264=DIRECTION('center_axis',(-1.,-1.00711375883923E-15,0.));
#3265=DIRECTION('ref_axis',(-1.00711375883923E-15,1.,0.));
#3266=DIRECTION('',(0.,0.,1.));
#3267=DIRECTION('center_axis',(0.,-1.,0.));
#3268=DIRECTION('ref_axis',(1.,0.,0.));
#3269=DIRECTION('',(0.,0.,1.));
#3270=DIRECTION('',(0.,0.,-1.));
#3271=DIRECTION('center_axis',(0.,0.,1.));
#3272=DIRECTION('ref_axis',(1.,0.,0.));
#3273=DIRECTION('',(0.,0.,-1.));
#3274=DIRECTION('center_axis',(0.,0.,1.));
#3275=DIRECTION('ref_axis',(1.,0.,0.));
#3276=DIRECTION('',(0.,0.,-1.));
#3277=DIRECTION('center_axis',(0.,0.,1.));
#3278=DIRECTION('ref_axis',(1.,0.,0.));
#3279=DIRECTION('',(0.,0.,-1.));
#3280=DIRECTION('center_axis',(0.,0.,1.));
#3281=DIRECTION('ref_axis',(1.,0.,0.));
#3282=DIRECTION('',(0.,0.,-1.));
#3283=DIRECTION('center_axis',(0.,0.,-1.));
#3284=DIRECTION('ref_axis',(1.,0.,0.));
#3285=DIRECTION('',(0.,0.,-1.));
#3286=DIRECTION('center_axis',(0.,0.,-1.));
#3287=DIRECTION('ref_axis',(1.,0.,0.));
#3288=DIRECTION('center_axis',(0.,0.,1.));
#3289=DIRECTION('ref_axis',(1.,0.,0.));
#3290=DIRECTION('center_axis',(0.,0.,1.));
#3291=DIRECTION('ref_axis',(-1.,0.,0.));
#3292=DIRECTION('center_axis',(0.,0.,1.));
#3293=DIRECTION('ref_axis',(0.707106781186547,0.707106781186548,0.));
#3294=DIRECTION('',(0.,0.,1.));
#3295=DIRECTION('center_axis',(0.,0.,1.));
#3296=DIRECTION('ref_axis',(1.,0.,0.));
#3297=DIRECTION('center_axis',(0.,0.,1.));
#3298=DIRECTION('ref_axis',(-0.707106781186548,0.707106781186547,0.));
#3299=DIRECTION('',(0.,0.,-1.));
#3300=DIRECTION('center_axis',(0.,0.,1.));
#3301=DIRECTION('ref_axis',(0.707106781186548,0.707106781186547,0.));
#3302=DIRECTION('',(0.,0.,1.));
#3303=DIRECTION('',(0.,0.,-1.));
#3304=DIRECTION('center_axis',(-1.,-6.7799879366482E-17,0.));
#3305=DIRECTION('ref_axis',(6.7799879366482E-17,-1.,0.));
#3306=DIRECTION('',(0.,0.,-1.));
#3307=DIRECTION('center_axis',(0.,0.,1.));
#3308=DIRECTION('ref_axis',(-0.707106781186548,0.707106781186547,0.));
#3309=DIRECTION('',(0.,0.,-1.));
#3310=DIRECTION('center_axis',(1.,0.,0.));
#3311=DIRECTION('ref_axis',(0.,1.,0.));
#3312=DIRECTION('',(0.,0.,1.));
#3313=DIRECTION('center_axis',(0.,0.,1.));
#3314=DIRECTION('ref_axis',(0.707106781186549,-0.707106781186546,0.));
#3315=DIRECTION('',(0.,0.,1.));
#3316=DIRECTION('center_axis',(0.,0.,1.));
#3317=DIRECTION('ref_axis',(0.707106781186548,-0.707106781186547,0.));
#3318=DIRECTION('',(0.,0.,-1.));
#3319=DIRECTION('center_axis',(-1.,-8.97149918889015E-17,0.));
#3320=DIRECTION('ref_axis',(8.97149918889015E-17,-1.,0.));
#3321=DIRECTION('center_axis',(1.,2.77555756157905E-16,0.));
#3322=DIRECTION('ref_axis',(-2.77555756157905E-16,1.,0.));
#3323=DIRECTION('center_axis',(0.,0.,-1.));
#3324=DIRECTION('ref_axis',(-1.,0.,0.));
#3325=DIRECTION('',(0.,0.,1.));
#3326=DIRECTION('center_axis',(1.,2.19505225432227E-16,0.));
#3327=DIRECTION('ref_axis',(2.19505225432227E-16,-1.,0.));
#3328=DIRECTION('center_axis',(0.,1.,0.));
#3329=DIRECTION('ref_axis',(1.,0.,0.));
#3330=DIRECTION('center_axis',(1.50538715203411E-16,-1.,0.));
#3331=DIRECTION('ref_axis',(-1.,-1.50538715203411E-16,0.));
#3332=DIRECTION('axis',(0.,0.,1.));
#3333=DIRECTION('refdir',(1.,0.,0.));
#3334=DIRECTION('center_axis',(0.,0.,-1.));
#3335=DIRECTION('ref_axis',(-1.,-5.82412078491885E-16,0.));
#3336=DIRECTION('center_axis',(0.,0.,-1.));
#3337=DIRECTION('ref_axis',(-1.,0.,0.));
#3338=DIRECTION('',(-1.,0.,0.));
#3339=DIRECTION('center_axis',(0.,0.,1.));
#3340=DIRECTION('ref_axis',(-1.,0.,0.));
#3341=DIRECTION('',(-1.37064570941574E-16,1.,0.));
#3342=DIRECTION('',(8.50133759734121E-16,1.,0.));
#3343=DIRECTION('center_axis',(0.,0.,-1.));
#3344=DIRECTION('ref_axis',(0.986049695152621,-0.166451190111165,0.));
#3345=DIRECTION('center_axis',(0.,0.,1.));
#3346=DIRECTION('ref_axis',(0.986049695152621,-0.166451190111166,0.));
#3347=DIRECTION('center_axis',(0.,0.,-1.));
#3348=DIRECTION('ref_axis',(-1.,-5.82412078491885E-16,0.));
#3349=DIRECTION('',(5.82412078491885E-16,-1.,0.));
#3350=DIRECTION('center_axis',(0.,0.,-1.));
#3351=DIRECTION('ref_axis',(1.,5.82412078491885E-16,0.));
#3352=DIRECTION('center_axis',(0.,0.,1.));
#3353=DIRECTION('ref_axis',(1.,5.82412078491885E-16,0.));
#3354=DIRECTION('',(0.,0.,1.));
#3355=DIRECTION('center_axis',(0.,0.,1.));
#3356=DIRECTION('ref_axis',(1.,5.82412078491885E-16,0.));
#3357=DIRECTION('center_axis',(-1.,8.50133759734121E-16,0.));
#3358=DIRECTION('ref_axis',(8.50133759734121E-16,1.,0.));
#3359=DIRECTION('',(0.,0.,1.));
#3360=DIRECTION('',(-8.50133759734121E-16,-1.,0.));
#3361=DIRECTION('',(0.,0.,-1.));
#3362=DIRECTION('center_axis',(0.,0.,1.));
#3363=DIRECTION('ref_axis',(0.986049695152621,-0.166451190111165,0.));
#3364=DIRECTION('center_axis',(0.,0.,1.));
#3365=DIRECTION('ref_axis',(0.986049695152621,-0.166451190111165,0.));
#3366=DIRECTION('',(0.,0.,-1.));
#3367=DIRECTION('center_axis',(0.,0.,1.));
#3368=DIRECTION('ref_axis',(-0.353228937382223,-0.935536914181277,0.));
#3369=DIRECTION('center_axis',(0.,0.,-1.));
#3370=DIRECTION('ref_axis',(0.986049695152621,-0.166451190111166,0.));
#3371=DIRECTION('',(0.,0.,-1.));
#3372=DIRECTION('center_axis',(0.,0.,1.));
#3373=DIRECTION('ref_axis',(-1.,-5.82412078491885E-16,0.));
#3374=DIRECTION('center_axis',(0.,0.,1.));
#3375=DIRECTION('ref_axis',(-1.,-5.82412078491885E-16,0.));
#3376=DIRECTION('',(0.,0.,-1.));
#3377=DIRECTION('center_axis',(1.,5.82412078491885E-16,0.));
#3378=DIRECTION('ref_axis',(5.82412078491885E-16,-1.,0.));
#3379=DIRECTION('',(0.,0.,1.));
#3380=DIRECTION('',(-5.82412078491885E-16,1.,0.));
#3381=DIRECTION('center_axis',(0.,0.,1.));
#3382=DIRECTION('ref_axis',(1.,0.,0.));
#3383=DIRECTION('',(1.,0.,0.));
#3384=DIRECTION('',(-3.68538763361404E-16,1.,0.));
#3385=DIRECTION('center_axis',(0.,0.,1.));
#3386=DIRECTION('ref_axis',(-0.707106781186548,0.707106781186547,0.));
#3387=DIRECTION('',(1.,0.,0.));
#3388=DIRECTION('center_axis',(0.,0.,1.));
#3389=DIRECTION('ref_axis',(0.707106781186548,0.707106781186547,0.));
#3390=DIRECTION('',(0.,-1.,0.));
#3391=DIRECTION('',(1.,0.,0.));
#3392=DIRECTION('',(1.43254583822601E-15,-1.,0.));
#3393=DIRECTION('center_axis',(0.,0.,-1.));
#3394=DIRECTION('ref_axis',(-0.986049695152621,-0.166451190111166,0.));
#3395=DIRECTION('center_axis',(0.,0.,1.));
#3396=DIRECTION('ref_axis',(-0.986049695152621,-0.166451190111167,0.));
#3397=DIRECTION('center_axis',(0.,0.,-1.));
#3398=DIRECTION('ref_axis',(1.,0.,0.));
#3399=DIRECTION('',(0.,1.,0.));
#3400=DIRECTION('center_axis',(0.,0.,1.));
#3401=DIRECTION('ref_axis',(0.,-1.,0.));
#3402=DIRECTION('',(-2.91206039245943E-16,1.,0.));
#3403=DIRECTION('center_axis',(0.,0.,1.));
#3404=DIRECTION('ref_axis',(1.,5.55111512312578E-16,0.));
#3405=DIRECTION('',(-1.,0.,0.));
#3406=DIRECTION('center_axis',(0.,0.,1.));
#3407=DIRECTION('ref_axis',(0.,1.,0.));
#3408=DIRECTION('',(2.91206039245943E-16,-1.,0.));
#3409=DIRECTION('center_axis',(0.,0.,1.));
#3410=DIRECTION('ref_axis',(-1.,0.,0.));
#3411=DIRECTION('center_axis',(0.,0.,-1.));
#3412=DIRECTION('ref_axis',(-1.,0.,0.));
#3413=DIRECTION('center_axis',(0.,0.,-1.));
#3414=DIRECTION('ref_axis',(-1.,0.,0.));
#3415=DIRECTION('center_axis',(0.,0.,-1.));
#3416=DIRECTION('ref_axis',(-1.,0.,0.));
#3417=DIRECTION('center_axis',(0.,0.,-1.));
#3418=DIRECTION('ref_axis',(-1.,0.,0.));
#3419=DIRECTION('center_axis',(0.,0.,-1.));
#3420=DIRECTION('ref_axis',(1.,0.,0.));
#3421=DIRECTION('center_axis',(0.,0.,-1.));
#3422=DIRECTION('ref_axis',(-1.,0.,0.));
#3423=DIRECTION('center_axis',(-1.,-1.37064570941574E-16,0.));
#3424=DIRECTION('ref_axis',(1.37064570941574E-16,-1.,0.));
#3425=DIRECTION('',(0.,0.,1.));
#3426=DIRECTION('',(1.37064570941574E-16,-1.,0.));
#3427=DIRECTION('',(0.,0.,1.));
#3428=DIRECTION('center_axis',(0.,0.,1.));
#3429=DIRECTION('ref_axis',(-1.,0.,0.));
#3430=DIRECTION('',(0.,0.,1.));
#3431=DIRECTION('center_axis',(0.,0.,-1.));
#3432=DIRECTION('ref_axis',(-1.,0.,0.));
#3433=DIRECTION('center_axis',(0.,0.,-1.));
#3434=DIRECTION('ref_axis',(-1.,0.,0.));
#3435=DIRECTION('center_axis',(0.,0.,1.));
#3436=DIRECTION('ref_axis',(-1.,0.,0.));
#3437=DIRECTION('',(0.,0.,1.));
#3438=DIRECTION('center_axis',(-1.,-1.43254583822601E-15,0.));
#3439=DIRECTION('ref_axis',(-1.43254583822601E-15,1.,0.));
#3440=DIRECTION('',(0.,0.,1.));
#3441=DIRECTION('',(-1.43254583822601E-15,1.,0.));
#3442=DIRECTION('',(0.,0.,-1.));
#3443=DIRECTION('center_axis',(0.,0.,-1.));
#3444=DIRECTION('ref_axis',(-0.986049695152621,-0.166451190111166,0.));
#3445=DIRECTION('center_axis',(0.,0.,1.));
#3446=DIRECTION('ref_axis',(-0.986049695152621,-0.166451190111166,0.));
#3447=DIRECTION('',(0.,0.,-1.));
#3448=DIRECTION('center_axis',(0.,0.,-1.));
#3449=DIRECTION('ref_axis',(0.353228937382223,-0.935536914181277,0.));
#3450=DIRECTION('center_axis',(0.,0.,-1.));
#3451=DIRECTION('ref_axis',(-0.986049695152621,-0.166451190111167,0.));
#3452=DIRECTION('',(0.,0.,-1.));
#3453=DIRECTION('center_axis',(0.,0.,-1.));
#3454=DIRECTION('ref_axis',(1.,0.,0.));
#3455=DIRECTION('center_axis',(0.,0.,1.));
#3456=DIRECTION('ref_axis',(1.,0.,0.));
#3457=DIRECTION('',(0.,0.,-1.));
#3458=DIRECTION('center_axis',(1.,0.,0.));
#3459=DIRECTION('ref_axis',(0.,-1.,0.));
#3460=DIRECTION('',(0.,-1.,0.));
#3461=DIRECTION('',(0.,0.,-1.));
#3462=DIRECTION('center_axis',(0.,0.,1.));
#3463=DIRECTION('ref_axis',(1.,0.,0.));
#3464=DIRECTION('center_axis',(0.,0.,1.));
#3465=DIRECTION('ref_axis',(0.,-1.,0.));
#3466=DIRECTION('',(-1.,0.,0.));
#3467=DIRECTION('center_axis',(0.,0.,-1.));
#3468=DIRECTION('ref_axis',(0.,-1.,0.));
#3469=DIRECTION('',(0.,-1.,0.));
#3470=DIRECTION('center_axis',(0.,0.,1.));
#3471=DIRECTION('ref_axis',(0.,-1.,0.));
#3472=DIRECTION('',(0.,0.,1.));
#3473=DIRECTION('center_axis',(0.,0.,1.));
#3474=DIRECTION('ref_axis',(0.,-1.,0.));
#3475=DIRECTION('',(0.,0.,1.));
#3476=DIRECTION('center_axis',(0.,-1.,0.));
#3477=DIRECTION('ref_axis',(1.,0.,0.));
#3478=DIRECTION('',(0.,0.,1.));
#3479=DIRECTION('',(1.,0.,0.));
#3480=DIRECTION('center_axis',(0.,0.,-1.));
#3481=DIRECTION('ref_axis',(1.,0.,0.));
#3482=DIRECTION('',(0.,0.,-1.));
#3483=DIRECTION('center_axis',(0.,0.,-1.));
#3484=DIRECTION('ref_axis',(1.,0.,0.));
#3485=DIRECTION('center_axis',(0.,0.,1.));
#3486=DIRECTION('ref_axis',(1.,0.,0.));
#3487=DIRECTION('center_axis',(0.,0.,1.));
#3488=DIRECTION('ref_axis',(-1.,0.,0.));
#3489=DIRECTION('center_axis',(1.,-1.42886293292095E-16,0.));
#3490=DIRECTION('ref_axis',(-1.42886293292095E-16,-1.,0.));
#3491=DIRECTION('',(-1.42886293292095E-16,-1.,1.65712326863831E-17));
#3492=DIRECTION('',(0.,0.,-1.));
#3493=DIRECTION('',(1.42886293292095E-16,1.,0.));
#3494=DIRECTION('',(0.,0.,-1.));
#3495=DIRECTION('center_axis',(-1.,4.50453276393651E-16,0.));
#3496=DIRECTION('ref_axis',(4.50453276393651E-16,1.,0.));
#3497=DIRECTION('',(4.50453276393651E-16,1.,-2.11266987425933E-16));
#3498=DIRECTION('',(0.,0.,1.));
#3499=DIRECTION('',(-4.50453276393651E-16,-1.,0.));
#3500=DIRECTION('',(0.,0.,-1.));
#3501=DIRECTION('center_axis',(4.2700885562506E-16,1.,0.));
#3502=DIRECTION('ref_axis',(1.,-4.2700885562506E-16,0.));
#3503=DIRECTION('',(0.707106781186548,-3.01940857439188E-16,-0.707106781186547));
#3504=DIRECTION('',(-1.,4.2700885562506E-16,0.));
#3505=DIRECTION('center_axis',(4.2700885562506E-16,1.,0.));
#3506=DIRECTION('ref_axis',(1.,-4.2700885562506E-16,0.));
#3507=DIRECTION('',(0.707106781186547,-3.01940857439187E-16,0.707106781186548));
#3508=DIRECTION('',(-1.,4.2700885562506E-16,0.));
#3509=DIRECTION('center_axis',(0.707106781186548,-1.12753497930612E-16,
-0.707106781186547));
#3510=DIRECTION('ref_axis',(-0.707106781186547,0.,-0.707106781186548));
#3511=DIRECTION('',(0.707106781186547,0.,0.707106781186548));
#3512=DIRECTION('',(-1.59457525978478E-16,-1.,0.));
#3513=DIRECTION('',(1.59457525978478E-16,1.,0.));
#3514=DIRECTION('center_axis',(0.,-1.,0.));
#3515=DIRECTION('ref_axis',(1.,0.,0.));
#3516=DIRECTION('',(0.707106781186548,0.,-0.707106781186547));
#3517=DIRECTION('',(0.,0.,-1.));
#3518=DIRECTION('',(-0.707106781186548,0.,-0.707106781186548));
#3519=DIRECTION('',(-1.,0.,0.));
#3520=DIRECTION('',(0.,0.,1.));
#3521=DIRECTION('',(1.,0.,0.));
#3522=DIRECTION('center_axis',(-0.707106781186547,1.69130246895918E-16,
-0.707106781186548));
#3523=DIRECTION('ref_axis',(-0.707106781186548,0.,0.707106781186547));
#3524=DIRECTION('',(-2.39186288967718E-16,-1.,0.));
#3525=DIRECTION('',(2.39186288967718E-16,1.,0.));
#3526=DIRECTION('center_axis',(-1.,-5.33761069531325E-16,0.));
#3527=DIRECTION('ref_axis',(-5.33761069531325E-16,1.,0.));
#3528=DIRECTION('',(5.33761069531325E-16,-1.,0.));
#3529=DIRECTION('',(0.,0.,-1.));
#3530=DIRECTION('',(-5.33761069531325E-16,1.,0.));
#3531=DIRECTION('',(0.,0.,-1.));
#3532=DIRECTION('center_axis',(1.,5.33761069531325E-16,0.));
#3533=DIRECTION('ref_axis',(5.33761069531325E-16,-1.,0.));
#3534=DIRECTION('',(-5.33761069531325E-16,1.,0.));
#3535=DIRECTION('',(0.,0.,-1.));
#3536=DIRECTION('',(5.33761069531325E-16,-1.,0.));
#3537=DIRECTION('',(0.,0.,-1.));
#3538=DIRECTION('center_axis',(-5.33761069531325E-16,1.,0.));
#3539=DIRECTION('ref_axis',(1.,5.33761069531325E-16,0.));
#3540=DIRECTION('',(-1.,-5.33761069531325E-16,0.));
#3541=DIRECTION('',(1.,5.33761069531325E-16,0.));
#3542=DIRECTION('center_axis',(0.,0.,-1.));
#3543=DIRECTION('ref_axis',(-1.,0.,0.));
#3544=DIRECTION('',(-1.,1.19311297895237E-16,0.));
#3545=DIRECTION('center_axis',(0.,0.,1.));
#3546=DIRECTION('ref_axis',(1.,0.,0.));
#3547=DIRECTION('',(2.39186288967718E-16,1.,0.));
#3548=DIRECTION('center_axis',(0.,0.,-1.));
#3549=DIRECTION('ref_axis',(0.72,0.693974062915899,0.));
#3550=DIRECTION('',(-1.59457525978478E-16,-1.,0.));
#3551=DIRECTION('',(-1.,0.,0.));
#3552=DIRECTION('',(0.,1.,0.));
#3553=DIRECTION('center_axis',(0.,0.,-1.));
#3554=DIRECTION('ref_axis',(0.707106781186548,0.707106781186547,0.));
#3555=DIRECTION('center_axis',(0.,0.,-1.));
#3556=DIRECTION('ref_axis',(-0.707106781186548,0.707106781186547,0.));
#3557=DIRECTION('',(3.68538763361404E-16,-1.,0.));
#3558=DIRECTION('center_axis',(0.,0.,-1.));
#3559=DIRECTION('ref_axis',(-1.,0.,0.));
#3560=DIRECTION('center_axis',(0.,0.,1.));
#3561=DIRECTION('ref_axis',(-0.707106781186548,0.707106781186547,0.));
#3562=DIRECTION('',(0.,0.,1.));
#3563=DIRECTION('',(0.,0.,-1.));
#3564=DIRECTION('center_axis',(0.,-1.,0.));
#3565=DIRECTION('ref_axis',(1.,0.,0.));
#3566=DIRECTION('',(0.,0.,-1.));
#3567=DIRECTION('center_axis',(0.,0.,1.));
#3568=DIRECTION('ref_axis',(0.707106781186548,0.707106781186547,0.));
#3569=DIRECTION('',(0.,0.,1.));
#3570=DIRECTION('center_axis',(-1.,0.,0.));
#3571=DIRECTION('ref_axis',(0.,-1.,0.));
#3572=DIRECTION('',(0.,0.,1.));
#3573=DIRECTION('center_axis',(1.,3.68538763361404E-16,0.));
#3574=DIRECTION('ref_axis',(-3.68538763361404E-16,1.,0.));
#3575=DIRECTION('center_axis',(-1.,2.39186288967718E-16,0.));
#3576=DIRECTION('ref_axis',(-2.39186288967718E-16,-1.,0.));
#3577=DIRECTION('',(-2.39186288967718E-16,-1.,0.));
#3578=DIRECTION('',(0.,0.,1.));
#3579=DIRECTION('center_axis',(-0.707106781186548,1.69130246895918E-16,
0.707106781186548));
#3580=DIRECTION('ref_axis',(0.707106781186548,0.,0.707106781186548));
#3581=DIRECTION('center_axis',(0.,0.,1.));
#3582=DIRECTION('ref_axis',(1.,0.,0.));
#3583=DIRECTION('center_axis',(0.,0.,1.));
#3584=DIRECTION('ref_axis',(0.72,0.693974062915899,0.));
#3585=DIRECTION('',(1.,0.,0.));
#3586=DIRECTION('center_axis',(0.,0.,1.));
#3587=DIRECTION('ref_axis',(-1.,0.,0.));
#3588=DIRECTION('',(2.91206039245943E-16,-1.,0.));
#3589=DIRECTION('center_axis',(0.,0.,1.));
#3590=DIRECTION('ref_axis',(0.,1.,0.));
#3591=DIRECTION('',(-1.,0.,0.));
#3592=DIRECTION('center_axis',(0.,0.,1.));
#3593=DIRECTION('ref_axis',(1.,5.55111512312578E-16,0.));
#3594=DIRECTION('',(-2.91206039245943E-16,1.,0.));
#3595=DIRECTION('center_axis',(0.,0.,-1.));
#3596=DIRECTION('ref_axis',(0.,-1.,0.));
#3597=DIRECTION('',(0.,1.,0.));
#3598=DIRECTION('',(1.,0.,0.));
#3599=DIRECTION('center_axis',(0.,0.,-1.));
#3600=DIRECTION('ref_axis',(-1.,0.,0.));
#3601=DIRECTION('center_axis',(0.,0.,-1.));
#3602=DIRECTION('ref_axis',(-1.,0.,0.));
#3603=DIRECTION('center_axis',(0.,0.,-1.));
#3604=DIRECTION('ref_axis',(-1.,0.,0.));
#3605=DIRECTION('center_axis',(0.,0.,-1.));
#3606=DIRECTION('ref_axis',(-1.,0.,0.));
#3607=DIRECTION('center_axis',(1.,-1.59457525978478E-16,0.));
#3608=DIRECTION('ref_axis',(1.59457525978478E-16,1.,0.));
#3609=DIRECTION('',(0.,0.,1.));
#3610=DIRECTION('',(1.59457525978478E-16,1.,0.));
#3611=DIRECTION('',(0.,0.,1.));
#3612=DIRECTION('center_axis',(0.707106781186549,-1.12753497930612E-16,
0.707106781186547));
#3613=DIRECTION('ref_axis',(0.707106781186546,0.,-0.707106781186548));
#3614=DIRECTION('',(-0.707106781186546,0.,0.707106781186548));
#3615=DIRECTION('center_axis',(0.,-1.,0.));
#3616=DIRECTION('ref_axis',(1.,0.,0.));
#3617=DIRECTION('',(0.,0.,1.));
#3618=DIRECTION('center_axis',(1.,0.,0.));
#3619=DIRECTION('ref_axis',(0.,1.,0.));
#3620=DIRECTION('',(0.,0.,1.));
#3621=DIRECTION('center_axis',(0.,0.,1.));
#3622=DIRECTION('ref_axis',(0.,-1.,0.));
#3623=DIRECTION('center_axis',(0.,0.,-1.));
#3624=DIRECTION('ref_axis',(0.72,0.693974062915899,0.));
#3625=DIRECTION('center_axis',(0.,0.,1.));
#3626=DIRECTION('ref_axis',(0.72,0.693974062915899,0.));
#3627=DIRECTION('center_axis',(0.,0.,1.));
#3628=DIRECTION('ref_axis',(0.72,0.693974062915899,0.));
#3629=DIRECTION('center_axis',(0.,0.,-1.));
#3630=DIRECTION('ref_axis',(0.72,0.693974062915899,0.));
#3631=DIRECTION('center_axis',(0.,0.,1.));
#3632=DIRECTION('ref_axis',(0.72,0.693974062915899,0.));
#3633=DIRECTION('center_axis',(0.,0.,1.));
#3634=DIRECTION('ref_axis',(-1.,0.,0.));
#3635=DIRECTION('',(0.,0.,-1.));
#3636=DIRECTION('center_axis',(0.,0.,1.));
#3637=DIRECTION('ref_axis',(-1.,0.,0.));
#3638=DIRECTION('',(0.,0.,-1.));
#3639=DIRECTION('center_axis',(0.,0.,1.));
#3640=DIRECTION('ref_axis',(-1.,0.,0.));
#3641=DIRECTION('',(0.,0.,-1.));
#3642=DIRECTION('center_axis',(0.,0.,1.));
#3643=DIRECTION('ref_axis',(-1.,0.,0.));
#3644=DIRECTION('',(0.,0.,-1.));
#3645=DIRECTION('center_axis',(0.,0.,1.));
#3646=DIRECTION('ref_axis',(-1.,0.,0.));
#3647=DIRECTION('',(0.,0.,-1.));
#3648=DIRECTION('center_axis',(0.,-1.,0.));
#3649=DIRECTION('ref_axis',(1.,0.,0.));
#3650=DIRECTION('',(0.,0.,1.));
#3651=DIRECTION('center_axis',(0.,0.,1.));
#3652=DIRECTION('ref_axis',(-1.,0.,0.));
#3653=DIRECTION('',(0.,0.,1.));
#3654=DIRECTION('center_axis',(-1.,-2.91206039245943E-16,0.));
#3655=DIRECTION('ref_axis',(2.91206039245943E-16,-1.,0.));
#3656=DIRECTION('',(0.,0.,1.));
#3657=DIRECTION('center_axis',(0.,0.,1.));
#3658=DIRECTION('ref_axis',(0.,1.,0.));
#3659=DIRECTION('',(0.,0.,1.));
#3660=DIRECTION('center_axis',(0.,1.,0.));
#3661=DIRECTION('ref_axis',(-1.,0.,0.));
#3662=DIRECTION('',(0.,0.,1.));
#3663=DIRECTION('center_axis',(0.,0.,1.));
#3664=DIRECTION('ref_axis',(1.,5.55111512312578E-16,0.));
#3665=DIRECTION('',(0.,0.,1.));
#3666=DIRECTION('center_axis',(1.,2.91206039245943E-16,0.));
#3667=DIRECTION('ref_axis',(-2.91206039245943E-16,1.,0.));
#3668=DIRECTION('',(0.,0.,1.));
#3669=DIRECTION('',(1.,0.,0.));
#3670=DIRECTION('',(0.,0.,1.));
#3671=DIRECTION('',(1.,0.,0.));
#3672=DIRECTION('',(0.,0.,1.));
#3673=DIRECTION('',(1.,0.,0.));
#3674=CARTESIAN_POINT('',(0.,0.,0.));
#3675=CARTESIAN_POINT('',(0.,0.,0.));
#3676=CARTESIAN_POINT('Origin',(1.25,-7.,-2.));
#3677=CARTESIAN_POINT('',(-0.85,-7.,-5.6));
#3678=CARTESIAN_POINT('Origin',(1.25,-7.,-5.6));
#3679=CARTESIAN_POINT('',(-0.85,-7.,-2.));
#3680=CARTESIAN_POINT('',(-0.85,-7.,-2.));
#3681=CARTESIAN_POINT('Origin',(1.25,-7.,-2.));
#3682=CARTESIAN_POINT('Origin',(-11.25,-16.,-2.));
#3683=CARTESIAN_POINT('',(-12.925,-16.,-5.6));
#3684=CARTESIAN_POINT('Origin',(-11.25,-16.,-5.6));
#3685=CARTESIAN_POINT('',(-12.925,-16.,-2.));
#3686=CARTESIAN_POINT('',(-12.925,-16.,-2.));
#3687=CARTESIAN_POINT('Origin',(-11.25,-16.,-2.));
#3688=CARTESIAN_POINT('Origin',(11.25,-16.,-2.));
#3689=CARTESIAN_POINT('',(9.575,-16.,-5.6));
#3690=CARTESIAN_POINT('Origin',(11.25,-16.,-5.6));
#3691=CARTESIAN_POINT('',(9.575,-16.,-2.));
#3692=CARTESIAN_POINT('',(9.575,-16.,-2.));
#3693=CARTESIAN_POINT('Origin',(11.25,-16.,-2.));
#3694=CARTESIAN_POINT('Origin',(11.25,16.,-2.));
#3695=CARTESIAN_POINT('',(9.57500000000001,16.,-5.6));
#3696=CARTESIAN_POINT('Origin',(11.25,16.,-5.6));
#3697=CARTESIAN_POINT('',(9.57500000000001,16.,-2.));
#3698=CARTESIAN_POINT('',(9.57500000000001,16.,-2.));
#3699=CARTESIAN_POINT('Origin',(11.25,16.,-2.));
#3700=CARTESIAN_POINT('Origin',(-11.25,16.,-2.));
#3701=CARTESIAN_POINT('',(-12.925,16.,-5.6));
#3702=CARTESIAN_POINT('Origin',(-11.25,16.,-5.6));
#3703=CARTESIAN_POINT('',(-12.925,16.,-2.));
#3704=CARTESIAN_POINT('',(-12.925,16.,-2.));
#3705=CARTESIAN_POINT('Origin',(-11.25,16.,-2.));
#3706=CARTESIAN_POINT('Origin',(10.75,-15.25,-2.));
#3707=CARTESIAN_POINT('',(14.75,-15.25,-2.));
#3708=CARTESIAN_POINT('',(10.75,-19.25,-2.));
#3709=CARTESIAN_POINT('Origin',(10.75,-15.25,-2.));
#3710=CARTESIAN_POINT('',(10.75,-19.25,-5.6));
#3711=CARTESIAN_POINT('',(10.75,-19.25,-2.));
#3712=CARTESIAN_POINT('',(14.75,-15.25,-5.6));
#3713=CARTESIAN_POINT('Origin',(10.75,-15.25,-5.6));
#3714=CARTESIAN_POINT('',(14.75,-15.25,-2.));
#3715=CARTESIAN_POINT('Origin',(14.75,15.25,-2.));
#3716=CARTESIAN_POINT('',(14.75,15.25,-2.));
#3717=CARTESIAN_POINT('',(14.75,15.25,-2.));
#3718=CARTESIAN_POINT('',(14.75,15.25,-5.6));
#3719=CARTESIAN_POINT('',(14.75,15.25,-5.6));
#3720=CARTESIAN_POINT('',(14.75,15.25,-2.));
#3721=CARTESIAN_POINT('Origin',(10.75,15.25,-2.));
#3722=CARTESIAN_POINT('',(10.75,19.25,-2.));
#3723=CARTESIAN_POINT('Origin',(10.75,15.25,-2.));
#3724=CARTESIAN_POINT('',(10.75,19.25,-5.6));
#3725=CARTESIAN_POINT('Origin',(10.75,15.25,-5.6));
#3726=CARTESIAN_POINT('',(10.75,19.25,-2.));
#3727=CARTESIAN_POINT('Origin',(-10.75,19.25,-2.));
#3728=CARTESIAN_POINT('',(-10.75,19.25,-2.));
#3729=CARTESIAN_POINT('',(-10.75,19.25,-2.));
#3730=CARTESIAN_POINT('',(-10.75,19.25,-5.6));
#3731=CARTESIAN_POINT('',(-10.75,19.25,-5.6));
#3732=CARTESIAN_POINT('',(-10.75,19.25,-2.));
#3733=CARTESIAN_POINT('Origin',(-10.75,15.25,-2.));
#3734=CARTESIAN_POINT('',(-14.75,15.25,-2.));
#3735=CARTESIAN_POINT('Origin',(-10.75,15.25,-2.));
#3736=CARTESIAN_POINT('',(-14.75,15.25,-5.6));
#3737=CARTESIAN_POINT('Origin',(-10.75,15.25,-5.6));
#3738=CARTESIAN_POINT('',(-14.75,15.25,-2.));
#3739=CARTESIAN_POINT('Origin',(-14.75,-15.25,-2.));
#3740=CARTESIAN_POINT('',(-14.75,-15.25,-2.));
#3741=CARTESIAN_POINT('',(-14.75,-15.25,-2.));
#3742=CARTESIAN_POINT('',(-14.75,-15.25,-5.6));
#3743=CARTESIAN_POINT('',(-14.75,-15.25,-5.6));
#3744=CARTESIAN_POINT('',(-14.75,-15.25,-2.));
#3745=CARTESIAN_POINT('Origin',(-10.75,-15.25,-2.));
#3746=CARTESIAN_POINT('',(-10.75,-19.25,-2.));
#3747=CARTESIAN_POINT('Origin',(-10.75,-15.25,-2.));
#3748=CARTESIAN_POINT('',(-10.75,-19.25,-5.6));
#3749=CARTESIAN_POINT('Origin',(-10.75,-15.25,-5.6));
#3750=CARTESIAN_POINT('',(-10.75,-19.25,-2.));
#3751=CARTESIAN_POINT('Origin',(10.75,-19.25,-2.));
#3752=CARTESIAN_POINT('',(10.75,-19.25,-2.));
#3753=CARTESIAN_POINT('',(10.75,-19.25,-5.6));
#3754=CARTESIAN_POINT('Origin',(4.44089209850063E-15,-2.22044604925031E-15,
-5.6));
#3755=CARTESIAN_POINT('Origin',(4.44089209850063E-15,-2.22044604925031E-15,
-2.));
#3756=CARTESIAN_POINT('',(0.,0.,0.));
#3757=CARTESIAN_POINT('Origin',(1.25,-7.,-2.));
#3758=CARTESIAN_POINT('',(3.35,-7.,-2.));
#3759=CARTESIAN_POINT('Origin',(1.25,-7.,-2.));
#3760=CARTESIAN_POINT('',(3.35,-7.,-0.3));
#3761=CARTESIAN_POINT('',(3.35,-7.,-2.));
#3762=CARTESIAN_POINT('Origin',(1.25,-7.,-0.3));
#3763=CARTESIAN_POINT('Origin',(1.25,-7.,-0.3));
#3764=CARTESIAN_POINT('',(2.25,-7.,-0.3));
#3765=CARTESIAN_POINT('Origin',(1.25,-7.,-0.3));
#3766=CARTESIAN_POINT('Origin',(15.5,-28.7160865617868,0.));
#3767=CARTESIAN_POINT('',(13.5,-28.7160865617868,0.));
#3768=CARTESIAN_POINT('',(13.8,-29.7696519370721,0.));
#3769=CARTESIAN_POINT('Origin',(15.5,-28.7160865617868,0.));
#3770=CARTESIAN_POINT('',(13.8,-29.7696519370721,-2.));
#3771=CARTESIAN_POINT('',(13.8,-29.7696519370721,0.));
#3772=CARTESIAN_POINT('',(13.5,-28.7160865617868,-2.));
#3773=CARTESIAN_POINT('Origin',(15.5,-28.7160865617868,-2.));
#3774=CARTESIAN_POINT('',(13.5,-28.7160865617868,0.));
#3775=CARTESIAN_POINT('Origin',(11.25,-31.35,0.));
#3776=CARTESIAN_POINT('',(8.29185091454214,-31.8493535703335,0.));
#3777=CARTESIAN_POINT('Origin',(11.25,-31.35,0.));
#3778=CARTESIAN_POINT('',(8.29185091454214,-31.8493535703335,-2.));
#3779=CARTESIAN_POINT('',(8.29185091454214,-31.8493535703335,0.));
#3780=CARTESIAN_POINT('Origin',(11.25,-31.35,-2.));
#3781=CARTESIAN_POINT('Origin',(-13.,-28.7160865617868,0.));
#3782=CARTESIAN_POINT('',(-11.3,-29.7696519370721,0.));
#3783=CARTESIAN_POINT('',(-11.,-28.7160865617868,0.));
#3784=CARTESIAN_POINT('Origin',(-13.,-28.7160865617868,0.));
#3785=CARTESIAN_POINT('',(-11.,-28.7160865617868,-2.));
#3786=CARTESIAN_POINT('',(-11.,-28.7160865617868,0.));
#3787=CARTESIAN_POINT('',(-11.3,-29.7696519370721,-2.));
#3788=CARTESIAN_POINT('Origin',(-13.,-28.7160865617868,-2.));
#3789=CARTESIAN_POINT('',(-11.3,-29.7696519370721,0.));
#3790=CARTESIAN_POINT('Origin',(-11.,-29.3656865167016,0.));
#3791=CARTESIAN_POINT('',(-11.,-19.2421798556678,0.));
#3792=CARTESIAN_POINT('',(-11.,-19.25,0.));
#3793=CARTESIAN_POINT('',(-11.,-19.2421798556678,-2.));
#3794=CARTESIAN_POINT('',(-11.,-19.2421798556678,0.));
#3795=CARTESIAN_POINT('',(-11.,-19.25,-2.));
#3796=CARTESIAN_POINT('Origin',(6.3197515242369,-32.1822559505558,0.));
#3797=CARTESIAN_POINT('',(7.82346758276017,-30.8636058774359,0.));
#3798=CARTESIAN_POINT('Origin',(6.3197515242369,-32.1822559505558,0.));
#3799=CARTESIAN_POINT('',(7.82346758276017,-30.8636058774359,-2.));
#3800=CARTESIAN_POINT('',(7.82346758276017,-30.8636058774359,0.));
#3801=CARTESIAN_POINT('Origin',(6.3197515242369,-32.1822559505558,-2.));
#3802=CARTESIAN_POINT('Origin',(8.25,-31.35,0.));
#3803=CARTESIAN_POINT('',(5.33978424698296,-28.0313499268801,0.));
#3804=CARTESIAN_POINT('',(4.74228970949494,-27.35,0.));
#3805=CARTESIAN_POINT('',(5.33978424698296,-28.0313499268801,-2.));
#3806=CARTESIAN_POINT('',(5.33978424698296,-28.0313499268801,0.));
#3807=CARTESIAN_POINT('',(4.74228970949494,-27.35,-2.));
#3808=CARTESIAN_POINT('Origin',(-3.81975152423689,-32.1822559505558,0.));
#3809=CARTESIAN_POINT('',(-5.32346758276016,-30.8636058774359,0.));
#3810=CARTESIAN_POINT('',(-5.79185091454214,-31.8493535703335,0.));
#3811=CARTESIAN_POINT('Origin',(-3.81975152423689,-32.1822559505558,0.));
#3812=CARTESIAN_POINT('',(-5.79185091454214,-31.8493535703335,-2.));
#3813=CARTESIAN_POINT('',(-5.79185091454214,-31.8493535703335,0.));
#3814=CARTESIAN_POINT('',(-5.32346758276016,-30.8636058774359,-2.));
#3815=CARTESIAN_POINT('Origin',(-3.81975152423689,-32.1822559505558,-2.));
#3816=CARTESIAN_POINT('',(-5.32346758276016,-30.8636058774359,0.));
#3817=CARTESIAN_POINT('Origin',(-8.75,-31.35,0.));
#3818=CARTESIAN_POINT('Origin',(-8.75,-31.35,-2.));
#3819=CARTESIAN_POINT('Origin',(-8.75,-31.35,0.));
#3820=CARTESIAN_POINT('Origin',(3.83606818845969,-29.35,0.));
#3821=CARTESIAN_POINT('',(3.83606818845969,-27.35,0.));
#3822=CARTESIAN_POINT('Origin',(3.83606818845969,-29.35,0.));
#3823=CARTESIAN_POINT('',(3.83606818845969,-27.35,-2.));
#3824=CARTESIAN_POINT('',(3.83606818845969,-27.35,0.));
#3825=CARTESIAN_POINT('Origin',(3.83606818845969,-29.35,-2.));
#3826=CARTESIAN_POINT('Origin',(4.74228970949494,-27.35,0.));
#3827=CARTESIAN_POINT('',(-1.33606818845968,-27.35,0.));
#3828=CARTESIAN_POINT('',(-2.24228970949494,-27.35,0.));
#3829=CARTESIAN_POINT('',(-1.33606818845968,-27.35,-2.));
#3830=CARTESIAN_POINT('',(-1.33606818845968,-27.35,0.));
#3831=CARTESIAN_POINT('',(-2.24228970949494,-27.35,-2.));
#3832=CARTESIAN_POINT('Origin',(-1.33606818845968,-29.35,0.));
#3833=CARTESIAN_POINT('',(-2.83978424698295,-28.0313499268801,0.));
#3834=CARTESIAN_POINT('Origin',(-1.33606818845968,-29.35,0.));
#3835=CARTESIAN_POINT('',(-2.83978424698295,-28.0313499268801,-2.));
#3836=CARTESIAN_POINT('',(-2.83978424698295,-28.0313499268801,0.));
#3837=CARTESIAN_POINT('Origin',(-1.33606818845968,-29.35,-2.));
#3838=CARTESIAN_POINT('Origin',(-2.24228970949494,-27.35,0.));
#3839=CARTESIAN_POINT('',(-5.75,-31.35,-2.));
#3840=CARTESIAN_POINT('',(-5.75,-31.35,0.));
#3841=CARTESIAN_POINT('Origin',(10.75,15.25,0.));
#3842=CARTESIAN_POINT('',(10.75,19.25,2.7));
#3843=CARTESIAN_POINT('',(14.75,15.25,2.7));
#3844=CARTESIAN_POINT('Origin',(10.75,15.25,2.7));
#3845=CARTESIAN_POINT('',(14.75,15.25,-2.));
#3846=CARTESIAN_POINT('',(14.75,15.25,0.));
#3847=CARTESIAN_POINT('',(10.75,19.25,-2.));
#3848=CARTESIAN_POINT('Origin',(10.75,15.25,-2.));
#3849=CARTESIAN_POINT('',(10.75,19.25,0.));
#3850=CARTESIAN_POINT('Origin',(14.75,19.25,0.));
#3851=CARTESIAN_POINT('',(14.75,-15.25,2.7));
#3852=CARTESIAN_POINT('',(14.75,-19.25,2.7));
#3853=CARTESIAN_POINT('',(14.75,-15.25,-2.));
#3854=CARTESIAN_POINT('',(14.75,-15.25,0.));
#3855=CARTESIAN_POINT('',(14.75,-19.25,-2.));
#3856=CARTESIAN_POINT('Origin',(4.44089209850063E-15,-5.04999999999418,
2.7));
#3857=CARTESIAN_POINT('',(-10.75,19.25,2.7));
#3858=CARTESIAN_POINT('',(14.75,19.25,2.7));
#3859=CARTESIAN_POINT('',(-14.75,15.25,2.7));
#3860=CARTESIAN_POINT('Origin',(-10.75,15.25,2.7));
#3861=CARTESIAN_POINT('',(-14.75,-15.25,2.7));
#3862=CARTESIAN_POINT('',(-14.75,19.25,2.7));
#3863=CARTESIAN_POINT('',(-10.75,-19.25,2.7));
#3864=CARTESIAN_POINT('Origin',(-10.75,-15.25,2.7));
#3865=CARTESIAN_POINT('',(-6.47500000000291,-19.25,2.7));
#3866=CARTESIAN_POINT('',(-14.75,-19.25,2.7));
#3867=CARTESIAN_POINT('',(-5.47500000000291,-20.25,2.7));
#3868=CARTESIAN_POINT('Origin',(-6.47500000000291,-20.25,2.7));
#3869=CARTESIAN_POINT('',(-5.47500000000291,-28.3499999999884,2.7));
#3870=CARTESIAN_POINT('',(-5.47500000000291,-12.9750000000029,2.7));
#3871=CARTESIAN_POINT('',(-3.47499999999999,-28.3499999999884,2.7));
#3872=CARTESIAN_POINT('Origin',(-4.47499999999999,-28.3499999999884,2.7));
#3873=CARTESIAN_POINT('',(-3.475,-16.3,2.7));
#3874=CARTESIAN_POINT('',(-3.47499999999999,-29.3499999999884,2.7));
#3875=CARTESIAN_POINT('',(-2.15,-14.975,2.7));
#3876=CARTESIAN_POINT('Origin',(-2.15,-16.3,2.7));
#3877=CARTESIAN_POINT('',(-2.,-14.975,2.7));
#3878=CARTESIAN_POINT('',(-3.475,-14.975,2.7));
#3879=CARTESIAN_POINT('',(-2.00000000000001,-3.4,2.7));
#3880=CARTESIAN_POINT('',(-2.,-10.0124999999971,2.7));
#3881=CARTESIAN_POINT('',(4.50000000000001,-3.4,2.7));
#3882=CARTESIAN_POINT('',(-1.,-3.4,2.7));
#3883=CARTESIAN_POINT('',(4.5,-14.975,2.7));
#3884=CARTESIAN_POINT('',(4.50000000000001,-4.22499999999709,2.7));
#3885=CARTESIAN_POINT('',(4.65,-14.975,2.7));
#3886=CARTESIAN_POINT('',(-3.475,-14.975,2.7));
#3887=CARTESIAN_POINT('',(5.975,-16.3,2.7));
#3888=CARTESIAN_POINT('Origin',(4.65,-16.3,2.7));
#3889=CARTESIAN_POINT('',(5.97500000000001,-28.3499999999884,2.7));
#3890=CARTESIAN_POINT('',(5.975,-14.975,2.7));
#3891=CARTESIAN_POINT('',(7.97500000000291,-28.3499999999884,2.7));
#3892=CARTESIAN_POINT('Origin',(6.97500000000291,-28.3499999999884,2.7));
#3893=CARTESIAN_POINT('',(7.97500000000291,-20.25,2.7));
#3894=CARTESIAN_POINT('',(7.97500000000291,-29.3499999999884,2.7));
#3895=CARTESIAN_POINT('',(8.97500000000291,-19.25,2.7));
#3896=CARTESIAN_POINT('Origin',(8.97500000000291,-20.25,2.7));
#3897=CARTESIAN_POINT('',(10.75,-19.25,2.7));
#3898=CARTESIAN_POINT('',(-14.75,-19.25,2.7));
#3899=CARTESIAN_POINT('Origin',(10.75,-15.25,2.7));
#3900=CARTESIAN_POINT('',(-12.925,16.,2.7));
#3901=CARTESIAN_POINT('Origin',(-11.25,16.,2.7));
#3902=CARTESIAN_POINT('',(9.57500000000001,16.,2.7));
#3903=CARTESIAN_POINT('Origin',(11.25,16.,2.7));
#3904=CARTESIAN_POINT('',(9.575,-16.,2.7));
#3905=CARTESIAN_POINT('Origin',(11.25,-16.,2.7));
#3906=CARTESIAN_POINT('',(-12.925,-16.,2.7));
#3907=CARTESIAN_POINT('Origin',(-11.25,-16.,2.7));
#3908=CARTESIAN_POINT('Origin',(-10.75,15.25,0.));
#3909=CARTESIAN_POINT('',(-10.75,19.25,-2.));
#3910=CARTESIAN_POINT('',(-10.75,19.25,0.));
#3911=CARTESIAN_POINT('',(-14.75,15.25,-2.));
#3912=CARTESIAN_POINT('Origin',(-10.75,15.25,-2.));
#3913=CARTESIAN_POINT('',(-14.75,15.25,0.));
#3914=CARTESIAN_POINT('Origin',(-14.75,-19.25,0.));
#3915=CARTESIAN_POINT('',(-14.75,-15.25,-2.));
#3916=CARTESIAN_POINT('',(-14.75,19.25,-2.));
#3917=CARTESIAN_POINT('',(-14.75,-15.25,0.));
#3918=CARTESIAN_POINT('Origin',(4.44089209850063E-15,-7.55,-2.));
#3919=CARTESIAN_POINT('',(13.5,-18.1547375096556,-2.));
#3920=CARTESIAN_POINT('Origin',(10.75,-15.25,-2.));
#3921=CARTESIAN_POINT('',(13.5,-13.4,-2.));
#3922=CARTESIAN_POINT('Origin',(-10.75,-15.25,-2.));
#3923=CARTESIAN_POINT('',(14.75,19.25,-2.));
#3924=CARTESIAN_POINT('',(-12.925,-16.,-2.));
#3925=CARTESIAN_POINT('Origin',(-11.25,-16.,-2.));
#3926=CARTESIAN_POINT('',(9.575,-16.,-2.));
#3927=CARTESIAN_POINT('Origin',(11.25,-16.,-2.));
#3928=CARTESIAN_POINT('',(9.57500000000001,16.,-2.));
#3929=CARTESIAN_POINT('Origin',(11.25,16.,-2.));
#3930=CARTESIAN_POINT('',(-12.925,16.,-2.));
#3931=CARTESIAN_POINT('Origin',(-11.25,16.,-2.));
#3932=CARTESIAN_POINT('',(2.25,-23.85,-2.));
#3933=CARTESIAN_POINT('Origin',(1.25,-23.85,-2.));
#3934=CARTESIAN_POINT('Origin',(-10.75,-15.25,0.));
#3935=CARTESIAN_POINT('',(-10.75,-19.25,0.));
#3936=CARTESIAN_POINT('Origin',(-10.75,-15.25,0.));
#3937=CARTESIAN_POINT('',(-10.75,-19.25,0.));
#3938=CARTESIAN_POINT('Origin',(10.75,-15.25,0.));
#3939=CARTESIAN_POINT('',(10.75,-19.25,0.));
#3940=CARTESIAN_POINT('',(10.75,-19.25,0.));
#3941=CARTESIAN_POINT('',(13.5,-18.1547375096556,0.));
#3942=CARTESIAN_POINT('Origin',(10.75,-15.25,0.));
#3943=CARTESIAN_POINT('',(13.5,-18.1547375096556,0.));
#3944=CARTESIAN_POINT('Origin',(14.75,-19.25,0.));
#3945=CARTESIAN_POINT('',(8.97500000000291,-19.25,0.));
#3946=CARTESIAN_POINT('',(8.97500000000291,-19.25,0.));
#3947=CARTESIAN_POINT('',(3.98750000000146,-19.25,0.));
#3948=CARTESIAN_POINT('Origin',(11.25,-31.35,0.));
#3949=CARTESIAN_POINT('',(12.4,-31.35,5.7));
#3950=CARTESIAN_POINT('Origin',(11.25,-31.35,5.7));
#3951=CARTESIAN_POINT('',(12.4,-31.35,0.));
#3952=CARTESIAN_POINT('',(12.4,-31.35,0.));
#3953=CARTESIAN_POINT('Origin',(11.25,-31.35,0.));
#3954=CARTESIAN_POINT('Origin',(11.25,-31.35,0.));
#3955=CARTESIAN_POINT('',(9.1,-31.35,5.7));
#3956=CARTESIAN_POINT('Origin',(11.25,-31.35,5.7));
#3957=CARTESIAN_POINT('',(9.1,-31.35,0.));
#3958=CARTESIAN_POINT('',(9.1,-31.35,0.));
#3959=CARTESIAN_POINT('Origin',(11.25,-31.35,0.));
#3960=CARTESIAN_POINT('Origin',(11.25,-31.35,5.7));
#3961=CARTESIAN_POINT('Origin',(-8.75,-31.35,0.));
#3962=CARTESIAN_POINT('',(-7.6,-31.35,5.7));
#3963=CARTESIAN_POINT('Origin',(-8.75,-31.35,5.7));
#3964=CARTESIAN_POINT('',(-7.6,-31.35,0.));
#3965=CARTESIAN_POINT('',(-7.6,-31.35,0.));
#3966=CARTESIAN_POINT('Origin',(-8.75,-31.35,0.));
#3967=CARTESIAN_POINT('Origin',(-8.75,-31.35,0.));
#3968=CARTESIAN_POINT('',(-10.9,-31.35,5.7));
#3969=CARTESIAN_POINT('Origin',(-8.75,-31.35,5.7));
#3970=CARTESIAN_POINT('',(-10.9,-31.35,0.));
#3971=CARTESIAN_POINT('',(-10.9,-31.35,0.));
#3972=CARTESIAN_POINT('Origin',(-8.75,-31.35,0.));
#3973=CARTESIAN_POINT('Origin',(-8.75,-31.35,5.7));
#3974=CARTESIAN_POINT('Origin',(4.44089209850063E-15,-7.55,0.));
#3975=CARTESIAN_POINT('',(5.975,-16.3,0.));
#3976=CARTESIAN_POINT('',(4.65000000000001,-14.975,0.));
#3977=CARTESIAN_POINT('Origin',(4.65,-16.3,0.));
#3978=CARTESIAN_POINT('',(-2.15,-14.975,0.));
#3979=CARTESIAN_POINT('',(-1.7375,-14.975,0.));
#3980=CARTESIAN_POINT('',(-3.475,-16.3,0.));
#3981=CARTESIAN_POINT('Origin',(-2.15,-16.3,0.));
#3982=CARTESIAN_POINT('',(-3.47499999999999,-28.3499999999884,0.));
#3983=CARTESIAN_POINT('',(-3.475,-18.4499999999942,0.));
#3984=CARTESIAN_POINT('',(-5.47500000000291,-28.3499999999884,0.));
#3985=CARTESIAN_POINT('Origin',(-4.47500000000291,-28.3499999999884,0.));
#3986=CARTESIAN_POINT('',(-5.47500000000291,-20.25,0.));
#3987=CARTESIAN_POINT('',(-5.47500000000291,-13.4,0.));
#3988=CARTESIAN_POINT('',(-6.47500000000291,-19.25,0.));
#3989=CARTESIAN_POINT('Origin',(-6.47500000000291,-20.25,0.));
#3990=CARTESIAN_POINT('',(-7.37499999999999,-19.25,0.));
#3991=CARTESIAN_POINT('',(13.5,-29.3656865167016,0.));
#3992=CARTESIAN_POINT('',(7.97500000000291,-20.25,0.));
#3993=CARTESIAN_POINT('Origin',(8.97500000000291,-20.25,0.));
#3994=CARTESIAN_POINT('',(7.97500000000291,-28.3499999999884,0.));
#3995=CARTESIAN_POINT('',(7.97500000000291,-18.4499999999942,0.));
#3996=CARTESIAN_POINT('',(5.975,-28.3499999999884,0.));
#3997=CARTESIAN_POINT('Origin',(6.97500000000001,-28.3499999999884,0.));
#3998=CARTESIAN_POINT('',(5.975,-11.2625,0.));
#3999=CARTESIAN_POINT('',(-1.75,-23.85,0.));
#4000=CARTESIAN_POINT('Origin',(1.25,-23.85,0.));
#4001=CARTESIAN_POINT('Origin',(4.44089209850063E-15,-7.55,0.));
#4002=CARTESIAN_POINT('Origin',(1.25,-7.,1.6));
#4003=CARTESIAN_POINT('',(2.25,-7.,1.3));
#4004=CARTESIAN_POINT('Origin',(1.25,-7.,1.3));
#4005=CARTESIAN_POINT('',(2.85,-7.,1.9));
#4006=CARTESIAN_POINT('',(2.55,-7.,1.6));
#4007=CARTESIAN_POINT('Origin',(1.25,-7.,1.9));
#4008=CARTESIAN_POINT('Origin',(1.25,-9.1875,1.9));
#4009=CARTESIAN_POINT('',(4.5,-14.975,1.9));
#4010=CARTESIAN_POINT('',(-2.,-14.975,1.9));
#4011=CARTESIAN_POINT('',(-1.1125,-14.975,1.9));
#4012=CARTESIAN_POINT('',(4.50000000000001,-3.4,1.9));
#4013=CARTESIAN_POINT('',(4.5,-14.975,1.9));
#4014=CARTESIAN_POINT('',(-2.00000000000001,-3.4,1.9));
#4015=CARTESIAN_POINT('',(4.50000000000001,-3.4,1.9));
#4016=CARTESIAN_POINT('',(-2.00000000000001,-3.4,1.9));
#4017=CARTESIAN_POINT('Origin',(1.25,-7.,0.));
#4018=CARTESIAN_POINT('',(2.25,-7.,0.));
#4019=CARTESIAN_POINT('Origin',(4.50000000000001,-3.4,2.7));
#4020=CARTESIAN_POINT('',(4.50000000000001,-3.4,2.7));
#4021=CARTESIAN_POINT('',(4.5,-14.975,1.35));
#4022=CARTESIAN_POINT('Origin',(-2.00000000000001,-3.4,2.7));
#4023=CARTESIAN_POINT('',(-2.00000000000001,-3.4,2.7));
#4024=CARTESIAN_POINT('Origin',(-2.,-14.975,2.7));
#4025=CARTESIAN_POINT('',(-2.,-14.975,1.35));
#4026=CARTESIAN_POINT('Origin',(-3.475,-14.975,0.));
#4027=CARTESIAN_POINT('',(-2.15,-14.975,0.));
#4028=CARTESIAN_POINT('',(4.65,-14.975,0.));
#4029=CARTESIAN_POINT('Origin',(-11.25,-16.,0.));
#4030=CARTESIAN_POINT('',(-12.925,-16.,0.));
#4031=CARTESIAN_POINT('Origin',(11.25,-16.,0.));
#4032=CARTESIAN_POINT('',(9.575,-16.,0.));
#4033=CARTESIAN_POINT('Origin',(11.25,16.,0.));
#4034=CARTESIAN_POINT('',(9.57500000000001,16.,0.));
#4035=CARTESIAN_POINT('Origin',(-11.25,16.,0.));
#4036=CARTESIAN_POINT('',(-12.925,16.,0.));
#4037=CARTESIAN_POINT('Origin',(1.25,-23.85,0.));
#4038=CARTESIAN_POINT('',(-1.75,-23.85,-1.6));
#4039=CARTESIAN_POINT('',(-1.75,-23.85,0.));
#4040=CARTESIAN_POINT('Origin',(1.25,-23.85,-1.6));
#4041=CARTESIAN_POINT('Origin',(1.25,-23.85,-1.6));
#4042=CARTESIAN_POINT('',(2.25,-23.85,-1.6));
#4043=CARTESIAN_POINT('Origin',(1.25,-23.85,-1.6));
#4044=CARTESIAN_POINT('Origin',(4.65,-16.3,0.));
#4045=CARTESIAN_POINT('',(5.975,-16.3,0.));
#4046=CARTESIAN_POINT('Origin',(4.44089209850063E-15,-7.55,0.));
#4047=CARTESIAN_POINT('Origin',(-2.15,-16.3,0.));
#4048=CARTESIAN_POINT('',(-3.475,-16.3,0.));
#4049=CARTESIAN_POINT('Origin',(-6.47500000000291,-20.25,0.));
#4050=CARTESIAN_POINT('',(-5.47500000000291,-20.25,0.));
#4051=CARTESIAN_POINT('',(-6.47500000000291,-19.25,0.));
#4052=CARTESIAN_POINT('Origin',(-5.47500000000291,-19.25,0.));
#4053=CARTESIAN_POINT('',(-5.47500000000291,-28.3499999999884,0.));
#4054=CARTESIAN_POINT('Origin',(8.97500000000291,-20.25,0.));
#4055=CARTESIAN_POINT('',(7.97500000000291,-20.25,0.));
#4056=CARTESIAN_POINT('Origin',(7.97500000000291,-29.3499999999884,0.));
#4057=CARTESIAN_POINT('',(7.97500000000291,-28.3499999999884,0.));
#4058=CARTESIAN_POINT('Origin',(-4.47499999999999,-28.3499999999884,0.));
#4059=CARTESIAN_POINT('',(-3.47499999999999,-28.3499999999884,0.));
#4060=CARTESIAN_POINT('Origin',(6.97500000000291,-28.3499999999884,0.));
#4061=CARTESIAN_POINT('',(5.97500000000001,-28.3499999999884,0.));
#4062=CARTESIAN_POINT('Origin',(5.975,-14.975,0.));
#4063=CARTESIAN_POINT('Origin',(-3.47499999999999,-29.3499999999884,0.));
#4064=CARTESIAN_POINT('Origin',(1.25,-23.85,0.));
#4065=CARTESIAN_POINT('',(2.25,-23.85,0.));
#4066=CARTESIAN_POINT('Origin',(13.5,-19.25,0.));
#4067=CARTESIAN_POINT('Origin',(-14.75,19.25,0.));
#4068=CARTESIAN_POINT('Origin',(-11.,-19.25,0.));
#4069=CARTESIAN_POINT('',(0.,0.,0.));
#4070=CARTESIAN_POINT('Origin',(-8.61250000000145,-26.2523687548278,5.7));
#4071=CARTESIAN_POINT('',(-10.75,-19.25,5.7));
#4072=CARTESIAN_POINT('',(-11.,-19.2421798556678,5.7));
#4073=CARTESIAN_POINT('Origin',(-10.75,-15.25,5.7));
#4074=CARTESIAN_POINT('',(-6.47500000000291,-19.25,5.7));
#4075=CARTESIAN_POINT('',(-9.68125000000072,-19.25,5.7));
#4076=CARTESIAN_POINT('',(-5.47500000000291,-20.25,5.7));
#4077=CARTESIAN_POINT('Origin',(-6.47500000000291,-20.25,5.7));
#4078=CARTESIAN_POINT('',(-5.47500000000291,-21.8,5.7));
#4079=CARTESIAN_POINT('',(-5.47500000000291,-23.2511843774139,5.7));
#4080=CARTESIAN_POINT('',(-5.4750000000029,-31.0596908150406,5.7));
#4081=CARTESIAN_POINT('',(-5.47500000000291,-20.25,5.7));
#4082=CARTESIAN_POINT('',(-5.79185091454212,-31.8493535703335,5.7));
#4083=CARTESIAN_POINT('Origin',(-3.81975152423688,-32.1822559505558,5.7));
#4084=CARTESIAN_POINT('',(-11.3,-29.7696519370721,5.7));
#4085=CARTESIAN_POINT('Origin',(-8.74999999999999,-31.35,5.7));
#4086=CARTESIAN_POINT('',(-11.,-28.7160865617868,5.7));
#4087=CARTESIAN_POINT('Origin',(-13.,-28.7160865617868,5.7));
#4088=CARTESIAN_POINT('',(-11.,-28.7160865617868,5.7));
#4089=CARTESIAN_POINT('',(-9.99999999999999,-31.35,5.7));
#4090=CARTESIAN_POINT('Origin',(-8.74999999999999,-31.35,5.7));
#4091=CARTESIAN_POINT('Origin',(-8.74999999999999,-31.35,6.3));
#4092=CARTESIAN_POINT('',(-9.99999999999999,-31.35,7.7));
#4093=CARTESIAN_POINT('',(-9.99999999999999,-31.35,6.3));
#4094=CARTESIAN_POINT('Origin',(-8.74999999999999,-31.35,7.7));
#4095=CARTESIAN_POINT('Origin',(-5.47500000000292,-31.0596908150406,6.3));
#4096=CARTESIAN_POINT('',(-5.47500000000291,-21.8,7.7));
#4097=CARTESIAN_POINT('',(-5.47500000000291,-21.8,2.7));
#4098=CARTESIAN_POINT('',(-5.4750000000029,-31.0596908150406,7.7));
#4099=CARTESIAN_POINT('',(-5.47500000000291,-20.25,7.7));
#4100=CARTESIAN_POINT('',(-5.4750000000029,-31.0596908150406,6.3));
#4101=CARTESIAN_POINT('Origin',(-3.81975152423688,-32.1822559505558,6.3));
#4102=CARTESIAN_POINT('',(-5.79185091454212,-31.8493535703335,7.7));
#4103=CARTESIAN_POINT('Origin',(-3.81975152423688,-32.1822559505558,7.7));
#4104=CARTESIAN_POINT('',(-5.79185091454212,-31.8493535703335,6.3));
#4105=CARTESIAN_POINT('Origin',(-8.74999999999999,-31.35,6.3));
#4106=CARTESIAN_POINT('',(-11.3,-29.7696519370721,7.7));
#4107=CARTESIAN_POINT('Origin',(-8.74999999999999,-31.35,7.7));
#4108=CARTESIAN_POINT('',(-11.3,-29.7696519370721,6.3));
#4109=CARTESIAN_POINT('Origin',(-13.,-28.7160865617868,6.3));
#4110=CARTESIAN_POINT('',(-11.,-28.7160865617868,7.7));
#4111=CARTESIAN_POINT('Origin',(-13.,-28.7160865617868,7.7));
#4112=CARTESIAN_POINT('',(-11.,-28.7160865617868,6.3));
#4113=CARTESIAN_POINT('Origin',(-11.,-18.1547375096556,6.3));
#4114=CARTESIAN_POINT('',(-11.,-19.2421798556678,7.7));
#4115=CARTESIAN_POINT('',(-11.,-19.2421798556678,2.7));
#4116=CARTESIAN_POINT('',(-11.,-28.7160865617868,7.7));
#4117=CARTESIAN_POINT('Origin',(4.44089209850063E-15,-1.275,7.7));
#4118=CARTESIAN_POINT('',(-3.47499999999999,-21.8,7.7));
#4119=CARTESIAN_POINT('',(-5.47500000000291,-21.8,7.7));
#4120=CARTESIAN_POINT('',(-3.475,-17.6,7.7));
#4121=CARTESIAN_POINT('',(-3.47499999999999,-28.3499999999884,7.7));
#4122=CARTESIAN_POINT('',(-2.15,-16.275,7.7));
#4123=CARTESIAN_POINT('Origin',(-2.15,-17.6,7.7));
#4124=CARTESIAN_POINT('',(4.65000000000001,-16.275,7.7));
#4125=CARTESIAN_POINT('',(-2.15,-16.275,7.7));
#4126=CARTESIAN_POINT('',(5.97500000000001,-17.6,7.7));
#4127=CARTESIAN_POINT('Origin',(4.65000000000001,-17.6,7.7));
#4128=CARTESIAN_POINT('',(5.97500000000001,-21.8,7.7));
#4129=CARTESIAN_POINT('',(5.97500000000001,-16.3,7.7));
#4130=CARTESIAN_POINT('',(7.97500000000292,-21.8,7.7));
#4131=CARTESIAN_POINT('',(-5.47500000000291,-21.8,7.7));
#4132=CARTESIAN_POINT('',(7.97500000000292,-31.0596908150406,7.7));
#4133=CARTESIAN_POINT('',(7.97500000000291,-20.25,7.7));
#4134=CARTESIAN_POINT('',(8.29185091454214,-31.8493535703335,7.7));
#4135=CARTESIAN_POINT('Origin',(6.3197515242369,-32.1822559505558,7.7));
#4136=CARTESIAN_POINT('',(13.8,-29.7696519370721,7.7));
#4137=CARTESIAN_POINT('Origin',(11.25,-31.35,7.7));
#4138=CARTESIAN_POINT('',(13.5,-28.7160865617868,7.7));
#4139=CARTESIAN_POINT('Origin',(15.5,-28.7160865617868,7.7));
#4140=CARTESIAN_POINT('',(13.5,-18.1547375096556,7.7));
#4141=CARTESIAN_POINT('',(13.5,-28.7160865617868,7.7));
#4142=CARTESIAN_POINT('',(14.75,-15.25,7.7));
#4143=CARTESIAN_POINT('Origin',(10.75,-15.25,7.7));
#4144=CARTESIAN_POINT('',(14.75,15.25,7.7));
#4145=CARTESIAN_POINT('',(14.75,-15.25,7.7));
#4146=CARTESIAN_POINT('',(10.75,19.25,7.7));
#4147=CARTESIAN_POINT('Origin',(10.75,15.25,7.7));
#4148=CARTESIAN_POINT('',(-10.75,19.25,7.7));
#4149=CARTESIAN_POINT('',(10.75,19.25,7.7));
#4150=CARTESIAN_POINT('',(-14.75,15.25,7.7));
#4151=CARTESIAN_POINT('Origin',(-10.75,15.25,7.7));
#4152=CARTESIAN_POINT('',(-14.75,-15.25,7.7));
#4153=CARTESIAN_POINT('',(-14.75,15.25,7.7));
#4154=CARTESIAN_POINT('Origin',(-10.75,-15.25,7.7));
#4155=CARTESIAN_POINT('',(-9.575,-16.,7.7));
#4156=CARTESIAN_POINT('Origin',(-11.25,-16.,7.7));
#4157=CARTESIAN_POINT('',(12.925,-16.,7.7));
#4158=CARTESIAN_POINT('Origin',(11.25,-16.,7.7));
#4159=CARTESIAN_POINT('',(12.925,16.,7.7));
#4160=CARTESIAN_POINT('Origin',(11.25,16.,7.7));
#4161=CARTESIAN_POINT('',(-9.57500000000001,16.,7.7));
#4162=CARTESIAN_POINT('Origin',(-11.25,16.,7.7));
#4163=CARTESIAN_POINT('',(-0.85,-7.,7.7));
#4164=CARTESIAN_POINT('Origin',(1.25,-7.,7.7));
#4165=CARTESIAN_POINT('',(12.5,-31.35,7.7));
#4166=CARTESIAN_POINT('Origin',(11.25,-31.35,7.7));
#4167=CARTESIAN_POINT('Origin',(-5.47500000000291,-20.25,2.7));
#4168=CARTESIAN_POINT('',(-5.47500000000291,-20.25,2.7));
#4169=CARTESIAN_POINT('',(-5.47500000000291,-20.25,2.7));
#4170=CARTESIAN_POINT('',(-5.47500000000291,-21.8,2.7));
#4171=CARTESIAN_POINT('',(-5.47500000000291,-20.25,2.7));
#4172=CARTESIAN_POINT('',(-5.47500000000291,-21.8,2.7));
#4173=CARTESIAN_POINT('Origin',(-6.47500000000291,-20.25,2.7));
#4174=CARTESIAN_POINT('',(-6.47500000000291,-19.25,2.7));
#4175=CARTESIAN_POINT('',(-6.47500000000291,-19.25,2.7));
#4176=CARTESIAN_POINT('Origin',(-6.47500000000291,-20.25,2.7));
#4177=CARTESIAN_POINT('Origin',(11.25,-31.35,6.3));
#4178=CARTESIAN_POINT('',(12.5,-31.35,5.7));
#4179=CARTESIAN_POINT('Origin',(11.25,-31.35,5.7));
#4180=CARTESIAN_POINT('',(12.5,-31.35,6.3));
#4181=CARTESIAN_POINT('Origin',(7.97500000000293,-31.0596908150406,6.3));
#4182=CARTESIAN_POINT('',(7.97500000000292,-21.8,5.7));
#4183=CARTESIAN_POINT('',(7.97500000000292,-21.8,2.7));
#4184=CARTESIAN_POINT('',(7.97500000000292,-31.0596908150406,5.7));
#4185=CARTESIAN_POINT('',(7.97500000000291,-20.25,5.7));
#4186=CARTESIAN_POINT('',(7.97500000000292,-31.0596908150406,6.3));
#4187=CARTESIAN_POINT('Origin',(6.3197515242369,-32.1822559505558,6.3));
#4188=CARTESIAN_POINT('',(8.29185091454214,-31.8493535703335,5.7));
#4189=CARTESIAN_POINT('Origin',(6.3197515242369,-32.1822559505558,5.7));
#4190=CARTESIAN_POINT('',(8.29185091454214,-31.8493535703335,6.3));
#4191=CARTESIAN_POINT('Origin',(11.25,-31.35,6.3));
#4192=CARTESIAN_POINT('',(13.8,-29.7696519370721,5.7));
#4193=CARTESIAN_POINT('Origin',(11.25,-31.35,5.7));
#4194=CARTESIAN_POINT('',(13.8,-29.7696519370721,6.3));
#4195=CARTESIAN_POINT('Origin',(15.5,-28.7160865617868,6.3));
#4196=CARTESIAN_POINT('',(13.5,-28.7160865617868,5.7));
#4197=CARTESIAN_POINT('Origin',(15.5,-28.7160865617868,5.7));
#4198=CARTESIAN_POINT('',(13.5,-28.7160865617868,6.3));
#4199=CARTESIAN_POINT('Origin',(13.5,-18.1547375096556,6.3));
#4200=CARTESIAN_POINT('',(13.5,-18.1547375096556,5.7));
#4201=CARTESIAN_POINT('',(13.5,-28.7160865617868,5.7));
#4202=CARTESIAN_POINT('',(13.5,-18.1547375096556,2.7));
#4203=CARTESIAN_POINT('Origin',(11.1125000000015,-26.2523687548278,5.7));
#4204=CARTESIAN_POINT('',(8.97500000000291,-19.25,5.7));
#4205=CARTESIAN_POINT('',(7.97500000000291,-20.25,5.7));
#4206=CARTESIAN_POINT('Origin',(8.97500000000291,-20.25,5.7));
#4207=CARTESIAN_POINT('',(10.75,-19.25,5.7));
#4208=CARTESIAN_POINT('',(10.0437500000022,-19.25,5.7));
#4209=CARTESIAN_POINT('Origin',(10.75,-15.25,5.7));
#4210=CARTESIAN_POINT('',(7.97500000000291,-24.0261843774139,5.7));
#4211=CARTESIAN_POINT('Origin',(10.75,-15.25,2.7));
#4212=CARTESIAN_POINT('',(10.75,-19.25,2.7));
#4213=CARTESIAN_POINT('',(10.75,-19.25,2.7));
#4214=CARTESIAN_POINT('',(14.75,-15.25,2.7));
#4215=CARTESIAN_POINT('Origin',(10.75,-15.25,2.7));
#4216=CARTESIAN_POINT('',(14.75,-15.25,2.7));
#4217=CARTESIAN_POINT('Origin',(8.97500000000291,-19.25,2.7));
#4218=CARTESIAN_POINT('',(8.97500000000291,-19.25,2.7));
#4219=CARTESIAN_POINT('',(8.97500000000291,-19.25,2.7));
#4220=CARTESIAN_POINT('',(8.97500000000291,-19.25,2.7));
#4221=CARTESIAN_POINT('Origin',(1.25,-7.,6.3));
#4222=CARTESIAN_POINT('',(-0.85,-7.,5.5));
#4223=CARTESIAN_POINT('',(-0.85,-7.,6.3));
#4224=CARTESIAN_POINT('Origin',(1.25,-7.,5.5));
#4225=CARTESIAN_POINT('Origin',(1.25,-7.,5.5));
#4226=CARTESIAN_POINT('',(2.25,-7.,5.5));
#4227=CARTESIAN_POINT('Origin',(1.25,-7.,5.5));
#4228=CARTESIAN_POINT('Origin',(6.45,-11.275,4.7));
#4229=CARTESIAN_POINT('',(6.45,-11.275,3.3));
#4230=CARTESIAN_POINT('',(6.45,-21.8,3.3));
#4231=CARTESIAN_POINT('',(6.45,-11.546875,3.3));
#4232=CARTESIAN_POINT('',(6.45,-11.275,2.7));
#4233=CARTESIAN_POINT('',(6.45,-11.275,4.7));
#4234=CARTESIAN_POINT('',(6.45,-21.8,2.7));
#4235=CARTESIAN_POINT('',(6.45,-6.275,2.7));
#4236=CARTESIAN_POINT('',(6.45,-21.8,3.7));
#4237=CARTESIAN_POINT('Origin',(-3.95000000000001,-21.8,4.7));
#4238=CARTESIAN_POINT('',(-3.95000000000001,-21.8,3.3));
#4239=CARTESIAN_POINT('',(-3.95,-11.275,3.3));
#4240=CARTESIAN_POINT('',(-3.95,-13.9019236320327,3.3));
#4241=CARTESIAN_POINT('',(-3.95000000000001,-21.8,2.7));
#4242=CARTESIAN_POINT('',(-3.95000000000001,-21.8,3.7));
#4243=CARTESIAN_POINT('',(-3.95,-11.275,2.7));
#4244=CARTESIAN_POINT('',(-3.95,-11.5375,2.7));
#4245=CARTESIAN_POINT('',(-3.95,-11.275,4.7));
#4246=CARTESIAN_POINT('Origin',(-3.95,-11.275,4.7));
#4247=CARTESIAN_POINT('',(-3.35,-11.275,2.7));
#4248=CARTESIAN_POINT('',(-4.2,-11.275,3.55));
#4249=CARTESIAN_POINT('',(-1.975,-11.275,2.7));
#4250=CARTESIAN_POINT('Origin',(-3.95,-11.275,4.7));
#4251=CARTESIAN_POINT('',(5.85,-11.275,2.7));
#4252=CARTESIAN_POINT('',(4.1,-11.275,0.950000000000001));
#4253=CARTESIAN_POINT('',(-1.975,-11.275,2.7));
#4254=CARTESIAN_POINT('Origin',(6.25,-11.81875,3.1));
#4255=CARTESIAN_POINT('',(6.65,-21.8,3.5));
#4256=CARTESIAN_POINT('',(6.08125,-21.8,2.93125));
#4257=CARTESIAN_POINT('',(6.65,-3.67019452813075,3.5));
#4258=CARTESIAN_POINT('',(6.65,-11.81875,3.5));
#4259=CARTESIAN_POINT('',(5.85,-4.00365521647255,2.7));
#4260=CARTESIAN_POINT('Ctrl Pts',(5.85,-4.00365521647255,2.7));
#4261=CARTESIAN_POINT('Ctrl Pts',(6.11563205843761,-3.88914323928603,2.96563205843761));
#4262=CARTESIAN_POINT('Ctrl Pts',(6.38296170744674,-3.77793734722221,3.23296170744674));
#4263=CARTESIAN_POINT('Ctrl Pts',(6.65,-3.67019452813075,3.5));
#4264=CARTESIAN_POINT('',(5.85,-6.546875,2.7));
#4265=CARTESIAN_POINT('Origin',(-5.47500000000291,-21.8,2.7));
#4266=CARTESIAN_POINT('',(-4.15000000000001,-21.8,3.5));
#4267=CARTESIAN_POINT('',(-4.08125000000073,-21.8,3.43125000000073));
#4268=CARTESIAN_POINT('',(-4.15000000000001,-21.8,4.5));
#4269=CARTESIAN_POINT('',(-4.15000000000001,-21.8,2.7));
#4270=CARTESIAN_POINT('',(-3.95000000000001,-21.8,4.7));
#4271=CARTESIAN_POINT('',(-4.88125000000073,-21.8,3.76874999999928));
#4272=CARTESIAN_POINT('',(-3.47499999999999,-21.8,4.7));
#4273=CARTESIAN_POINT('',(-2.11250000000145,-21.8,4.7));
#4274=CARTESIAN_POINT('',(-3.47499999999999,-21.8,2.7));
#4275=CARTESIAN_POINT('',(-5.47500000000291,-21.8,2.7));
#4276=CARTESIAN_POINT('Origin',(-3.75,-6.00384726406538,3.1));
#4277=CARTESIAN_POINT('',(-3.35,-4.00365521647256,2.7));
#4278=CARTESIAN_POINT('',(-3.35,-3.63942363203269,2.7));
#4279=CARTESIAN_POINT('',(-4.15,-3.67019452813076,3.5));
#4280=CARTESIAN_POINT('Ctrl Pts',(-3.35,-4.00365521647256,2.7));
#4281=CARTESIAN_POINT('Ctrl Pts',(-3.61563205843729,-3.88914323928618,2.96563205843729));
#4282=CARTESIAN_POINT('Ctrl Pts',(-3.88296170744597,-3.77793734722253,3.23296170744597));
#4283=CARTESIAN_POINT('Ctrl Pts',(-4.15,-3.67019452813076,3.5));
#4284=CARTESIAN_POINT('',(-4.15,-6.00384726406538,3.5));
#4285=CARTESIAN_POINT('Origin',(-2.15,-16.275,4.7));
#4286=CARTESIAN_POINT('',(-2.15,-15.275,4.7));
#4287=CARTESIAN_POINT('',(-2.15,-16.275,4.7));
#4288=CARTESIAN_POINT('',(-2.15,-12.30625,4.7));
#4289=CARTESIAN_POINT('',(-2.15,-15.275,4.2));
#4290=CARTESIAN_POINT('',(-2.15,-15.275,4.7));
#4291=CARTESIAN_POINT('',(-2.15,-16.275,4.2));
#4292=CARTESIAN_POINT('',(-2.15,-16.275,4.2));
#4293=CARTESIAN_POINT('',(-2.15,-16.275,4.7));
#4294=CARTESIAN_POINT('Origin',(4.65000000000001,-15.275,4.7));
#4295=CARTESIAN_POINT('',(4.65000000000001,-16.275,4.7));
#4296=CARTESIAN_POINT('',(4.65000000000001,-15.275,4.7));
#4297=CARTESIAN_POINT('',(4.65,-11.80625,4.7));
#4298=CARTESIAN_POINT('',(4.65000000000001,-16.275,4.2));
#4299=CARTESIAN_POINT('',(4.65000000000001,-16.275,4.7));
#4300=CARTESIAN_POINT('',(4.65000000000001,-15.275,4.2));
#4301=CARTESIAN_POINT('',(4.65000000000001,-15.275,4.2));
#4302=CARTESIAN_POINT('',(4.65000000000001,-15.275,4.7));
#4303=CARTESIAN_POINT('Origin',(-2.15,-15.275,4.7));
#4304=CARTESIAN_POINT('',(-0.449999999999997,-15.275,4.7));
#4305=CARTESIAN_POINT('',(-2.15,-15.275,4.2));
#4306=CARTESIAN_POINT('Origin',(1.25,-15.775,4.2));
#4307=CARTESIAN_POINT('',(4.65000000000001,-16.275,4.2));
#4308=CARTESIAN_POINT('Origin',(1.25,-8.3375,4.7));
#4309=CARTESIAN_POINT('',(-3.95,-3.7515246170202,4.7));
#4310=CARTESIAN_POINT('',(-3.95,-6.00384726406538,4.7));
#4311=CARTESIAN_POINT('',(6.45,-3.75152461702019,4.7));
#4312=CARTESIAN_POINT('Origin',(1.25,-8.87499999999999,4.7));
#4313=CARTESIAN_POINT('',(6.45,-21.8,4.7));
#4314=CARTESIAN_POINT('',(6.45,-11.81875,4.7));
#4315=CARTESIAN_POINT('',(5.97500000000001,-21.8,4.7));
#4316=CARTESIAN_POINT('',(3.6125,-21.8,4.7));
#4317=CARTESIAN_POINT('',(5.97500000000001,-17.6,4.7));
#4318=CARTESIAN_POINT('',(5.97500000000001,-12.31875,4.7));
#4319=CARTESIAN_POINT('Origin',(4.65000000000001,-17.6,4.7));
#4320=CARTESIAN_POINT('',(-3.475,-17.6,4.7));
#4321=CARTESIAN_POINT('Origin',(-2.15,-17.6,4.7));
#4322=CARTESIAN_POINT('',(-3.475,-15.06875,4.7));
#4323=CARTESIAN_POINT('',(2.25,-7.,4.7));
#4324=CARTESIAN_POINT('Origin',(1.25,-7.,4.7));
#4325=CARTESIAN_POINT('Origin',(-2.15,-17.6,2.7));
#4326=CARTESIAN_POINT('',(-2.15,-16.275,2.7));
#4327=CARTESIAN_POINT('',(-3.475,-17.6,2.7));
#4328=CARTESIAN_POINT('Origin',(-2.15,-16.275,2.7));
#4329=CARTESIAN_POINT('',(4.65000000000001,-16.275,2.7));
#4330=CARTESIAN_POINT('Origin',(4.65000000000001,-17.6,2.7));
#4331=CARTESIAN_POINT('',(5.97500000000001,-17.6,2.7));
#4332=CARTESIAN_POINT('Origin',(5.97500000000001,-16.3,2.7));
#4333=CARTESIAN_POINT('',(5.97500000000001,-21.8,2.7));
#4334=CARTESIAN_POINT('Origin',(-3.47499999999999,-21.8,2.7));
#4335=CARTESIAN_POINT('Origin',(-4.15,-3.67019452813076,2.7));
#4336=CARTESIAN_POINT('',(-4.15,-3.67019452813076,4.5));
#4337=CARTESIAN_POINT('',(-4.15,-6.00384726406538,4.5));
#4338=CARTESIAN_POINT('',(-4.15,-3.67019452813076,2.7));
#4339=CARTESIAN_POINT('Origin',(-4.05,-6.00384726406538,4.6));
#4340=CARTESIAN_POINT('Ctrl Pts',(-3.95,-3.7515246170202,4.7));
#4341=CARTESIAN_POINT('Ctrl Pts',(-4.01662188091215,-3.7242177716745,4.63337811908785));
#4342=CARTESIAN_POINT('Ctrl Pts',(-4.08329795365065,-3.69710702238068,4.56670204634935));
#4343=CARTESIAN_POINT('Ctrl Pts',(-4.15,-3.67019452813076,4.5));
#4344=CARTESIAN_POINT('Origin',(4.44089209850063E-15,-1.275,2.7));
#4345=CARTESIAN_POINT('Origin',(1.25,-8.87499999999999,2.7));
#4346=CARTESIAN_POINT('',(-10.75,-19.25,2.7));
#4347=CARTESIAN_POINT('',(-10.75,-19.25,2.7));
#4348=CARTESIAN_POINT('',(-14.75,-15.25,2.7));
#4349=CARTESIAN_POINT('Origin',(-10.75,-15.25,2.7));
#4350=CARTESIAN_POINT('',(-14.75,15.25,2.7));
#4351=CARTESIAN_POINT('',(-14.75,15.25,2.7));
#4352=CARTESIAN_POINT('',(-10.75,19.25,2.7));
#4353=CARTESIAN_POINT('Origin',(-10.75,15.25,2.7));
#4354=CARTESIAN_POINT('',(10.75,19.25,2.7));
#4355=CARTESIAN_POINT('',(10.75,19.25,2.7));
#4356=CARTESIAN_POINT('',(14.75,15.25,2.7));
#4357=CARTESIAN_POINT('Origin',(10.75,15.25,2.7));
#4358=CARTESIAN_POINT('',(14.75,-15.25,2.7));
#4359=CARTESIAN_POINT('',(7.97500000000291,-20.25,2.7));
#4360=CARTESIAN_POINT('Origin',(8.97500000000291,-20.25,2.7));
#4361=CARTESIAN_POINT('',(7.97500000000292,-21.8,2.7));
#4362=CARTESIAN_POINT('',(7.97500000000291,-28.3499999999884,2.7));
#4363=CARTESIAN_POINT('',(-5.47500000000291,-21.8,2.7));
#4364=CARTESIAN_POINT('',(-9.57500000000001,16.,2.7));
#4365=CARTESIAN_POINT('Origin',(-11.25,16.,2.7));
#4366=CARTESIAN_POINT('',(12.925,16.,2.7));
#4367=CARTESIAN_POINT('Origin',(11.25,16.,2.7));
#4368=CARTESIAN_POINT('',(12.925,-16.,2.7));
#4369=CARTESIAN_POINT('Origin',(11.25,-16.,2.7));
#4370=CARTESIAN_POINT('',(-9.575,-16.,2.7));
#4371=CARTESIAN_POINT('Origin',(-11.25,-16.,2.7));
#4372=CARTESIAN_POINT('Origin',(6.65,-15.3,2.7));
#4373=CARTESIAN_POINT('',(6.65,-21.8,4.5));
#4374=CARTESIAN_POINT('',(6.65,-21.8,2.7));
#4375=CARTESIAN_POINT('',(6.65,-3.67019452813075,4.5));
#4376=CARTESIAN_POINT('',(6.65,-11.81875,4.5));
#4377=CARTESIAN_POINT('',(6.65,-3.67019452813075,2.7));
#4378=CARTESIAN_POINT('Origin',(6.55,-11.81875,4.6));
#4379=CARTESIAN_POINT('',(6.88125,-21.8,4.26875));
#4380=CARTESIAN_POINT('Ctrl Pts',(6.45,-3.75152461702019,4.7));
#4381=CARTESIAN_POINT('Ctrl Pts',(6.51662188091258,-3.72421777167432,4.63337811908742));
#4382=CARTESIAN_POINT('Ctrl Pts',(6.58329795365153,-3.69710702238031,4.56670204634847));
#4383=CARTESIAN_POINT('Ctrl Pts',(6.65,-3.67019452813075,4.5));
#4384=CARTESIAN_POINT('Origin',(5.975,-21.8,2.7));
#4385=CARTESIAN_POINT('',(7.97500000000292,-21.8,2.7));
#4386=CARTESIAN_POINT('Origin',(7.97500000000291,-21.8,2.7));
#4387=CARTESIAN_POINT('',(7.97500000000291,-20.25,2.7));
#4388=CARTESIAN_POINT('Origin',(8.97500000000291,-20.25,2.7));
#4389=CARTESIAN_POINT('Origin',(1.25,-8.87499999999999,4.6));
#4390=CARTESIAN_POINT('Origin',(1.25,-8.87499999999999,4.5));
#4391=CARTESIAN_POINT('Origin',(1.25,-8.87499999999999,3.1));
#4392=CARTESIAN_POINT('Origin',(1.25,-8.87499999999999,3.5));
#4393=CARTESIAN_POINT('Origin',(1.25,-8.87499999999999,2.7));
#4394=CARTESIAN_POINT('Origin',(1.25,-7.,2.7));
#4395=CARTESIAN_POINT('',(2.25,-7.,2.7));
#4396=CARTESIAN_POINT('Origin',(-11.25,-16.,2.7));
#4397=CARTESIAN_POINT('',(-9.575,-16.,2.7));
#4398=CARTESIAN_POINT('Origin',(11.25,-16.,2.7));
#4399=CARTESIAN_POINT('',(12.925,-16.,2.7));
#4400=CARTESIAN_POINT('Origin',(11.25,16.,2.7));
#4401=CARTESIAN_POINT('',(12.925,16.,2.7));
#4402=CARTESIAN_POINT('Origin',(-11.25,16.,2.7));
#4403=CARTESIAN_POINT('',(-9.57500000000001,16.,2.7));
#4404=CARTESIAN_POINT('Origin',(-10.75,-19.25,2.7));
#4405=CARTESIAN_POINT('',(-10.75,-19.25,2.7));
#4406=CARTESIAN_POINT('Origin',(-10.75,-15.25,2.7));
#4407=CARTESIAN_POINT('',(-14.75,-15.25,2.7));
#4408=CARTESIAN_POINT('Origin',(-14.75,15.25,2.7));
#4409=CARTESIAN_POINT('',(-14.75,15.25,2.7));
#4410=CARTESIAN_POINT('Origin',(-10.75,15.25,2.7));
#4411=CARTESIAN_POINT('',(-10.75,19.25,2.7));
#4412=CARTESIAN_POINT('Origin',(10.75,19.25,2.7));
#4413=CARTESIAN_POINT('',(10.75,19.25,2.7));
#4414=CARTESIAN_POINT('Origin',(10.75,15.25,2.7));
#4415=CARTESIAN_POINT('',(14.75,15.25,2.7));
#4416=CARTESIAN_POINT('Origin',(14.75,-15.25,2.7));
#4417=CARTESIAN_POINT('',(0.,0.,0.));
#4418=CARTESIAN_POINT('',(0.,3.33066907387547E-16,0.));
#4419=CARTESIAN_POINT('',(0.,0.,0.));
#4420=UNCERTAINTY_MEASURE_WITH_UNIT(LENGTH_MEASURE(0.01),#4430,
'DISTANCE_ACCURACY_VALUE',
'Maximum model space distance between geometric entities at asserted c
onnectivities');
#4421=UNCERTAINTY_MEASURE_WITH_UNIT(LENGTH_MEASURE(0.01),#4430,
'DISTANCE_ACCURACY_VALUE',
'Maximum model space distance between geometric entities at asserted c
onnectivities');
#4422=UNCERTAINTY_MEASURE_WITH_UNIT(LENGTH_MEASURE(0.01),#4430,
'DISTANCE_ACCURACY_VALUE',
'Maximum model space distance between geometric entities at asserted c
onnectivities');
#4423=UNCERTAINTY_MEASURE_WITH_UNIT(LENGTH_MEASURE(0.01),#4430,
'DISTANCE_ACCURACY_VALUE',
'Maximum model space distance between geometric entities at asserted c
onnectivities');
#4424=UNCERTAINTY_MEASURE_WITH_UNIT(LENGTH_MEASURE(0.01),#4430,
'DISTANCE_ACCURACY_VALUE',
'Maximum model space distance between geometric entities at asserted c
onnectivities');
#4425=(
GEOMETRIC_REPRESENTATION_CONTEXT(3)
GLOBAL_UNCERTAINTY_ASSIGNED_CONTEXT((#4420))
GLOBAL_UNIT_ASSIGNED_CONTEXT((#4430,#4432,#4433))
REPRESENTATION_CONTEXT('','3D')
);
#4426=(
GEOMETRIC_REPRESENTATION_CONTEXT(3)
GLOBAL_UNCERTAINTY_ASSIGNED_CONTEXT((#4421))
GLOBAL_UNIT_ASSIGNED_CONTEXT((#4430,#4432,#4433))
REPRESENTATION_CONTEXT('','3D')
);
#4427=(
GEOMETRIC_REPRESENTATION_CONTEXT(3)
GLOBAL_UNCERTAINTY_ASSIGNED_CONTEXT((#4422))
GLOBAL_UNIT_ASSIGNED_CONTEXT((#4430,#4432,#4433))
REPRESENTATION_CONTEXT('','3D')
);
#4428=(
GEOMETRIC_REPRESENTATION_CONTEXT(3)
GLOBAL_UNCERTAINTY_ASSIGNED_CONTEXT((#4423))
GLOBAL_UNIT_ASSIGNED_CONTEXT((#4430,#4432,#4433))
REPRESENTATION_CONTEXT('','3D')
);
#4429=(
GEOMETRIC_REPRESENTATION_CONTEXT(3)
GLOBAL_UNCERTAINTY_ASSIGNED_CONTEXT((#4424))
GLOBAL_UNIT_ASSIGNED_CONTEXT((#4430,#4432,#4433))
REPRESENTATION_CONTEXT('','3D')
);
#4430=(
LENGTH_UNIT()
NAMED_UNIT(*)
SI_UNIT(.MILLI.,.METRE.)
);
#4431=(
LENGTH_UNIT()
NAMED_UNIT(*)
SI_UNIT(.CENTI.,.METRE.)
);
#4432=(
NAMED_UNIT(*)
PLANE_ANGLE_UNIT()
SI_UNIT($,.RADIAN.)
);
#4433=(
NAMED_UNIT(*)
SI_UNIT($,.STERADIAN.)
SOLID_ANGLE_UNIT()
);
#4434=SHAPE_DEFINITION_REPRESENTATION(#4438,#4445);
#4435=SHAPE_DEFINITION_REPRESENTATION(#4439,#4446);
#4436=SHAPE_DEFINITION_REPRESENTATION(#4440,#4447);
#4437=SHAPE_DEFINITION_REPRESENTATION(#4441,#4448);
#4438=PRODUCT_DEFINITION_SHAPE('',$,#4450);
#4439=PRODUCT_DEFINITION_SHAPE('',$,#4451);
#4440=PRODUCT_DEFINITION_SHAPE('',$,#4452);
#4441=PRODUCT_DEFINITION_SHAPE('',$,#4453);
#4442=PRODUCT_DEFINITION_SHAPE($,$,#20);
#4443=PRODUCT_DEFINITION_SHAPE($,$,#21);
#4444=PRODUCT_DEFINITION_SHAPE($,$,#22);
#4445=SHAPE_REPRESENTATION('',(#2633,#2903,#2904,#2905),#4425);
#4446=SHAPE_REPRESENTATION('',(#2634),#4426);
#4447=SHAPE_REPRESENTATION('',(#2668),#4427);
#4448=SHAPE_REPRESENTATION('',(#2791),#4428);
#4449=PRODUCT_DEFINITION_CONTEXT('part definition',#4463,'design');
#4450=PRODUCT_DEFINITION('Crossbow CNC VC4_T1_V2_assy',
'Crossbow CNC VC4_T1_V2_assy',#4454,#4449);
#4451=PRODUCT_DEFINITION('Crossbow CNC VC4_T1_spacer_v2',
'Crossbow CNC VC4_T1_spacer_v2',#4455,#4449);
#4452=PRODUCT_DEFINITION('Crossbow CNC VC4_T1_Assy_simplified_V2',
'Crossbow CNC VC4_T1_Assy_simplified_V2',#4456,#4449);
#4453=PRODUCT_DEFINITION('Crossbow CNC VC4_T1_holder_V2',
'Crossbow CNC VC4_T1_holder_V2',#4457,#4449);
#4454=PRODUCT_DEFINITION_FORMATION('',$,#4465);
#4455=PRODUCT_DEFINITION_FORMATION('',$,#4466);
#4456=PRODUCT_DEFINITION_FORMATION('',$,#4467);
#4457=PRODUCT_DEFINITION_FORMATION('',$,#4468);
#4458=PRODUCT_RELATED_PRODUCT_CATEGORY('Crossbow CNC VC4_T1_V2_assy',
'Crossbow CNC VC4_T1_V2_assy',(#4465));
#4459=PRODUCT_RELATED_PRODUCT_CATEGORY('Crossbow CNC VC4_T1_spacer_v2',
'Crossbow CNC VC4_T1_spacer_v2',(#4466));
#4460=PRODUCT_RELATED_PRODUCT_CATEGORY(
'Crossbow CNC VC4_T1_Assy_simplified_V2',
'Crossbow CNC VC4_T1_Assy_simplified_V2',(#4467));
#4461=PRODUCT_RELATED_PRODUCT_CATEGORY('Crossbow CNC VC4_T1_holder_V2',
'Crossbow CNC VC4_T1_holder_V2',(#4468));
#4462=APPLICATION_PROTOCOL_DEFINITION('international standard',
'automotive_design',2009,#4463);
#4463=APPLICATION_CONTEXT(
'Core Data for Automotive Mechanical Design Process');
#4464=PRODUCT_CONTEXT('part definition',#4463,'mechanical');
#4465=PRODUCT('Crossbow CNC VC4_T1_V2_assy',
'Crossbow CNC VC4_T1_V2_assy',$,(#4464));
#4466=PRODUCT('Crossbow CNC VC4_T1_spacer_v2',
'Crossbow CNC VC4_T1_spacer_v2',$,(#4464));
#4467=PRODUCT('Crossbow CNC VC4_T1_Assy_simplified_V2',
'Crossbow CNC VC4_T1_Assy_simplified_V2',$,(#4464));
#4468=PRODUCT('Crossbow CNC VC4_T1_holder_V2',
'Crossbow CNC VC4_T1_holder_V2',$,(#4464));
ENDSEC;
END-ISO-10303-21;
