ISO-10303-21;
HEADER;
/* Generated by software containing ST-Developer
 * from STEP Tools, Inc. (www.steptools.com) 
 */

FILE_DESCRIPTION(
/* description */ (''),
/* implementation_level */ '2;1');

FILE_NAME(
/* name */ 'vc4_y_bumper_depressor_v2.stp',
/* time_stamp */ '2026-04-05T20:03:29-04:00',
/* author */ ('RidDleZ'),
/* organization */ (''),
/* preprocessor_version */ 'ST-DEVELOPER v19.2',
/* originating_system */ 'Autodesk Inventor 2024',
/* authorisation */ '');

FILE_SCHEMA (('AUTOMOTIVE_DESIGN { 1 0 10303 214 3 1 1 }'));
ENDSEC;

DATA;
#10=MECHANICAL_DESIGN_GEOMETRIC_PRESENTATION_REPRESENTATION('',(#24,#25,
#26,#27,#28,#29),#3531);
#11=GEOMETRICALLY_BOUNDED_WIREFRAME_SHAPE_REPRESENTATION('',(#12),#3530);
#12=GEOMETRIC_CURVE_SET('Sketch3',(#95,#96,#97,#98,#3527));
#13=SHAPE_REPRESENTATION_RELATIONSHIP('SRR','None',#3538,#15);
#14=SHAPE_REPRESENTATION_RELATIONSHIP('SRR','None',#3538,#11);
#15=ADVANCED_BREP_SHAPE_REPRESENTATION('',(#30,#31),#3530);
#16=B_SPLINE_CURVE_WITH_KNOTS('',3,(#3379,#3380,#3381,#3382),
 .UNSPECIFIED.,.F.,.F.,(4,4),(-0.0793849307873833,0.),.UNSPECIFIED.);
#17=B_SPLINE_CURVE_WITH_KNOTS('',3,(#3439,#3440,#3441,#3442),
 .UNSPECIFIED.,.F.,.F.,(4,4),(-0.0793848116579271,0.),.UNSPECIFIED.);
#18=(
BOUNDED_CURVE()
B_SPLINE_CURVE(2,(#3313,#3314,#3315),.UNSPECIFIED.,.F.,.F.)
B_SPLINE_CURVE_WITH_KNOTS((3,3),(0.,0.106496926986771),.UNSPECIFIED.)
CURVE()
GEOMETRIC_REPRESENTATION_ITEM()
RATIONAL_B_SPLINE_CURVE((1.,1.00681206450581,1.01264763998915))
REPRESENTATION_ITEM('')
);
#19=(
BOUNDED_CURVE()
B_SPLINE_CURVE(2,(#3343,#3344,#3345),.UNSPECIFIED.,.F.,.F.)
B_SPLINE_CURVE_WITH_KNOTS((3,3),(0.,0.00760501090007988),.UNSPECIFIED.)
CURVE()
GEOMETRIC_REPRESENTATION_ITEM()
RATIONAL_B_SPLINE_CURVE((1.,1.02929477773282,1.05837865251955))
REPRESENTATION_ITEM('')
);
#20=ELLIPSE('',#2253,8.48528137423856,6.);
#21=ELLIPSE('',#2281,8.48528137423856,6.);
#22=ELLIPSE('',#2287,8.48528137423856,6.);
#23=ELLIPSE('',#2296,8.48528137423856,6.);
#24=STYLED_ITEM('',(#3548),#30);
#25=STYLED_ITEM('',(#3547),#31);
#26=STYLED_ITEM('',(#3549),#95);
#27=STYLED_ITEM('',(#3550),#96);
#28=STYLED_ITEM('',(#3550),#97);
#29=STYLED_ITEM('',(#3550),#98);
#30=MANIFOLD_SOLID_BREP('body',#2140);
#31=MANIFOLD_SOLID_BREP('lever',#2141);
#32=CONICAL_SURFACE('',#2187,3.225,0.463647609000805);
#33=CONICAL_SURFACE('',#2226,5.75,0.785398163397448);
#34=CONICAL_SURFACE('',#2254,7.55000000000115,0.785398163397448);
#35=CONICAL_SURFACE('',#2259,7.25,0.785398163397448);
#36=CONICAL_SURFACE('',#2267,7.25,0.785398163397448);
#37=CONICAL_SURFACE('',#2275,11.925795661886,0.785398163397453);
#38=CONICAL_SURFACE('',#2283,7.55000000000115,0.785398163397448);
#39=CONICAL_SURFACE('',#2291,11.925795661886,0.785398163397453);
#40=CONICAL_SURFACE('',#2313,5.25,0.785398163397448);
#41=CONICAL_SURFACE('',#2318,4.2,0.785398163397448);
#42=CYLINDRICAL_SURFACE('',#2174,1.9);
#43=CYLINDRICAL_SURFACE('',#2177,3.75);
#44=CYLINDRICAL_SURFACE('',#2180,5.);
#45=CYLINDRICAL_SURFACE('',#2191,3.1);
#46=CYLINDRICAL_SURFACE('',#2229,5.5);
#47=CYLINDRICAL_SURFACE('',#2303,6.);
#48=CYLINDRICAL_SURFACE('',#2307,12.1757956618861);
#49=CYLINDRICAL_SURFACE('',#2316,5.);
#50=CYLINDRICAL_SURFACE('',#2320,3.95);
#51=CYLINDRICAL_SURFACE('',#2323,7.80000000000115);
#52=CYLINDRICAL_SURFACE('',#2327,7.);
#53=FACE_BOUND('',#227,.T.);
#54=FACE_BOUND('',#228,.T.);
#55=FACE_BOUND('',#236,.T.);
#56=FACE_BOUND('',#245,.T.);
#57=FACE_BOUND('',#301,.T.);
#58=FACE_BOUND('',#335,.T.);
#59=FACE_BOUND('',#346,.T.);
#60=FACE_BOUND('',#347,.T.);
#61=CIRCLE('',#2166,5.);
#62=CIRCLE('',#2167,5.);
#63=CIRCLE('',#2168,3.75);
#64=CIRCLE('',#2169,6.);
#65=CIRCLE('',#2175,1.9);
#66=CIRCLE('',#2176,1.9);
#67=CIRCLE('',#2178,3.75);
#68=CIRCLE('',#2181,5.);
#69=CIRCLE('',#2188,3.1);
#70=CIRCLE('',#2189,3.35);
#71=CIRCLE('',#2192,3.1);
#72=CIRCLE('',#2227,5.5);
#73=CIRCLE('',#2230,5.5);
#74=CIRCLE('',#2255,7.30000000000115);
#75=CIRCLE('',#2256,7.80000000000115);
#76=CIRCLE('',#2260,7.5);
#77=CIRCLE('',#2261,7.);
#78=CIRCLE('',#2268,7.);
#79=CIRCLE('',#2269,7.5);
#80=CIRCLE('',#2276,12.1757956618861);
#81=CIRCLE('',#2277,11.675795661886);
#82=CIRCLE('',#2284,7.30000000000115);
#83=CIRCLE('',#2285,7.80000000000115);
#84=CIRCLE('',#2292,11.675795661886);
#85=CIRCLE('',#2293,12.1757956618861);
#86=CIRCLE('',#2298,6.);
#87=CIRCLE('',#2299,3.95);
#88=CIRCLE('',#2304,6.);
#89=CIRCLE('',#2311,5.5);
#90=CIRCLE('',#2312,4.45);
#91=CIRCLE('',#2314,5.);
#92=CIRCLE('',#2315,5.);
#93=CIRCLE('',#2317,5.);
#94=CIRCLE('',#2319,3.95);
#95=CIRCLE('',#2328,5.5);
#96=CIRCLE('',#2329,3.75);
#97=CIRCLE('',#2330,5.);
#98=CIRCLE('',#2331,1.9);
#99=FACE_OUTER_BOUND('',#225,.T.);
#100=FACE_OUTER_BOUND('',#226,.T.);
#101=FACE_OUTER_BOUND('',#229,.T.);
#102=FACE_OUTER_BOUND('',#230,.T.);
#103=FACE_OUTER_BOUND('',#231,.T.);
#104=FACE_OUTER_BOUND('',#232,.T.);
#105=FACE_OUTER_BOUND('',#233,.T.);
#106=FACE_OUTER_BOUND('',#234,.T.);
#107=FACE_OUTER_BOUND('',#235,.T.);
#108=FACE_OUTER_BOUND('',#237,.T.);
#109=FACE_OUTER_BOUND('',#238,.T.);
#110=FACE_OUTER_BOUND('',#239,.T.);
#111=FACE_OUTER_BOUND('',#240,.T.);
#112=FACE_OUTER_BOUND('',#241,.T.);
#113=FACE_OUTER_BOUND('',#242,.T.);
#114=FACE_OUTER_BOUND('',#243,.T.);
#115=FACE_OUTER_BOUND('',#244,.T.);
#116=FACE_OUTER_BOUND('',#246,.T.);
#117=FACE_OUTER_BOUND('',#247,.T.);
#118=FACE_OUTER_BOUND('',#248,.T.);
#119=FACE_OUTER_BOUND('',#249,.T.);
#120=FACE_OUTER_BOUND('',#250,.T.);
#121=FACE_OUTER_BOUND('',#251,.T.);
#122=FACE_OUTER_BOUND('',#252,.T.);
#123=FACE_OUTER_BOUND('',#253,.T.);
#124=FACE_OUTER_BOUND('',#254,.T.);
#125=FACE_OUTER_BOUND('',#255,.T.);
#126=FACE_OUTER_BOUND('',#256,.T.);
#127=FACE_OUTER_BOUND('',#257,.T.);
#128=FACE_OUTER_BOUND('',#258,.T.);
#129=FACE_OUTER_BOUND('',#259,.T.);
#130=FACE_OUTER_BOUND('',#260,.T.);
#131=FACE_OUTER_BOUND('',#261,.T.);
#132=FACE_OUTER_BOUND('',#262,.T.);
#133=FACE_OUTER_BOUND('',#263,.T.);
#134=FACE_OUTER_BOUND('',#264,.T.);
#135=FACE_OUTER_BOUND('',#265,.T.);
#136=FACE_OUTER_BOUND('',#266,.T.);
#137=FACE_OUTER_BOUND('',#267,.T.);
#138=FACE_OUTER_BOUND('',#268,.T.);
#139=FACE_OUTER_BOUND('',#269,.T.);
#140=FACE_OUTER_BOUND('',#270,.T.);
#141=FACE_OUTER_BOUND('',#271,.T.);
#142=FACE_OUTER_BOUND('',#272,.T.);
#143=FACE_OUTER_BOUND('',#273,.T.);
#144=FACE_OUTER_BOUND('',#274,.T.);
#145=FACE_OUTER_BOUND('',#275,.T.);
#146=FACE_OUTER_BOUND('',#276,.T.);
#147=FACE_OUTER_BOUND('',#277,.T.);
#148=FACE_OUTER_BOUND('',#278,.T.);
#149=FACE_OUTER_BOUND('',#279,.T.);
#150=FACE_OUTER_BOUND('',#280,.T.);
#151=FACE_OUTER_BOUND('',#281,.T.);
#152=FACE_OUTER_BOUND('',#282,.T.);
#153=FACE_OUTER_BOUND('',#283,.T.);
#154=FACE_OUTER_BOUND('',#284,.T.);
#155=FACE_OUTER_BOUND('',#285,.T.);
#156=FACE_OUTER_BOUND('',#286,.T.);
#157=FACE_OUTER_BOUND('',#287,.T.);
#158=FACE_OUTER_BOUND('',#288,.T.);
#159=FACE_OUTER_BOUND('',#289,.T.);
#160=FACE_OUTER_BOUND('',#290,.T.);
#161=FACE_OUTER_BOUND('',#291,.T.);
#162=FACE_OUTER_BOUND('',#292,.T.);
#163=FACE_OUTER_BOUND('',#293,.T.);
#164=FACE_OUTER_BOUND('',#294,.T.);
#165=FACE_OUTER_BOUND('',#295,.T.);
#166=FACE_OUTER_BOUND('',#296,.T.);
#167=FACE_OUTER_BOUND('',#297,.T.);
#168=FACE_OUTER_BOUND('',#298,.T.);
#169=FACE_OUTER_BOUND('',#299,.T.);
#170=FACE_OUTER_BOUND('',#300,.T.);
#171=FACE_OUTER_BOUND('',#302,.T.);
#172=FACE_OUTER_BOUND('',#303,.T.);
#173=FACE_OUTER_BOUND('',#304,.T.);
#174=FACE_OUTER_BOUND('',#305,.T.);
#175=FACE_OUTER_BOUND('',#306,.T.);
#176=FACE_OUTER_BOUND('',#307,.T.);
#177=FACE_OUTER_BOUND('',#308,.T.);
#178=FACE_OUTER_BOUND('',#309,.T.);
#179=FACE_OUTER_BOUND('',#310,.T.);
#180=FACE_OUTER_BOUND('',#311,.T.);
#181=FACE_OUTER_BOUND('',#312,.T.);
#182=FACE_OUTER_BOUND('',#313,.T.);
#183=FACE_OUTER_BOUND('',#314,.T.);
#184=FACE_OUTER_BOUND('',#315,.T.);
#185=FACE_OUTER_BOUND('',#316,.T.);
#186=FACE_OUTER_BOUND('',#317,.T.);
#187=FACE_OUTER_BOUND('',#318,.T.);
#188=FACE_OUTER_BOUND('',#319,.T.);
#189=FACE_OUTER_BOUND('',#320,.T.);
#190=FACE_OUTER_BOUND('',#321,.T.);
#191=FACE_OUTER_BOUND('',#322,.T.);
#192=FACE_OUTER_BOUND('',#323,.T.);
#193=FACE_OUTER_BOUND('',#324,.T.);
#194=FACE_OUTER_BOUND('',#325,.T.);
#195=FACE_OUTER_BOUND('',#326,.T.);
#196=FACE_OUTER_BOUND('',#327,.T.);
#197=FACE_OUTER_BOUND('',#328,.T.);
#198=FACE_OUTER_BOUND('',#329,.T.);
#199=FACE_OUTER_BOUND('',#330,.T.);
#200=FACE_OUTER_BOUND('',#331,.T.);
#201=FACE_OUTER_BOUND('',#332,.T.);
#202=FACE_OUTER_BOUND('',#333,.T.);
#203=FACE_OUTER_BOUND('',#334,.T.);
#204=FACE_OUTER_BOUND('',#336,.T.);
#205=FACE_OUTER_BOUND('',#337,.T.);
#206=FACE_OUTER_BOUND('',#338,.T.);
#207=FACE_OUTER_BOUND('',#339,.T.);
#208=FACE_OUTER_BOUND('',#340,.T.);
#209=FACE_OUTER_BOUND('',#341,.T.);
#210=FACE_OUTER_BOUND('',#342,.T.);
#211=FACE_OUTER_BOUND('',#343,.T.);
#212=FACE_OUTER_BOUND('',#344,.T.);
#213=FACE_OUTER_BOUND('',#345,.T.);
#214=FACE_OUTER_BOUND('',#348,.T.);
#215=FACE_OUTER_BOUND('',#349,.T.);
#216=FACE_OUTER_BOUND('',#350,.T.);
#217=FACE_OUTER_BOUND('',#351,.T.);
#218=FACE_OUTER_BOUND('',#352,.T.);
#219=FACE_OUTER_BOUND('',#353,.T.);
#220=FACE_OUTER_BOUND('',#354,.T.);
#221=FACE_OUTER_BOUND('',#355,.T.);
#222=FACE_OUTER_BOUND('',#356,.T.);
#223=FACE_OUTER_BOUND('',#357,.T.);
#224=FACE_OUTER_BOUND('',#358,.T.);
#225=EDGE_LOOP('',(#1325,#1326,#1327,#1328,#1329,#1330,#1331,#1332));
#226=EDGE_LOOP('',(#1333,#1334,#1335,#1336,#1337,#1338,#1339,#1340,#1341,
#1342,#1343,#1344,#1345,#1346,#1347));
#227=EDGE_LOOP('',(#1348));
#228=EDGE_LOOP('',(#1349));
#229=EDGE_LOOP('',(#1350,#1351,#1352,#1353));
#230=EDGE_LOOP('',(#1354,#1355,#1356,#1357));
#231=EDGE_LOOP('',(#1358,#1359,#1360,#1361,#1362,#1363));
#232=EDGE_LOOP('',(#1364,#1365,#1366,#1367,#1368,#1369,#1370,#1371));
#233=EDGE_LOOP('',(#1372,#1373,#1374,#1375));
#234=EDGE_LOOP('',(#1376,#1377,#1378,#1379));
#235=EDGE_LOOP('',(#1380));
#236=EDGE_LOOP('',(#1381));
#237=EDGE_LOOP('',(#1382,#1383,#1384,#1385,#1386));
#238=EDGE_LOOP('',(#1387));
#239=EDGE_LOOP('',(#1388,#1389,#1390,#1391,#1392,#1393,#1394));
#240=EDGE_LOOP('',(#1395,#1396,#1397,#1398));
#241=EDGE_LOOP('',(#1399,#1400,#1401,#1402,#1403,#1404,#1405));
#242=EDGE_LOOP('',(#1406,#1407,#1408,#1409,#1410,#1411,#1412,#1413));
#243=EDGE_LOOP('',(#1414,#1415,#1416,#1417));
#244=EDGE_LOOP('',(#1418,#1419,#1420,#1421,#1422,#1423,#1424,#1425,#1426,
#1427,#1428,#1429,#1430,#1431,#1432,#1433,#1434,#1435));
#245=EDGE_LOOP('',(#1436));
#246=EDGE_LOOP('',(#1437,#1438,#1439,#1440));
#247=EDGE_LOOP('',(#1441,#1442,#1443,#1444));
#248=EDGE_LOOP('',(#1445,#1446,#1447,#1448));
#249=EDGE_LOOP('',(#1449,#1450,#1451,#1452));
#250=EDGE_LOOP('',(#1453,#1454,#1455,#1456));
#251=EDGE_LOOP('',(#1457,#1458,#1459));
#252=EDGE_LOOP('',(#1460,#1461,#1462,#1463));
#253=EDGE_LOOP('',(#1464,#1465,#1466,#1467));
#254=EDGE_LOOP('',(#1468,#1469,#1470,#1471));
#255=EDGE_LOOP('',(#1472,#1473,#1474));
#256=EDGE_LOOP('',(#1475,#1476,#1477,#1478));
#257=EDGE_LOOP('',(#1479,#1480,#1481,#1482));
#258=EDGE_LOOP('',(#1483,#1484,#1485,#1486));
#259=EDGE_LOOP('',(#1487,#1488,#1489,#1490));
#260=EDGE_LOOP('',(#1491,#1492,#1493,#1494));
#261=EDGE_LOOP('',(#1495,#1496,#1497,#1498));
#262=EDGE_LOOP('',(#1499,#1500,#1501,#1502));
#263=EDGE_LOOP('',(#1503,#1504,#1505,#1506));
#264=EDGE_LOOP('',(#1507,#1508,#1509,#1510));
#265=EDGE_LOOP('',(#1511,#1512,#1513,#1514));
#266=EDGE_LOOP('',(#1515,#1516,#1517,#1518));
#267=EDGE_LOOP('',(#1519,#1520,#1521,#1522));
#268=EDGE_LOOP('',(#1523,#1524,#1525,#1526));
#269=EDGE_LOOP('',(#1527,#1528,#1529,#1530));
#270=EDGE_LOOP('',(#1531,#1532,#1533,#1534,#1535));
#271=EDGE_LOOP('',(#1536,#1537,#1538,#1539));
#272=EDGE_LOOP('',(#1540,#1541,#1542,#1543));
#273=EDGE_LOOP('',(#1544,#1545,#1546,#1547));
#274=EDGE_LOOP('',(#1548,#1549,#1550,#1551,#1552));
#275=EDGE_LOOP('',(#1553,#1554,#1555,#1556,#1557));
#276=EDGE_LOOP('',(#1558,#1559,#1560,#1561));
#277=EDGE_LOOP('',(#1562,#1563,#1564,#1565));
#278=EDGE_LOOP('',(#1566,#1567,#1568,#1569));
#279=EDGE_LOOP('',(#1570,#1571,#1572,#1573));
#280=EDGE_LOOP('',(#1574,#1575,#1576,#1577));
#281=EDGE_LOOP('',(#1578));
#282=EDGE_LOOP('',(#1579,#1580,#1581,#1582));
#283=EDGE_LOOP('',(#1583,#1584,#1585,#1586));
#284=EDGE_LOOP('',(#1587,#1588,#1589,#1590));
#285=EDGE_LOOP('',(#1591,#1592,#1593,#1594));
#286=EDGE_LOOP('',(#1595,#1596,#1597,#1598));
#287=EDGE_LOOP('',(#1599,#1600,#1601,#1602));
#288=EDGE_LOOP('',(#1603,#1604,#1605,#1606));
#289=EDGE_LOOP('',(#1607,#1608,#1609,#1610,#1611));
#290=EDGE_LOOP('',(#1612,#1613,#1614,#1615,#1616,#1617));
#291=EDGE_LOOP('',(#1618,#1619,#1620,#1621,#1622));
#292=EDGE_LOOP('',(#1623,#1624,#1625,#1626));
#293=EDGE_LOOP('',(#1627,#1628,#1629,#1630,#1631,#1632));
#294=EDGE_LOOP('',(#1633,#1634,#1635,#1636,#1637));
#295=EDGE_LOOP('',(#1638,#1639,#1640,#1641));
#296=EDGE_LOOP('',(#1642,#1643,#1644,#1645,#1646,#1647,#1648,#1649,#1650,
#1651));
#297=EDGE_LOOP('',(#1652,#1653,#1654,#1655));
#298=EDGE_LOOP('',(#1656,#1657,#1658,#1659));
#299=EDGE_LOOP('',(#1660,#1661,#1662,#1663));
#300=EDGE_LOOP('',(#1664));
#301=EDGE_LOOP('',(#1665));
#302=EDGE_LOOP('',(#1666,#1667,#1668,#1669,#1670));
#303=EDGE_LOOP('',(#1671,#1672,#1673,#1674));
#304=EDGE_LOOP('',(#1675,#1676,#1677,#1678));
#305=EDGE_LOOP('',(#1679,#1680,#1681,#1682));
#306=EDGE_LOOP('',(#1683,#1684,#1685,#1686));
#307=EDGE_LOOP('',(#1687,#1688,#1689,#1690));
#308=EDGE_LOOP('',(#1691,#1692,#1693));
#309=EDGE_LOOP('',(#1694,#1695,#1696,#1697));
#310=EDGE_LOOP('',(#1698,#1699,#1700,#1701));
#311=EDGE_LOOP('',(#1702,#1703,#1704,#1705));
#312=EDGE_LOOP('',(#1706,#1707,#1708,#1709));
#313=EDGE_LOOP('',(#1710,#1711,#1712));
#314=EDGE_LOOP('',(#1713,#1714,#1715,#1716));
#315=EDGE_LOOP('',(#1717,#1718,#1719,#1720));
#316=EDGE_LOOP('',(#1721,#1722,#1723,#1724));
#317=EDGE_LOOP('',(#1725,#1726,#1727,#1728));
#318=EDGE_LOOP('',(#1729,#1730,#1731,#1732));
#319=EDGE_LOOP('',(#1733,#1734,#1735,#1736));
#320=EDGE_LOOP('',(#1737,#1738,#1739,#1740));
#321=EDGE_LOOP('',(#1741,#1742,#1743,#1744));
#322=EDGE_LOOP('',(#1745,#1746,#1747,#1748));
#323=EDGE_LOOP('',(#1749,#1750,#1751,#1752));
#324=EDGE_LOOP('',(#1753,#1754,#1755,#1756));
#325=EDGE_LOOP('',(#1757,#1758,#1759,#1760));
#326=EDGE_LOOP('',(#1761,#1762,#1763,#1764));
#327=EDGE_LOOP('',(#1765,#1766,#1767,#1768));
#328=EDGE_LOOP('',(#1769,#1770,#1771,#1772));
#329=EDGE_LOOP('',(#1773,#1774,#1775,#1776));
#330=EDGE_LOOP('',(#1777,#1778,#1779,#1780));
#331=EDGE_LOOP('',(#1781,#1782,#1783,#1784));
#332=EDGE_LOOP('',(#1785,#1786,#1787,#1788));
#333=EDGE_LOOP('',(#1789,#1790,#1791,#1792));
#334=EDGE_LOOP('',(#1793,#1794,#1795,#1796,#1797,#1798,#1799,#1800,#1801,
#1802,#1803,#1804,#1805,#1806,#1807));
#335=EDGE_LOOP('',(#1808));
#336=EDGE_LOOP('',(#1809,#1810,#1811,#1812));
#337=EDGE_LOOP('',(#1813,#1814,#1815,#1816));
#338=EDGE_LOOP('',(#1817,#1818,#1819,#1820));
#339=EDGE_LOOP('',(#1821,#1822,#1823,#1824,#1825,#1826,#1827,#1828));
#340=EDGE_LOOP('',(#1829,#1830,#1831,#1832));
#341=EDGE_LOOP('',(#1833,#1834,#1835,#1836));
#342=EDGE_LOOP('',(#1837,#1838,#1839,#1840));
#343=EDGE_LOOP('',(#1841,#1842,#1843,#1844));
#344=EDGE_LOOP('',(#1845,#1846,#1847,#1848));
#345=EDGE_LOOP('',(#1849,#1850,#1851,#1852,#1853,#1854,#1855,#1856,#1857,
#1858,#1859,#1860,#1861,#1862,#1863));
#346=EDGE_LOOP('',(#1864));
#347=EDGE_LOOP('',(#1865));
#348=EDGE_LOOP('',(#1866,#1867,#1868,#1869,#1870));
#349=EDGE_LOOP('',(#1871,#1872,#1873,#1874,#1875));
#350=EDGE_LOOP('',(#1876,#1877,#1878,#1879));
#351=EDGE_LOOP('',(#1880,#1881,#1882,#1883));
#352=EDGE_LOOP('',(#1884));
#353=EDGE_LOOP('',(#1885,#1886,#1887,#1888));
#354=EDGE_LOOP('',(#1889,#1890,#1891,#1892));
#355=EDGE_LOOP('',(#1893,#1894,#1895,#1896));
#356=EDGE_LOOP('',(#1897,#1898,#1899,#1900));
#357=EDGE_LOOP('',(#1901,#1902,#1903,#1904));
#358=EDGE_LOOP('',(#1905,#1906,#1907,#1908));
#359=LINE('',#2924,#609);
#360=LINE('',#2926,#610);
#361=LINE('',#2928,#611);
#362=LINE('',#2930,#612);
#363=LINE('',#2932,#613);
#364=LINE('',#2934,#614);
#365=LINE('',#2936,#615);
#366=LINE('',#2937,#616);
#367=LINE('',#2941,#617);
#368=LINE('',#2943,#618);
#369=LINE('',#2945,#619);
#370=LINE('',#2947,#620);
#371=LINE('',#2949,#621);
#372=LINE('',#2951,#622);
#373=LINE('',#2953,#623);
#374=LINE('',#2955,#624);
#375=LINE('',#2957,#625);
#376=LINE('',#2959,#626);
#377=LINE('',#2961,#627);
#378=LINE('',#2963,#628);
#379=LINE('',#2964,#629);
#380=LINE('',#2975,#630);
#381=LINE('',#2977,#631);
#382=LINE('',#2979,#632);
#383=LINE('',#2980,#633);
#384=LINE('',#2983,#634);
#385=LINE('',#2985,#635);
#386=LINE('',#2986,#636);
#387=LINE('',#2990,#637);
#388=LINE('',#2991,#638);
#389=LINE('',#2992,#639);
#390=LINE('',#2993,#640);
#391=LINE('',#2995,#641);
#392=LINE('',#2997,#642);
#393=LINE('',#2998,#643);
#394=LINE('',#3003,#644);
#395=LINE('',#3008,#645);
#396=LINE('',#3012,#646);
#397=LINE('',#3017,#647);
#398=LINE('',#3019,#648);
#399=LINE('',#3021,#649);
#400=LINE('',#3022,#650);
#401=LINE('',#3025,#651);
#402=LINE('',#3026,#652);
#403=LINE('',#3029,#653);
#404=LINE('',#3031,#654);
#405=LINE('',#3033,#655);
#406=LINE('',#3034,#656);
#407=LINE('',#3037,#657);
#408=LINE('',#3039,#658);
#409=LINE('',#3041,#659);
#410=LINE('',#3043,#660);
#411=LINE('',#3044,#661);
#412=LINE('',#3049,#662);
#413=LINE('',#3054,#663);
#414=LINE('',#3056,#664);
#415=LINE('',#3058,#665);
#416=LINE('',#3060,#666);
#417=LINE('',#3062,#667);
#418=LINE('',#3064,#668);
#419=LINE('',#3066,#669);
#420=LINE('',#3068,#670);
#421=LINE('',#3070,#671);
#422=LINE('',#3072,#672);
#423=LINE('',#3074,#673);
#424=LINE('',#3076,#674);
#425=LINE('',#3078,#675);
#426=LINE('',#3080,#676);
#427=LINE('',#3082,#677);
#428=LINE('',#3084,#678);
#429=LINE('',#3086,#679);
#430=LINE('',#3087,#680);
#431=LINE('',#3090,#681);
#432=LINE('',#3095,#682);
#433=LINE('',#3096,#683);
#434=LINE('',#3097,#684);
#435=LINE('',#3100,#685);
#436=LINE('',#3102,#686);
#437=LINE('',#3103,#687);
#438=LINE('',#3106,#688);
#439=LINE('',#3108,#689);
#440=LINE('',#3109,#690);
#441=LINE('',#3112,#691);
#442=LINE('',#3113,#692);
#443=LINE('',#3116,#693);
#444=LINE('',#3118,#694);
#445=LINE('',#3119,#695);
#446=LINE('',#3122,#696);
#447=LINE('',#3123,#697);
#448=LINE('',#3126,#698);
#449=LINE('',#3128,#699);
#450=LINE('',#3129,#700);
#451=LINE('',#3132,#701);
#452=LINE('',#3133,#702);
#453=LINE('',#3134,#703);
#454=LINE('',#3138,#704);
#455=LINE('',#3139,#705);
#456=LINE('',#3140,#706);
#457=LINE('',#3142,#707);
#458=LINE('',#3145,#708);
#459=LINE('',#3146,#709);
#460=LINE('',#3149,#710);
#461=LINE('',#3151,#711);
#462=LINE('',#3152,#712);
#463=LINE('',#3154,#713);
#464=LINE('',#3155,#714);
#465=LINE('',#3157,#715);
#466=LINE('',#3159,#716);
#467=LINE('',#3162,#717);
#468=LINE('',#3163,#718);
#469=LINE('',#3165,#719);
#470=LINE('',#3167,#720);
#471=LINE('',#3168,#721);
#472=LINE('',#3170,#722);
#473=LINE('',#3173,#723);
#474=LINE('',#3174,#724);
#475=LINE('',#3176,#725);
#476=LINE('',#3178,#726);
#477=LINE('',#3180,#727);
#478=LINE('',#3183,#728);
#479=LINE('',#3185,#729);
#480=LINE('',#3187,#730);
#481=LINE('',#3188,#731);
#482=LINE('',#3191,#732);
#483=LINE('',#3192,#733);
#484=LINE('',#3195,#734);
#485=LINE('',#3196,#735);
#486=LINE('',#3199,#736);
#487=LINE('',#3200,#737);
#488=LINE('',#3203,#738);
#489=LINE('',#3205,#739);
#490=LINE('',#3206,#740);
#491=LINE('',#3209,#741);
#492=LINE('',#3211,#742);
#493=LINE('',#3212,#743);
#494=LINE('',#3214,#744);
#495=LINE('',#3216,#745);
#496=LINE('',#3219,#746);
#497=LINE('',#3221,#747);
#498=LINE('',#3222,#748);
#499=LINE('',#3224,#749);
#500=LINE('',#3228,#750);
#501=LINE('',#3233,#751);
#502=LINE('',#3235,#752);
#503=LINE('',#3236,#753);
#504=LINE('',#3238,#754);
#505=LINE('',#3240,#755);
#506=LINE('',#3242,#756);
#507=LINE('',#3244,#757);
#508=LINE('',#3246,#758);
#509=LINE('',#3249,#759);
#510=LINE('',#3250,#760);
#511=LINE('',#3252,#761);
#512=LINE('',#3254,#762);
#513=LINE('',#3255,#763);
#514=LINE('',#3258,#764);
#515=LINE('',#3260,#765);
#516=LINE('',#3263,#766);
#517=LINE('',#3266,#767);
#518=LINE('',#3268,#768);
#519=LINE('',#3275,#769);
#520=LINE('',#3277,#770);
#521=LINE('',#3279,#771);
#522=LINE('',#3280,#772);
#523=LINE('',#3283,#773);
#524=LINE('',#3285,#774);
#525=LINE('',#3286,#775);
#526=LINE('',#3292,#776);
#527=LINE('',#3294,#777);
#528=LINE('',#3295,#778);
#529=LINE('',#3299,#779);
#530=LINE('',#3304,#780);
#531=LINE('',#3306,#781);
#532=LINE('',#3307,#782);
#533=LINE('',#3311,#783);
#534=LINE('',#3316,#784);
#535=LINE('',#3320,#785);
#536=LINE('',#3324,#786);
#537=LINE('',#3325,#787);
#538=LINE('',#3328,#788);
#539=LINE('',#3330,#789);
#540=LINE('',#3331,#790);
#541=LINE('',#3334,#791);
#542=LINE('',#3336,#792);
#543=LINE('',#3337,#793);
#544=LINE('',#3341,#794);
#545=LINE('',#3346,#795);
#546=LINE('',#3349,#796);
#547=LINE('',#3351,#797);
#548=LINE('',#3352,#798);
#549=LINE('',#3357,#799);
#550=LINE('',#3358,#800);
#551=LINE('',#3362,#801);
#552=LINE('',#3364,#802);
#553=LINE('',#3366,#803);
#554=LINE('',#3367,#804);
#555=LINE('',#3370,#805);
#556=LINE('',#3372,#806);
#557=LINE('',#3373,#807);
#558=LINE('',#3376,#808);
#559=LINE('',#3378,#809);
#560=LINE('',#3384,#810);
#561=LINE('',#3385,#811);
#562=LINE('',#3390,#812);
#563=LINE('',#3394,#813);
#564=LINE('',#3396,#814);
#565=LINE('',#3397,#815);
#566=LINE('',#3400,#816);
#567=LINE('',#3402,#817);
#568=LINE('',#3403,#818);
#569=LINE('',#3406,#819);
#570=LINE('',#3409,#820);
#571=LINE('',#3412,#821);
#572=LINE('',#3414,#822);
#573=LINE('',#3415,#823);
#574=LINE('',#3419,#824);
#575=LINE('',#3426,#825);
#576=LINE('',#3427,#826);
#577=LINE('',#3430,#827);
#578=LINE('',#3432,#828);
#579=LINE('',#3433,#829);
#580=LINE('',#3436,#830);
#581=LINE('',#3438,#831);
#582=LINE('',#3446,#832);
#583=LINE('',#3448,#833);
#584=LINE('',#3450,#834);
#585=LINE('',#3451,#835);
#586=LINE('',#3457,#836);
#587=LINE('',#3459,#837);
#588=LINE('',#3460,#838);
#589=LINE('',#3463,#839);
#590=LINE('',#3466,#840);
#591=LINE('',#3472,#841);
#592=LINE('',#3474,#842);
#593=LINE('',#3476,#843);
#594=LINE('',#3478,#844);
#595=LINE('',#3480,#845);
#596=LINE('',#3482,#846);
#597=LINE('',#3484,#847);
#598=LINE('',#3486,#848);
#599=LINE('',#3488,#849);
#600=LINE('',#3497,#850);
#601=LINE('',#3503,#851);
#602=LINE('',#3507,#852);
#603=LINE('',#3510,#853);
#604=LINE('',#3513,#854);
#605=LINE('',#3515,#855);
#606=LINE('',#3517,#856);
#607=LINE('',#3519,#857);
#608=LINE('',#3521,#858);
#609=VECTOR('',#2336,10.);
#610=VECTOR('',#2337,10.);
#611=VECTOR('',#2338,10.);
#612=VECTOR('',#2339,10.);
#613=VECTOR('',#2340,10.);
#614=VECTOR('',#2341,10.);
#615=VECTOR('',#2342,10.);
#616=VECTOR('',#2343,10.);
#617=VECTOR('',#2346,10.);
#618=VECTOR('',#2347,10.);
#619=VECTOR('',#2348,10.);
#620=VECTOR('',#2349,10.);
#621=VECTOR('',#2350,10.);
#622=VECTOR('',#2351,10.);
#623=VECTOR('',#2352,10.);
#624=VECTOR('',#2353,10.);
#625=VECTOR('',#2354,10.);
#626=VECTOR('',#2355,10.);
#627=VECTOR('',#2356,10.);
#628=VECTOR('',#2357,10.);
#629=VECTOR('',#2358,10.);
#630=VECTOR('',#2369,10.);
#631=VECTOR('',#2370,10.);
#632=VECTOR('',#2371,10.);
#633=VECTOR('',#2372,10.);
#634=VECTOR('',#2375,10.);
#635=VECTOR('',#2376,10.);
#636=VECTOR('',#2377,10.);
#637=VECTOR('',#2380,10.);
#638=VECTOR('',#2381,10.);
#639=VECTOR('',#2382,10.);
#640=VECTOR('',#2383,10.);
#641=VECTOR('',#2386,10.);
#642=VECTOR('',#2387,10.);
#643=VECTOR('',#2388,10.);
#644=VECTOR('',#2393,1.9);
#645=VECTOR('',#2400,3.75);
#646=VECTOR('',#2405,5.);
#647=VECTOR('',#2412,10.);
#648=VECTOR('',#2413,10.);
#649=VECTOR('',#2414,10.);
#650=VECTOR('',#2415,10.);
#651=VECTOR('',#2418,10.);
#652=VECTOR('',#2419,10.);
#653=VECTOR('',#2422,10.);
#654=VECTOR('',#2423,10.);
#655=VECTOR('',#2424,10.);
#656=VECTOR('',#2425,10.);
#657=VECTOR('',#2428,10.);
#658=VECTOR('',#2429,10.);
#659=VECTOR('',#2430,10.);
#660=VECTOR('',#2431,10.);
#661=VECTOR('',#2432,10.);
#662=VECTOR('',#2437,3.225);
#663=VECTOR('',#2442,10.);
#664=VECTOR('',#2443,10.);
#665=VECTOR('',#2444,10.);
#666=VECTOR('',#2445,10.);
#667=VECTOR('',#2446,10.);
#668=VECTOR('',#2447,10.);
#669=VECTOR('',#2448,10.);
#670=VECTOR('',#2449,10.);
#671=VECTOR('',#2450,10.);
#672=VECTOR('',#2451,10.);
#673=VECTOR('',#2452,10.);
#674=VECTOR('',#2453,10.);
#675=VECTOR('',#2454,10.);
#676=VECTOR('',#2455,10.);
#677=VECTOR('',#2456,10.);
#678=VECTOR('',#2457,10.);
#679=VECTOR('',#2458,10.);
#680=VECTOR('',#2459,10.);
#681=VECTOR('',#2462,3.1);
#682=VECTOR('',#2467,10.);
#683=VECTOR('',#2468,10.);
#684=VECTOR('',#2469,10.);
#685=VECTOR('',#2472,10.);
#686=VECTOR('',#2473,10.);
#687=VECTOR('',#2474,10.);
#688=VECTOR('',#2477,10.);
#689=VECTOR('',#2478,10.);
#690=VECTOR('',#2479,10.);
#691=VECTOR('',#2482,10.);
#692=VECTOR('',#2483,10.);
#693=VECTOR('',#2486,10.);
#694=VECTOR('',#2487,10.);
#695=VECTOR('',#2488,10.);
#696=VECTOR('',#2491,10.);
#697=VECTOR('',#2492,10.);
#698=VECTOR('',#2495,10.);
#699=VECTOR('',#2496,10.);
#700=VECTOR('',#2497,10.);
#701=VECTOR('',#2500,10.);
#702=VECTOR('',#2501,10.);
#703=VECTOR('',#2502,10.);
#704=VECTOR('',#2505,10.);
#705=VECTOR('',#2506,10.);
#706=VECTOR('',#2507,10.);
#707=VECTOR('',#2510,10.);
#708=VECTOR('',#2513,10.);
#709=VECTOR('',#2514,10.);
#710=VECTOR('',#2517,10.);
#711=VECTOR('',#2518,10.);
#712=VECTOR('',#2519,10.);
#713=VECTOR('',#2522,10.);
#714=VECTOR('',#2523,10.);
#715=VECTOR('',#2526,10.);
#716=VECTOR('',#2529,10.);
#717=VECTOR('',#2532,10.);
#718=VECTOR('',#2533,10.);
#719=VECTOR('',#2536,10.);
#720=VECTOR('',#2539,10.);
#721=VECTOR('',#2540,10.);
#722=VECTOR('',#2543,10.);
#723=VECTOR('',#2546,10.);
#724=VECTOR('',#2547,10.);
#725=VECTOR('',#2550,10.);
#726=VECTOR('',#2553,10.);
#727=VECTOR('',#2556,10.);
#728=VECTOR('',#2559,10.);
#729=VECTOR('',#2560,10.);
#730=VECTOR('',#2561,10.);
#731=VECTOR('',#2562,10.);
#732=VECTOR('',#2565,10.);
#733=VECTOR('',#2566,10.);
#734=VECTOR('',#2569,10.);
#735=VECTOR('',#2570,10.);
#736=VECTOR('',#2573,10.);
#737=VECTOR('',#2574,10.);
#738=VECTOR('',#2577,10.);
#739=VECTOR('',#2578,10.);
#740=VECTOR('',#2579,10.);
#741=VECTOR('',#2582,10.);
#742=VECTOR('',#2583,10.);
#743=VECTOR('',#2584,10.);
#744=VECTOR('',#2587,10.);
#745=VECTOR('',#2590,10.);
#746=VECTOR('',#2593,10.);
#747=VECTOR('',#2594,10.);
#748=VECTOR('',#2595,10.);
#749=VECTOR('',#2598,10.);
#750=VECTOR('',#2603,5.75);
#751=VECTOR('',#2610,5.5);
#752=VECTOR('',#2613,10.);
#753=VECTOR('',#2614,10.);
#754=VECTOR('',#2617,10.);
#755=VECTOR('',#2620,10.);
#756=VECTOR('',#2623,10.);
#757=VECTOR('',#2626,10.);
#758=VECTOR('',#2629,10.);
#759=VECTOR('',#2632,10.);
#760=VECTOR('',#2633,10.);
#761=VECTOR('',#2636,10.);
#762=VECTOR('',#2637,10.);
#763=VECTOR('',#2638,10.);
#764=VECTOR('',#2643,10.);
#765=VECTOR('',#2646,10.);
#766=VECTOR('',#2651,10.);
#767=VECTOR('',#2656,10.);
#768=VECTOR('',#2659,10.);
#769=VECTOR('',#2668,10.);
#770=VECTOR('',#2669,10.);
#771=VECTOR('',#2670,10.);
#772=VECTOR('',#2671,10.);
#773=VECTOR('',#2674,10.);
#774=VECTOR('',#2675,10.);
#775=VECTOR('',#2676,10.);
#776=VECTOR('',#2681,10.);
#777=VECTOR('',#2682,10.);
#778=VECTOR('',#2683,10.);
#779=VECTOR('',#2686,10.);
#780=VECTOR('',#2693,10.);
#781=VECTOR('',#2694,10.);
#782=VECTOR('',#2695,10.);
#783=VECTOR('',#2698,10.);
#784=VECTOR('',#2699,10.);
#785=VECTOR('',#2702,10.);
#786=VECTOR('',#2709,10.);
#787=VECTOR('',#2710,10.);
#788=VECTOR('',#2713,10.);
#789=VECTOR('',#2714,10.);
#790=VECTOR('',#2715,10.);
#791=VECTOR('',#2718,10.);
#792=VECTOR('',#2719,10.);
#793=VECTOR('',#2720,10.);
#794=VECTOR('',#2723,10.);
#795=VECTOR('',#2724,10.);
#796=VECTOR('',#2727,10.);
#797=VECTOR('',#2728,10.);
#798=VECTOR('',#2729,10.);
#799=VECTOR('',#2738,10.);
#800=VECTOR('',#2739,10.);
#801=VECTOR('',#2742,10.);
#802=VECTOR('',#2743,10.);
#803=VECTOR('',#2744,10.);
#804=VECTOR('',#2745,10.);
#805=VECTOR('',#2748,10.);
#806=VECTOR('',#2749,10.);
#807=VECTOR('',#2750,10.);
#808=VECTOR('',#2753,10.);
#809=VECTOR('',#2754,10.);
#810=VECTOR('',#2757,10.);
#811=VECTOR('',#2758,10.);
#812=VECTOR('',#2763,10.);
#813=VECTOR('',#2768,10.);
#814=VECTOR('',#2769,10.);
#815=VECTOR('',#2770,10.);
#816=VECTOR('',#2773,10.);
#817=VECTOR('',#2774,10.);
#818=VECTOR('',#2775,10.);
#819=VECTOR('',#2778,10.);
#820=VECTOR('',#2781,10.);
#821=VECTOR('',#2784,10.);
#822=VECTOR('',#2785,10.);
#823=VECTOR('',#2786,10.);
#824=VECTOR('',#2789,10.);
#825=VECTOR('',#2798,10.);
#826=VECTOR('',#2799,10.);
#827=VECTOR('',#2802,10.);
#828=VECTOR('',#2803,10.);
#829=VECTOR('',#2804,10.);
#830=VECTOR('',#2807,10.);
#831=VECTOR('',#2808,10.);
#832=VECTOR('',#2811,10.);
#833=VECTOR('',#2812,10.);
#834=VECTOR('',#2813,10.);
#835=VECTOR('',#2814,10.);
#836=VECTOR('',#2823,10.);
#837=VECTOR('',#2824,10.);
#838=VECTOR('',#2825,10.);
#839=VECTOR('',#2828,10.);
#840=VECTOR('',#2831,10.);
#841=VECTOR('',#2840,10.);
#842=VECTOR('',#2843,10.);
#843=VECTOR('',#2846,10.);
#844=VECTOR('',#2849,10.);
#845=VECTOR('',#2852,10.);
#846=VECTOR('',#2855,10.);
#847=VECTOR('',#2858,10.);
#848=VECTOR('',#2861,10.);
#849=VECTOR('',#2864,10.);
#850=VECTOR('',#2875,5.25);
#851=VECTOR('',#2882,5.);
#852=VECTOR('',#2887,4.2);
#853=VECTOR('',#2892,3.95);
#854=VECTOR('',#2897,10.);
#855=VECTOR('',#2900,10.);
#856=VECTOR('',#2903,10.);
#857=VECTOR('',#2906,10.);
#858=VECTOR('',#2909,10.);
#859=VERTEX_POINT('',#2922);
#860=VERTEX_POINT('',#2923);
#861=VERTEX_POINT('',#2925);
#862=VERTEX_POINT('',#2927);
#863=VERTEX_POINT('',#2929);
#864=VERTEX_POINT('',#2931);
#865=VERTEX_POINT('',#2933);
#866=VERTEX_POINT('',#2935);
#867=VERTEX_POINT('',#2939);
#868=VERTEX_POINT('',#2940);
#869=VERTEX_POINT('',#2942);
#870=VERTEX_POINT('',#2944);
#871=VERTEX_POINT('',#2946);
#872=VERTEX_POINT('',#2948);
#873=VERTEX_POINT('',#2950);
#874=VERTEX_POINT('',#2952);
#875=VERTEX_POINT('',#2954);
#876=VERTEX_POINT('',#2956);
#877=VERTEX_POINT('',#2958);
#878=VERTEX_POINT('',#2960);
#879=VERTEX_POINT('',#2962);
#880=VERTEX_POINT('',#2965);
#881=VERTEX_POINT('',#2968);
#882=VERTEX_POINT('',#2970);
#883=VERTEX_POINT('',#2973);
#884=VERTEX_POINT('',#2974);
#885=VERTEX_POINT('',#2976);
#886=VERTEX_POINT('',#2978);
#887=VERTEX_POINT('',#2982);
#888=VERTEX_POINT('',#2984);
#889=VERTEX_POINT('',#2988);
#890=VERTEX_POINT('',#2989);
#891=VERTEX_POINT('',#2996);
#892=VERTEX_POINT('',#3000);
#893=VERTEX_POINT('',#3002);
#894=VERTEX_POINT('',#3006);
#895=VERTEX_POINT('',#3011);
#896=VERTEX_POINT('',#3016);
#897=VERTEX_POINT('',#3018);
#898=VERTEX_POINT('',#3020);
#899=VERTEX_POINT('',#3024);
#900=VERTEX_POINT('',#3028);
#901=VERTEX_POINT('',#3030);
#902=VERTEX_POINT('',#3032);
#903=VERTEX_POINT('',#3036);
#904=VERTEX_POINT('',#3038);
#905=VERTEX_POINT('',#3040);
#906=VERTEX_POINT('',#3042);
#907=VERTEX_POINT('',#3046);
#908=VERTEX_POINT('',#3048);
#909=VERTEX_POINT('',#3052);
#910=VERTEX_POINT('',#3053);
#911=VERTEX_POINT('',#3055);
#912=VERTEX_POINT('',#3057);
#913=VERTEX_POINT('',#3059);
#914=VERTEX_POINT('',#3061);
#915=VERTEX_POINT('',#3063);
#916=VERTEX_POINT('',#3065);
#917=VERTEX_POINT('',#3067);
#918=VERTEX_POINT('',#3069);
#919=VERTEX_POINT('',#3071);
#920=VERTEX_POINT('',#3073);
#921=VERTEX_POINT('',#3075);
#922=VERTEX_POINT('',#3077);
#923=VERTEX_POINT('',#3079);
#924=VERTEX_POINT('',#3081);
#925=VERTEX_POINT('',#3083);
#926=VERTEX_POINT('',#3085);
#927=VERTEX_POINT('',#3089);
#928=VERTEX_POINT('',#3093);
#929=VERTEX_POINT('',#3094);
#930=VERTEX_POINT('',#3099);
#931=VERTEX_POINT('',#3101);
#932=VERTEX_POINT('',#3105);
#933=VERTEX_POINT('',#3107);
#934=VERTEX_POINT('',#3111);
#935=VERTEX_POINT('',#3115);
#936=VERTEX_POINT('',#3117);
#937=VERTEX_POINT('',#3121);
#938=VERTEX_POINT('',#3125);
#939=VERTEX_POINT('',#3127);
#940=VERTEX_POINT('',#3131);
#941=VERTEX_POINT('',#3136);
#942=VERTEX_POINT('',#3137);
#943=VERTEX_POINT('',#3144);
#944=VERTEX_POINT('',#3148);
#945=VERTEX_POINT('',#3150);
#946=VERTEX_POINT('',#3161);
#947=VERTEX_POINT('',#3172);
#948=VERTEX_POINT('',#3182);
#949=VERTEX_POINT('',#3184);
#950=VERTEX_POINT('',#3186);
#951=VERTEX_POINT('',#3190);
#952=VERTEX_POINT('',#3194);
#953=VERTEX_POINT('',#3198);
#954=VERTEX_POINT('',#3202);
#955=VERTEX_POINT('',#3204);
#956=VERTEX_POINT('',#3208);
#957=VERTEX_POINT('',#3210);
#958=VERTEX_POINT('',#3218);
#959=VERTEX_POINT('',#3220);
#960=VERTEX_POINT('',#3226);
#961=VERTEX_POINT('',#3231);
#962=VERTEX_POINT('',#3248);
#963=VERTEX_POINT('',#3253);
#964=VERTEX_POINT('',#3273);
#965=VERTEX_POINT('',#3274);
#966=VERTEX_POINT('',#3276);
#967=VERTEX_POINT('',#3278);
#968=VERTEX_POINT('',#3282);
#969=VERTEX_POINT('',#3284);
#970=VERTEX_POINT('',#3288);
#971=VERTEX_POINT('',#3289);
#972=VERTEX_POINT('',#3291);
#973=VERTEX_POINT('',#3293);
#974=VERTEX_POINT('',#3297);
#975=VERTEX_POINT('',#3298);
#976=VERTEX_POINT('',#3303);
#977=VERTEX_POINT('',#3305);
#978=VERTEX_POINT('',#3309);
#979=VERTEX_POINT('',#3310);
#980=VERTEX_POINT('',#3312);
#981=VERTEX_POINT('',#3318);
#982=VERTEX_POINT('',#3319);
#983=VERTEX_POINT('',#3327);
#984=VERTEX_POINT('',#3329);
#985=VERTEX_POINT('',#3333);
#986=VERTEX_POINT('',#3335);
#987=VERTEX_POINT('',#3339);
#988=VERTEX_POINT('',#3340);
#989=VERTEX_POINT('',#3342);
#990=VERTEX_POINT('',#3348);
#991=VERTEX_POINT('',#3350);
#992=VERTEX_POINT('',#3360);
#993=VERTEX_POINT('',#3361);
#994=VERTEX_POINT('',#3363);
#995=VERTEX_POINT('',#3365);
#996=VERTEX_POINT('',#3369);
#997=VERTEX_POINT('',#3371);
#998=VERTEX_POINT('',#3375);
#999=VERTEX_POINT('',#3377);
#1000=VERTEX_POINT('',#3387);
#1001=VERTEX_POINT('',#3389);
#1002=VERTEX_POINT('',#3393);
#1003=VERTEX_POINT('',#3395);
#1004=VERTEX_POINT('',#3399);
#1005=VERTEX_POINT('',#3401);
#1006=VERTEX_POINT('',#3405);
#1007=VERTEX_POINT('',#3407);
#1008=VERTEX_POINT('',#3411);
#1009=VERTEX_POINT('',#3413);
#1010=VERTEX_POINT('',#3417);
#1011=VERTEX_POINT('',#3418);
#1012=VERTEX_POINT('',#3423);
#1013=VERTEX_POINT('',#3424);
#1014=VERTEX_POINT('',#3429);
#1015=VERTEX_POINT('',#3431);
#1016=VERTEX_POINT('',#3435);
#1017=VERTEX_POINT('',#3437);
#1018=VERTEX_POINT('',#3444);
#1019=VERTEX_POINT('',#3445);
#1020=VERTEX_POINT('',#3447);
#1021=VERTEX_POINT('',#3449);
#1022=VERTEX_POINT('',#3456);
#1023=VERTEX_POINT('',#3458);
#1024=VERTEX_POINT('',#3462);
#1025=VERTEX_POINT('',#3464);
#1026=VERTEX_POINT('',#3469);
#1027=VERTEX_POINT('',#3491);
#1028=VERTEX_POINT('',#3493);
#1029=VERTEX_POINT('',#3496);
#1030=VERTEX_POINT('',#3498);
#1031=VERTEX_POINT('',#3502);
#1032=VERTEX_POINT('',#3506);
#1033=EDGE_CURVE('',#859,#860,#359,.T.);
#1034=EDGE_CURVE('',#859,#861,#360,.T.);
#1035=EDGE_CURVE('',#862,#861,#361,.T.);
#1036=EDGE_CURVE('',#863,#862,#362,.T.);
#1037=EDGE_CURVE('',#864,#863,#363,.T.);
#1038=EDGE_CURVE('',#865,#864,#364,.T.);
#1039=EDGE_CURVE('',#866,#865,#365,.T.);
#1040=EDGE_CURVE('',#860,#866,#366,.T.);
#1041=EDGE_CURVE('',#867,#868,#367,.T.);
#1042=EDGE_CURVE('',#869,#867,#368,.T.);
#1043=EDGE_CURVE('',#870,#869,#369,.T.);
#1044=EDGE_CURVE('',#871,#870,#370,.T.);
#1045=EDGE_CURVE('',#872,#871,#371,.T.);
#1046=EDGE_CURVE('',#873,#872,#372,.T.);
#1047=EDGE_CURVE('',#874,#873,#373,.T.);
#1048=EDGE_CURVE('',#875,#874,#374,.T.);
#1049=EDGE_CURVE('',#876,#875,#375,.T.);
#1050=EDGE_CURVE('',#877,#876,#376,.T.);
#1051=EDGE_CURVE('',#878,#877,#377,.T.);
#1052=EDGE_CURVE('',#879,#878,#378,.T.);
#1053=EDGE_CURVE('',#868,#879,#379,.T.);
#1054=EDGE_CURVE('',#868,#880,#61,.T.);
#1055=EDGE_CURVE('',#880,#868,#62,.T.);
#1056=EDGE_CURVE('',#881,#881,#63,.T.);
#1057=EDGE_CURVE('',#882,#882,#64,.T.);
#1058=EDGE_CURVE('',#883,#884,#380,.T.);
#1059=EDGE_CURVE('',#884,#885,#381,.T.);
#1060=EDGE_CURVE('',#885,#886,#382,.T.);
#1061=EDGE_CURVE('',#886,#883,#383,.T.);
#1062=EDGE_CURVE('',#887,#862,#384,.T.);
#1063=EDGE_CURVE('',#861,#888,#385,.T.);
#1064=EDGE_CURVE('',#888,#887,#386,.T.);
#1065=EDGE_CURVE('',#889,#890,#387,.T.);
#1066=EDGE_CURVE('',#890,#887,#388,.T.);
#1067=EDGE_CURVE('',#888,#883,#389,.T.);
#1068=EDGE_CURVE('',#886,#889,#390,.T.);
#1069=EDGE_CURVE('',#879,#859,#391,.F.);
#1070=EDGE_CURVE('',#891,#878,#392,.F.);
#1071=EDGE_CURVE('',#884,#891,#393,.T.);
#1072=EDGE_CURVE('',#892,#892,#65,.T.);
#1073=EDGE_CURVE('',#892,#893,#394,.T.);
#1074=EDGE_CURVE('',#893,#893,#66,.T.);
#1075=EDGE_CURVE('',#894,#894,#67,.T.);
#1076=EDGE_CURVE('',#894,#881,#395,.T.);
#1077=EDGE_CURVE('',#880,#895,#396,.T.);
#1078=EDGE_CURVE('',#895,#895,#68,.T.);
#1079=EDGE_CURVE('',#890,#896,#397,.T.);
#1080=EDGE_CURVE('',#896,#897,#398,.T.);
#1081=EDGE_CURVE('',#897,#898,#399,.T.);
#1082=EDGE_CURVE('',#898,#863,#400,.T.);
#1083=EDGE_CURVE('',#899,#889,#401,.T.);
#1084=EDGE_CURVE('',#896,#899,#402,.T.);
#1085=EDGE_CURVE('',#885,#900,#403,.T.);
#1086=EDGE_CURVE('',#900,#901,#404,.T.);
#1087=EDGE_CURVE('',#901,#902,#405,.T.);
#1088=EDGE_CURVE('',#899,#902,#406,.T.);
#1089=EDGE_CURVE('',#903,#891,#407,.T.);
#1090=EDGE_CURVE('',#904,#903,#408,.T.);
#1091=EDGE_CURVE('',#905,#904,#409,.T.);
#1092=EDGE_CURVE('',#906,#905,#410,.T.);
#1093=EDGE_CURVE('',#900,#906,#411,.T.);
#1094=EDGE_CURVE('',#907,#907,#69,.T.);
#1095=EDGE_CURVE('',#907,#908,#412,.T.);
#1096=EDGE_CURVE('',#908,#908,#70,.T.);
#1097=EDGE_CURVE('',#909,#910,#413,.T.);
#1098=EDGE_CURVE('',#911,#909,#414,.T.);
#1099=EDGE_CURVE('',#912,#911,#415,.T.);
#1100=EDGE_CURVE('',#913,#912,#416,.T.);
#1101=EDGE_CURVE('',#914,#913,#417,.T.);
#1102=EDGE_CURVE('',#915,#914,#418,.T.);
#1103=EDGE_CURVE('',#916,#915,#419,.T.);
#1104=EDGE_CURVE('',#917,#916,#420,.T.);
#1105=EDGE_CURVE('',#918,#917,#421,.T.);
#1106=EDGE_CURVE('',#919,#918,#422,.T.);
#1107=EDGE_CURVE('',#920,#919,#423,.T.);
#1108=EDGE_CURVE('',#921,#920,#424,.T.);
#1109=EDGE_CURVE('',#922,#921,#425,.T.);
#1110=EDGE_CURVE('',#923,#922,#426,.T.);
#1111=EDGE_CURVE('',#924,#923,#427,.T.);
#1112=EDGE_CURVE('',#925,#924,#428,.T.);
#1113=EDGE_CURVE('',#926,#925,#429,.T.);
#1114=EDGE_CURVE('',#910,#926,#430,.T.);
#1115=EDGE_CURVE('',#907,#927,#431,.T.);
#1116=EDGE_CURVE('',#927,#927,#71,.T.);
#1117=EDGE_CURVE('',#928,#929,#432,.T.);
#1118=EDGE_CURVE('',#929,#918,#433,.T.);
#1119=EDGE_CURVE('',#917,#928,#434,.T.);
#1120=EDGE_CURVE('',#915,#930,#435,.T.);
#1121=EDGE_CURVE('',#930,#931,#436,.T.);
#1122=EDGE_CURVE('',#931,#916,#437,.T.);
#1123=EDGE_CURVE('',#913,#932,#438,.T.);
#1124=EDGE_CURVE('',#932,#933,#439,.T.);
#1125=EDGE_CURVE('',#933,#914,#440,.T.);
#1126=EDGE_CURVE('',#912,#934,#441,.T.);
#1127=EDGE_CURVE('',#934,#932,#442,.T.);
#1128=EDGE_CURVE('',#935,#923,#443,.T.);
#1129=EDGE_CURVE('',#936,#935,#444,.T.);
#1130=EDGE_CURVE('',#923,#936,#445,.T.);
#1131=EDGE_CURVE('',#936,#937,#446,.T.);
#1132=EDGE_CURVE('',#937,#924,#447,.T.);
#1133=EDGE_CURVE('',#938,#936,#448,.T.);
#1134=EDGE_CURVE('',#935,#939,#449,.T.);
#1135=EDGE_CURVE('',#939,#938,#450,.T.);
#1136=EDGE_CURVE('',#910,#940,#451,.T.);
#1137=EDGE_CURVE('',#940,#906,#452,.T.);
#1138=EDGE_CURVE('',#906,#909,#453,.T.);
#1139=EDGE_CURVE('',#941,#942,#454,.T.);
#1140=EDGE_CURVE('',#926,#941,#455,.T.);
#1141=EDGE_CURVE('',#942,#926,#456,.T.);
#1142=EDGE_CURVE('',#941,#940,#457,.T.);
#1143=EDGE_CURVE('',#943,#942,#458,.T.);
#1144=EDGE_CURVE('',#925,#943,#459,.T.);
#1145=EDGE_CURVE('',#944,#941,#460,.T.);
#1146=EDGE_CURVE('',#942,#945,#461,.T.);
#1147=EDGE_CURVE('',#945,#944,#462,.T.);
#1148=EDGE_CURVE('',#939,#944,#463,.T.);
#1149=EDGE_CURVE('',#945,#938,#464,.T.);
#1150=EDGE_CURVE('',#937,#943,#465,.T.);
#1151=EDGE_CURVE('',#905,#911,#466,.T.);
#1152=EDGE_CURVE('',#946,#935,#467,.T.);
#1153=EDGE_CURVE('',#922,#946,#468,.T.);
#1154=EDGE_CURVE('',#905,#934,#469,.T.);
#1155=EDGE_CURVE('',#864,#946,#470,.T.);
#1156=EDGE_CURVE('',#921,#864,#471,.T.);
#1157=EDGE_CURVE('',#920,#865,#472,.T.);
#1158=EDGE_CURVE('',#947,#865,#473,.T.);
#1159=EDGE_CURVE('',#919,#947,#474,.T.);
#1160=EDGE_CURVE('',#933,#930,#475,.T.);
#1161=EDGE_CURVE('',#929,#947,#476,.T.);
#1162=EDGE_CURVE('',#931,#928,#477,.T.);
#1163=EDGE_CURVE('',#948,#928,#478,.T.);
#1164=EDGE_CURVE('',#949,#948,#479,.T.);
#1165=EDGE_CURVE('',#950,#949,#480,.T.);
#1166=EDGE_CURVE('',#929,#950,#481,.T.);
#1167=EDGE_CURVE('',#931,#951,#482,.T.);
#1168=EDGE_CURVE('',#948,#951,#483,.T.);
#1169=EDGE_CURVE('',#952,#930,#484,.T.);
#1170=EDGE_CURVE('',#951,#952,#485,.T.);
#1171=EDGE_CURVE('',#933,#953,#486,.T.);
#1172=EDGE_CURVE('',#952,#953,#487,.T.);
#1173=EDGE_CURVE('',#932,#954,#488,.T.);
#1174=EDGE_CURVE('',#955,#954,#489,.T.);
#1175=EDGE_CURVE('',#953,#955,#490,.T.);
#1176=EDGE_CURVE('',#956,#934,#491,.T.);
#1177=EDGE_CURVE('',#957,#956,#492,.T.);
#1178=EDGE_CURVE('',#954,#957,#493,.T.);
#1179=EDGE_CURVE('',#956,#904,#494,.T.);
#1180=EDGE_CURVE('',#940,#901,#495,.T.);
#1181=EDGE_CURVE('',#958,#945,#496,.T.);
#1182=EDGE_CURVE('',#959,#958,#497,.T.);
#1183=EDGE_CURVE('',#938,#959,#498,.T.);
#1184=EDGE_CURVE('',#943,#958,#499,.T.);
#1185=EDGE_CURVE('',#960,#960,#72,.T.);
#1186=EDGE_CURVE('',#960,#882,#500,.T.);
#1187=EDGE_CURVE('',#961,#961,#73,.T.);
#1188=EDGE_CURVE('',#961,#960,#501,.T.);
#1189=EDGE_CURVE('',#874,#953,#502,.T.);
#1190=EDGE_CURVE('',#875,#955,#503,.T.);
#1191=EDGE_CURVE('',#873,#952,#504,.T.);
#1192=EDGE_CURVE('',#872,#951,#505,.T.);
#1193=EDGE_CURVE('',#871,#948,#506,.T.);
#1194=EDGE_CURVE('',#877,#903,#507,.T.);
#1195=EDGE_CURVE('',#870,#949,#508,.T.);
#1196=EDGE_CURVE('',#869,#962,#509,.T.);
#1197=EDGE_CURVE('',#962,#950,#510,.T.);
#1198=EDGE_CURVE('',#867,#860,#511,.T.);
#1199=EDGE_CURVE('',#866,#963,#512,.T.);
#1200=EDGE_CURVE('',#963,#962,#513,.T.);
#1201=EDGE_CURVE('',#902,#897,#514,.T.);
#1202=EDGE_CURVE('',#876,#957,#515,.T.);
#1203=EDGE_CURVE('',#898,#946,#516,.T.);
#1204=EDGE_CURVE('',#947,#963,#517,.T.);
#1205=EDGE_CURVE('',#937,#959,#518,.T.);
#1206=EDGE_CURVE('',#964,#965,#519,.T.);
#1207=EDGE_CURVE('',#965,#966,#520,.T.);
#1208=EDGE_CURVE('',#966,#967,#521,.T.);
#1209=EDGE_CURVE('',#967,#964,#522,.T.);
#1210=EDGE_CURVE('',#967,#968,#523,.T.);
#1211=EDGE_CURVE('',#968,#969,#524,.T.);
#1212=EDGE_CURVE('',#969,#964,#525,.T.);
#1213=EDGE_CURVE('',#970,#971,#20,.T.);
#1214=EDGE_CURVE('',#971,#972,#526,.T.);
#1215=EDGE_CURVE('',#972,#973,#527,.T.);
#1216=EDGE_CURVE('',#973,#970,#528,.T.);
#1217=EDGE_CURVE('',#974,#975,#529,.T.);
#1218=EDGE_CURVE('',#975,#973,#74,.T.);
#1219=EDGE_CURVE('',#972,#974,#75,.T.);
#1220=EDGE_CURVE('',#976,#975,#530,.T.);
#1221=EDGE_CURVE('',#974,#977,#531,.T.);
#1222=EDGE_CURVE('',#977,#976,#532,.T.);
#1223=EDGE_CURVE('',#978,#979,#533,.T.);
#1224=EDGE_CURVE('',#980,#978,#18,.F.);
#1225=EDGE_CURVE('',#979,#980,#534,.T.);
#1226=EDGE_CURVE('',#981,#982,#535,.T.);
#1227=EDGE_CURVE('',#982,#980,#76,.T.);
#1228=EDGE_CURVE('',#978,#981,#77,.T.);
#1229=EDGE_CURVE('',#968,#982,#536,.T.);
#1230=EDGE_CURVE('',#981,#969,#537,.T.);
#1231=EDGE_CURVE('',#983,#979,#538,.T.);
#1232=EDGE_CURVE('',#980,#984,#539,.T.);
#1233=EDGE_CURVE('',#984,#983,#540,.T.);
#1234=EDGE_CURVE('',#977,#985,#541,.T.);
#1235=EDGE_CURVE('',#985,#986,#542,.T.);
#1236=EDGE_CURVE('',#986,#976,#543,.T.);
#1237=EDGE_CURVE('',#987,#988,#544,.T.);
#1238=EDGE_CURVE('',#989,#987,#19,.F.);
#1239=EDGE_CURVE('',#988,#989,#545,.T.);
#1240=EDGE_CURVE('',#985,#990,#546,.T.);
#1241=EDGE_CURVE('',#990,#991,#547,.T.);
#1242=EDGE_CURVE('',#991,#986,#548,.T.);
#1243=EDGE_CURVE('',#990,#989,#78,.T.);
#1244=EDGE_CURVE('',#987,#991,#79,.T.);
#1245=EDGE_CURVE('',#979,#988,#549,.T.);
#1246=EDGE_CURVE('',#989,#978,#550,.T.);
#1247=EDGE_CURVE('',#992,#993,#551,.T.);
#1248=EDGE_CURVE('',#993,#994,#552,.T.);
#1249=EDGE_CURVE('',#994,#995,#553,.T.);
#1250=EDGE_CURVE('',#995,#992,#554,.T.);
#1251=EDGE_CURVE('',#996,#994,#555,.T.);
#1252=EDGE_CURVE('',#993,#997,#556,.T.);
#1253=EDGE_CURVE('',#997,#996,#557,.T.);
#1254=EDGE_CURVE('',#998,#992,#558,.T.);
#1255=EDGE_CURVE('',#995,#999,#559,.T.);
#1256=EDGE_CURVE('',#999,#998,#16,.T.);
#1257=EDGE_CURVE('',#997,#987,#560,.T.);
#1258=EDGE_CURVE('',#988,#996,#561,.T.);
#1259=EDGE_CURVE('',#999,#1000,#80,.T.);
#1260=EDGE_CURVE('',#1000,#1001,#562,.T.);
#1261=EDGE_CURVE('',#1001,#998,#81,.T.);
#1262=EDGE_CURVE('',#1002,#1001,#563,.T.);
#1263=EDGE_CURVE('',#1000,#1003,#564,.T.);
#1264=EDGE_CURVE('',#1003,#1002,#565,.T.);
#1265=EDGE_CURVE('',#1004,#1002,#566,.T.);
#1266=EDGE_CURVE('',#1003,#1005,#567,.T.);
#1267=EDGE_CURVE('',#1005,#1004,#568,.T.);
#1268=EDGE_CURVE('',#1005,#1006,#569,.T.);
#1269=EDGE_CURVE('',#1006,#1007,#21,.T.);
#1270=EDGE_CURVE('',#1007,#1004,#570,.T.);
#1271=EDGE_CURVE('',#1008,#983,#571,.T.);
#1272=EDGE_CURVE('',#984,#1009,#572,.T.);
#1273=EDGE_CURVE('',#1009,#1008,#573,.T.);
#1274=EDGE_CURVE('',#1010,#1011,#574,.T.);
#1275=EDGE_CURVE('',#1011,#966,#82,.T.);
#1276=EDGE_CURVE('',#965,#1010,#83,.T.);
#1277=EDGE_CURVE('',#1012,#1013,#22,.T.);
#1278=EDGE_CURVE('',#1013,#1011,#575,.T.);
#1279=EDGE_CURVE('',#1010,#1012,#576,.T.);
#1280=EDGE_CURVE('',#1014,#1008,#577,.T.);
#1281=EDGE_CURVE('',#1009,#1015,#578,.T.);
#1282=EDGE_CURVE('',#1015,#1014,#579,.T.);
#1283=EDGE_CURVE('',#1016,#1014,#580,.T.);
#1284=EDGE_CURVE('',#1015,#1017,#581,.T.);
#1285=EDGE_CURVE('',#1017,#1016,#17,.T.);
#1286=EDGE_CURVE('',#1018,#1019,#582,.T.);
#1287=EDGE_CURVE('',#1019,#1020,#583,.T.);
#1288=EDGE_CURVE('',#1020,#1021,#584,.T.);
#1289=EDGE_CURVE('',#1021,#1018,#585,.T.);
#1290=EDGE_CURVE('',#1017,#1020,#84,.T.);
#1291=EDGE_CURVE('',#1019,#1016,#85,.T.);
#1292=EDGE_CURVE('',#1022,#1018,#586,.T.);
#1293=EDGE_CURVE('',#1021,#1023,#587,.T.);
#1294=EDGE_CURVE('',#1023,#1022,#588,.T.);
#1295=EDGE_CURVE('',#1023,#1024,#589,.T.);
#1296=EDGE_CURVE('',#1024,#1025,#23,.T.);
#1297=EDGE_CURVE('',#1025,#1022,#590,.T.);
#1298=EDGE_CURVE('',#1007,#970,#86,.T.);
#1299=EDGE_CURVE('',#1026,#1026,#87,.T.);
#1300=EDGE_CURVE('',#996,#983,#591,.T.);
#1301=EDGE_CURVE('',#1008,#994,#592,.T.);
#1302=EDGE_CURVE('',#995,#1014,#593,.T.);
#1303=EDGE_CURVE('',#1006,#1025,#594,.T.);
#1304=EDGE_CURVE('',#1013,#1024,#88,.T.);
#1305=EDGE_CURVE('',#971,#1012,#595,.T.);
#1306=EDGE_CURVE('',#999,#1016,#596,.T.);
#1307=EDGE_CURVE('',#1005,#1022,#597,.T.);
#1308=EDGE_CURVE('',#1000,#1019,#598,.T.);
#1309=EDGE_CURVE('',#1003,#1018,#599,.T.);
#1310=EDGE_CURVE('',#1027,#1027,#89,.T.);
#1311=EDGE_CURVE('',#1028,#1028,#90,.T.);
#1312=EDGE_CURVE('',#1027,#1029,#600,.T.);
#1313=EDGE_CURVE('',#1029,#1030,#91,.T.);
#1314=EDGE_CURVE('',#1030,#1029,#92,.T.);
#1315=EDGE_CURVE('',#1030,#1031,#601,.T.);
#1316=EDGE_CURVE('',#1031,#1031,#93,.T.);
#1317=EDGE_CURVE('',#1028,#1032,#602,.T.);
#1318=EDGE_CURVE('',#1032,#1032,#94,.T.);
#1319=EDGE_CURVE('',#1032,#1026,#603,.T.);
#1320=EDGE_CURVE('',#972,#1010,#604,.T.);
#1321=EDGE_CURVE('',#974,#965,#605,.T.);
#1322=EDGE_CURVE('',#977,#964,#606,.T.);
#1323=EDGE_CURVE('',#985,#969,#607,.T.);
#1324=EDGE_CURVE('',#990,#981,#608,.T.);
#1325=ORIENTED_EDGE('',*,*,#1033,.F.);
#1326=ORIENTED_EDGE('',*,*,#1034,.T.);
#1327=ORIENTED_EDGE('',*,*,#1035,.F.);
#1328=ORIENTED_EDGE('',*,*,#1036,.F.);
#1329=ORIENTED_EDGE('',*,*,#1037,.F.);
#1330=ORIENTED_EDGE('',*,*,#1038,.F.);
#1331=ORIENTED_EDGE('',*,*,#1039,.F.);
#1332=ORIENTED_EDGE('',*,*,#1040,.F.);
#1333=ORIENTED_EDGE('',*,*,#1041,.F.);
#1334=ORIENTED_EDGE('',*,*,#1042,.F.);
#1335=ORIENTED_EDGE('',*,*,#1043,.F.);
#1336=ORIENTED_EDGE('',*,*,#1044,.F.);
#1337=ORIENTED_EDGE('',*,*,#1045,.F.);
#1338=ORIENTED_EDGE('',*,*,#1046,.F.);
#1339=ORIENTED_EDGE('',*,*,#1047,.F.);
#1340=ORIENTED_EDGE('',*,*,#1048,.F.);
#1341=ORIENTED_EDGE('',*,*,#1049,.F.);
#1342=ORIENTED_EDGE('',*,*,#1050,.F.);
#1343=ORIENTED_EDGE('',*,*,#1051,.F.);
#1344=ORIENTED_EDGE('',*,*,#1052,.F.);
#1345=ORIENTED_EDGE('',*,*,#1053,.F.);
#1346=ORIENTED_EDGE('',*,*,#1054,.T.);
#1347=ORIENTED_EDGE('',*,*,#1055,.T.);
#1348=ORIENTED_EDGE('',*,*,#1056,.T.);
#1349=ORIENTED_EDGE('',*,*,#1057,.F.);
#1350=ORIENTED_EDGE('',*,*,#1058,.T.);
#1351=ORIENTED_EDGE('',*,*,#1059,.T.);
#1352=ORIENTED_EDGE('',*,*,#1060,.T.);
#1353=ORIENTED_EDGE('',*,*,#1061,.T.);
#1354=ORIENTED_EDGE('',*,*,#1062,.T.);
#1355=ORIENTED_EDGE('',*,*,#1035,.T.);
#1356=ORIENTED_EDGE('',*,*,#1063,.T.);
#1357=ORIENTED_EDGE('',*,*,#1064,.T.);
#1358=ORIENTED_EDGE('',*,*,#1065,.T.);
#1359=ORIENTED_EDGE('',*,*,#1066,.T.);
#1360=ORIENTED_EDGE('',*,*,#1064,.F.);
#1361=ORIENTED_EDGE('',*,*,#1067,.T.);
#1362=ORIENTED_EDGE('',*,*,#1061,.F.);
#1363=ORIENTED_EDGE('',*,*,#1068,.T.);
#1364=ORIENTED_EDGE('',*,*,#1058,.F.);
#1365=ORIENTED_EDGE('',*,*,#1067,.F.);
#1366=ORIENTED_EDGE('',*,*,#1063,.F.);
#1367=ORIENTED_EDGE('',*,*,#1034,.F.);
#1368=ORIENTED_EDGE('',*,*,#1069,.F.);
#1369=ORIENTED_EDGE('',*,*,#1052,.T.);
#1370=ORIENTED_EDGE('',*,*,#1070,.F.);
#1371=ORIENTED_EDGE('',*,*,#1071,.F.);
#1372=ORIENTED_EDGE('',*,*,#1072,.F.);
#1373=ORIENTED_EDGE('',*,*,#1073,.T.);
#1374=ORIENTED_EDGE('',*,*,#1074,.F.);
#1375=ORIENTED_EDGE('',*,*,#1073,.F.);
#1376=ORIENTED_EDGE('',*,*,#1075,.F.);
#1377=ORIENTED_EDGE('',*,*,#1076,.T.);
#1378=ORIENTED_EDGE('',*,*,#1056,.F.);
#1379=ORIENTED_EDGE('',*,*,#1076,.F.);
#1380=ORIENTED_EDGE('',*,*,#1075,.T.);
#1381=ORIENTED_EDGE('',*,*,#1072,.T.);
#1382=ORIENTED_EDGE('',*,*,#1054,.F.);
#1383=ORIENTED_EDGE('',*,*,#1055,.F.);
#1384=ORIENTED_EDGE('',*,*,#1077,.T.);
#1385=ORIENTED_EDGE('',*,*,#1078,.T.);
#1386=ORIENTED_EDGE('',*,*,#1077,.F.);
#1387=ORIENTED_EDGE('',*,*,#1078,.F.);
#1388=ORIENTED_EDGE('',*,*,#1066,.F.);
#1389=ORIENTED_EDGE('',*,*,#1079,.T.);
#1390=ORIENTED_EDGE('',*,*,#1080,.T.);
#1391=ORIENTED_EDGE('',*,*,#1081,.T.);
#1392=ORIENTED_EDGE('',*,*,#1082,.T.);
#1393=ORIENTED_EDGE('',*,*,#1036,.T.);
#1394=ORIENTED_EDGE('',*,*,#1062,.F.);
#1395=ORIENTED_EDGE('',*,*,#1065,.F.);
#1396=ORIENTED_EDGE('',*,*,#1083,.F.);
#1397=ORIENTED_EDGE('',*,*,#1084,.F.);
#1398=ORIENTED_EDGE('',*,*,#1079,.F.);
#1399=ORIENTED_EDGE('',*,*,#1060,.F.);
#1400=ORIENTED_EDGE('',*,*,#1085,.T.);
#1401=ORIENTED_EDGE('',*,*,#1086,.T.);
#1402=ORIENTED_EDGE('',*,*,#1087,.T.);
#1403=ORIENTED_EDGE('',*,*,#1088,.F.);
#1404=ORIENTED_EDGE('',*,*,#1083,.T.);
#1405=ORIENTED_EDGE('',*,*,#1068,.F.);
#1406=ORIENTED_EDGE('',*,*,#1089,.F.);
#1407=ORIENTED_EDGE('',*,*,#1090,.F.);
#1408=ORIENTED_EDGE('',*,*,#1091,.F.);
#1409=ORIENTED_EDGE('',*,*,#1092,.F.);
#1410=ORIENTED_EDGE('',*,*,#1093,.F.);
#1411=ORIENTED_EDGE('',*,*,#1085,.F.);
#1412=ORIENTED_EDGE('',*,*,#1059,.F.);
#1413=ORIENTED_EDGE('',*,*,#1071,.T.);
#1414=ORIENTED_EDGE('',*,*,#1094,.T.);
#1415=ORIENTED_EDGE('',*,*,#1095,.T.);
#1416=ORIENTED_EDGE('',*,*,#1096,.T.);
#1417=ORIENTED_EDGE('',*,*,#1095,.F.);
#1418=ORIENTED_EDGE('',*,*,#1097,.F.);
#1419=ORIENTED_EDGE('',*,*,#1098,.F.);
#1420=ORIENTED_EDGE('',*,*,#1099,.F.);
#1421=ORIENTED_EDGE('',*,*,#1100,.F.);
#1422=ORIENTED_EDGE('',*,*,#1101,.F.);
#1423=ORIENTED_EDGE('',*,*,#1102,.F.);
#1424=ORIENTED_EDGE('',*,*,#1103,.F.);
#1425=ORIENTED_EDGE('',*,*,#1104,.F.);
#1426=ORIENTED_EDGE('',*,*,#1105,.F.);
#1427=ORIENTED_EDGE('',*,*,#1106,.F.);
#1428=ORIENTED_EDGE('',*,*,#1107,.F.);
#1429=ORIENTED_EDGE('',*,*,#1108,.F.);
#1430=ORIENTED_EDGE('',*,*,#1109,.F.);
#1431=ORIENTED_EDGE('',*,*,#1110,.F.);
#1432=ORIENTED_EDGE('',*,*,#1111,.F.);
#1433=ORIENTED_EDGE('',*,*,#1112,.F.);
#1434=ORIENTED_EDGE('',*,*,#1113,.F.);
#1435=ORIENTED_EDGE('',*,*,#1114,.F.);
#1436=ORIENTED_EDGE('',*,*,#1096,.F.);
#1437=ORIENTED_EDGE('',*,*,#1094,.F.);
#1438=ORIENTED_EDGE('',*,*,#1115,.T.);
#1439=ORIENTED_EDGE('',*,*,#1116,.T.);
#1440=ORIENTED_EDGE('',*,*,#1115,.F.);
#1441=ORIENTED_EDGE('',*,*,#1117,.T.);
#1442=ORIENTED_EDGE('',*,*,#1118,.T.);
#1443=ORIENTED_EDGE('',*,*,#1105,.T.);
#1444=ORIENTED_EDGE('',*,*,#1119,.T.);
#1445=ORIENTED_EDGE('',*,*,#1103,.T.);
#1446=ORIENTED_EDGE('',*,*,#1120,.T.);
#1447=ORIENTED_EDGE('',*,*,#1121,.T.);
#1448=ORIENTED_EDGE('',*,*,#1122,.T.);
#1449=ORIENTED_EDGE('',*,*,#1101,.T.);
#1450=ORIENTED_EDGE('',*,*,#1123,.T.);
#1451=ORIENTED_EDGE('',*,*,#1124,.T.);
#1452=ORIENTED_EDGE('',*,*,#1125,.T.);
#1453=ORIENTED_EDGE('',*,*,#1100,.T.);
#1454=ORIENTED_EDGE('',*,*,#1126,.T.);
#1455=ORIENTED_EDGE('',*,*,#1127,.T.);
#1456=ORIENTED_EDGE('',*,*,#1123,.F.);
#1457=ORIENTED_EDGE('',*,*,#1128,.F.);
#1458=ORIENTED_EDGE('',*,*,#1129,.F.);
#1459=ORIENTED_EDGE('',*,*,#1130,.F.);
#1460=ORIENTED_EDGE('',*,*,#1111,.T.);
#1461=ORIENTED_EDGE('',*,*,#1130,.T.);
#1462=ORIENTED_EDGE('',*,*,#1131,.T.);
#1463=ORIENTED_EDGE('',*,*,#1132,.T.);
#1464=ORIENTED_EDGE('',*,*,#1133,.T.);
#1465=ORIENTED_EDGE('',*,*,#1129,.T.);
#1466=ORIENTED_EDGE('',*,*,#1134,.T.);
#1467=ORIENTED_EDGE('',*,*,#1135,.T.);
#1468=ORIENTED_EDGE('',*,*,#1097,.T.);
#1469=ORIENTED_EDGE('',*,*,#1136,.T.);
#1470=ORIENTED_EDGE('',*,*,#1137,.T.);
#1471=ORIENTED_EDGE('',*,*,#1138,.T.);
#1472=ORIENTED_EDGE('',*,*,#1139,.F.);
#1473=ORIENTED_EDGE('',*,*,#1140,.F.);
#1474=ORIENTED_EDGE('',*,*,#1141,.F.);
#1475=ORIENTED_EDGE('',*,*,#1114,.T.);
#1476=ORIENTED_EDGE('',*,*,#1140,.T.);
#1477=ORIENTED_EDGE('',*,*,#1142,.T.);
#1478=ORIENTED_EDGE('',*,*,#1136,.F.);
#1479=ORIENTED_EDGE('',*,*,#1143,.T.);
#1480=ORIENTED_EDGE('',*,*,#1141,.T.);
#1481=ORIENTED_EDGE('',*,*,#1113,.T.);
#1482=ORIENTED_EDGE('',*,*,#1144,.T.);
#1483=ORIENTED_EDGE('',*,*,#1145,.T.);
#1484=ORIENTED_EDGE('',*,*,#1139,.T.);
#1485=ORIENTED_EDGE('',*,*,#1146,.T.);
#1486=ORIENTED_EDGE('',*,*,#1147,.T.);
#1487=ORIENTED_EDGE('',*,*,#1148,.T.);
#1488=ORIENTED_EDGE('',*,*,#1147,.F.);
#1489=ORIENTED_EDGE('',*,*,#1149,.T.);
#1490=ORIENTED_EDGE('',*,*,#1135,.F.);
#1491=ORIENTED_EDGE('',*,*,#1150,.T.);
#1492=ORIENTED_EDGE('',*,*,#1144,.F.);
#1493=ORIENTED_EDGE('',*,*,#1112,.T.);
#1494=ORIENTED_EDGE('',*,*,#1132,.F.);
#1495=ORIENTED_EDGE('',*,*,#1098,.T.);
#1496=ORIENTED_EDGE('',*,*,#1138,.F.);
#1497=ORIENTED_EDGE('',*,*,#1092,.T.);
#1498=ORIENTED_EDGE('',*,*,#1151,.T.);
#1499=ORIENTED_EDGE('',*,*,#1152,.T.);
#1500=ORIENTED_EDGE('',*,*,#1128,.T.);
#1501=ORIENTED_EDGE('',*,*,#1110,.T.);
#1502=ORIENTED_EDGE('',*,*,#1153,.T.);
#1503=ORIENTED_EDGE('',*,*,#1099,.T.);
#1504=ORIENTED_EDGE('',*,*,#1151,.F.);
#1505=ORIENTED_EDGE('',*,*,#1154,.T.);
#1506=ORIENTED_EDGE('',*,*,#1126,.F.);
#1507=ORIENTED_EDGE('',*,*,#1155,.T.);
#1508=ORIENTED_EDGE('',*,*,#1153,.F.);
#1509=ORIENTED_EDGE('',*,*,#1109,.T.);
#1510=ORIENTED_EDGE('',*,*,#1156,.T.);
#1511=ORIENTED_EDGE('',*,*,#1038,.T.);
#1512=ORIENTED_EDGE('',*,*,#1156,.F.);
#1513=ORIENTED_EDGE('',*,*,#1108,.T.);
#1514=ORIENTED_EDGE('',*,*,#1157,.T.);
#1515=ORIENTED_EDGE('',*,*,#1158,.T.);
#1516=ORIENTED_EDGE('',*,*,#1157,.F.);
#1517=ORIENTED_EDGE('',*,*,#1107,.T.);
#1518=ORIENTED_EDGE('',*,*,#1159,.T.);
#1519=ORIENTED_EDGE('',*,*,#1102,.T.);
#1520=ORIENTED_EDGE('',*,*,#1125,.F.);
#1521=ORIENTED_EDGE('',*,*,#1160,.T.);
#1522=ORIENTED_EDGE('',*,*,#1120,.F.);
#1523=ORIENTED_EDGE('',*,*,#1161,.T.);
#1524=ORIENTED_EDGE('',*,*,#1159,.F.);
#1525=ORIENTED_EDGE('',*,*,#1106,.T.);
#1526=ORIENTED_EDGE('',*,*,#1118,.F.);
#1527=ORIENTED_EDGE('',*,*,#1162,.T.);
#1528=ORIENTED_EDGE('',*,*,#1119,.F.);
#1529=ORIENTED_EDGE('',*,*,#1104,.T.);
#1530=ORIENTED_EDGE('',*,*,#1122,.F.);
#1531=ORIENTED_EDGE('',*,*,#1117,.F.);
#1532=ORIENTED_EDGE('',*,*,#1163,.F.);
#1533=ORIENTED_EDGE('',*,*,#1164,.F.);
#1534=ORIENTED_EDGE('',*,*,#1165,.F.);
#1535=ORIENTED_EDGE('',*,*,#1166,.F.);
#1536=ORIENTED_EDGE('',*,*,#1162,.F.);
#1537=ORIENTED_EDGE('',*,*,#1167,.T.);
#1538=ORIENTED_EDGE('',*,*,#1168,.F.);
#1539=ORIENTED_EDGE('',*,*,#1163,.T.);
#1540=ORIENTED_EDGE('',*,*,#1121,.F.);
#1541=ORIENTED_EDGE('',*,*,#1169,.F.);
#1542=ORIENTED_EDGE('',*,*,#1170,.F.);
#1543=ORIENTED_EDGE('',*,*,#1167,.F.);
#1544=ORIENTED_EDGE('',*,*,#1160,.F.);
#1545=ORIENTED_EDGE('',*,*,#1171,.T.);
#1546=ORIENTED_EDGE('',*,*,#1172,.F.);
#1547=ORIENTED_EDGE('',*,*,#1169,.T.);
#1548=ORIENTED_EDGE('',*,*,#1124,.F.);
#1549=ORIENTED_EDGE('',*,*,#1173,.T.);
#1550=ORIENTED_EDGE('',*,*,#1174,.F.);
#1551=ORIENTED_EDGE('',*,*,#1175,.F.);
#1552=ORIENTED_EDGE('',*,*,#1171,.F.);
#1553=ORIENTED_EDGE('',*,*,#1127,.F.);
#1554=ORIENTED_EDGE('',*,*,#1176,.F.);
#1555=ORIENTED_EDGE('',*,*,#1177,.F.);
#1556=ORIENTED_EDGE('',*,*,#1178,.F.);
#1557=ORIENTED_EDGE('',*,*,#1173,.F.);
#1558=ORIENTED_EDGE('',*,*,#1154,.F.);
#1559=ORIENTED_EDGE('',*,*,#1091,.T.);
#1560=ORIENTED_EDGE('',*,*,#1179,.F.);
#1561=ORIENTED_EDGE('',*,*,#1176,.T.);
#1562=ORIENTED_EDGE('',*,*,#1137,.F.);
#1563=ORIENTED_EDGE('',*,*,#1180,.T.);
#1564=ORIENTED_EDGE('',*,*,#1086,.F.);
#1565=ORIENTED_EDGE('',*,*,#1093,.T.);
#1566=ORIENTED_EDGE('',*,*,#1149,.F.);
#1567=ORIENTED_EDGE('',*,*,#1181,.F.);
#1568=ORIENTED_EDGE('',*,*,#1182,.F.);
#1569=ORIENTED_EDGE('',*,*,#1183,.F.);
#1570=ORIENTED_EDGE('',*,*,#1146,.F.);
#1571=ORIENTED_EDGE('',*,*,#1143,.F.);
#1572=ORIENTED_EDGE('',*,*,#1184,.T.);
#1573=ORIENTED_EDGE('',*,*,#1181,.T.);
#1574=ORIENTED_EDGE('',*,*,#1185,.T.);
#1575=ORIENTED_EDGE('',*,*,#1186,.T.);
#1576=ORIENTED_EDGE('',*,*,#1057,.T.);
#1577=ORIENTED_EDGE('',*,*,#1186,.F.);
#1578=ORIENTED_EDGE('',*,*,#1074,.T.);
#1579=ORIENTED_EDGE('',*,*,#1187,.F.);
#1580=ORIENTED_EDGE('',*,*,#1188,.T.);
#1581=ORIENTED_EDGE('',*,*,#1185,.F.);
#1582=ORIENTED_EDGE('',*,*,#1188,.F.);
#1583=ORIENTED_EDGE('',*,*,#1048,.T.);
#1584=ORIENTED_EDGE('',*,*,#1189,.T.);
#1585=ORIENTED_EDGE('',*,*,#1175,.T.);
#1586=ORIENTED_EDGE('',*,*,#1190,.F.);
#1587=ORIENTED_EDGE('',*,*,#1047,.T.);
#1588=ORIENTED_EDGE('',*,*,#1191,.T.);
#1589=ORIENTED_EDGE('',*,*,#1172,.T.);
#1590=ORIENTED_EDGE('',*,*,#1189,.F.);
#1591=ORIENTED_EDGE('',*,*,#1046,.T.);
#1592=ORIENTED_EDGE('',*,*,#1192,.T.);
#1593=ORIENTED_EDGE('',*,*,#1170,.T.);
#1594=ORIENTED_EDGE('',*,*,#1191,.F.);
#1595=ORIENTED_EDGE('',*,*,#1045,.T.);
#1596=ORIENTED_EDGE('',*,*,#1193,.T.);
#1597=ORIENTED_EDGE('',*,*,#1168,.T.);
#1598=ORIENTED_EDGE('',*,*,#1192,.F.);
#1599=ORIENTED_EDGE('',*,*,#1089,.T.);
#1600=ORIENTED_EDGE('',*,*,#1070,.T.);
#1601=ORIENTED_EDGE('',*,*,#1051,.T.);
#1602=ORIENTED_EDGE('',*,*,#1194,.T.);
#1603=ORIENTED_EDGE('',*,*,#1044,.T.);
#1604=ORIENTED_EDGE('',*,*,#1195,.T.);
#1605=ORIENTED_EDGE('',*,*,#1164,.T.);
#1606=ORIENTED_EDGE('',*,*,#1193,.F.);
#1607=ORIENTED_EDGE('',*,*,#1043,.T.);
#1608=ORIENTED_EDGE('',*,*,#1196,.T.);
#1609=ORIENTED_EDGE('',*,*,#1197,.T.);
#1610=ORIENTED_EDGE('',*,*,#1165,.T.);
#1611=ORIENTED_EDGE('',*,*,#1195,.F.);
#1612=ORIENTED_EDGE('',*,*,#1042,.T.);
#1613=ORIENTED_EDGE('',*,*,#1198,.T.);
#1614=ORIENTED_EDGE('',*,*,#1040,.T.);
#1615=ORIENTED_EDGE('',*,*,#1199,.T.);
#1616=ORIENTED_EDGE('',*,*,#1200,.T.);
#1617=ORIENTED_EDGE('',*,*,#1196,.F.);
#1618=ORIENTED_EDGE('',*,*,#1041,.T.);
#1619=ORIENTED_EDGE('',*,*,#1053,.T.);
#1620=ORIENTED_EDGE('',*,*,#1069,.T.);
#1621=ORIENTED_EDGE('',*,*,#1033,.T.);
#1622=ORIENTED_EDGE('',*,*,#1198,.F.);
#1623=ORIENTED_EDGE('',*,*,#1201,.T.);
#1624=ORIENTED_EDGE('',*,*,#1080,.F.);
#1625=ORIENTED_EDGE('',*,*,#1084,.T.);
#1626=ORIENTED_EDGE('',*,*,#1088,.T.);
#1627=ORIENTED_EDGE('',*,*,#1179,.T.);
#1628=ORIENTED_EDGE('',*,*,#1090,.T.);
#1629=ORIENTED_EDGE('',*,*,#1194,.F.);
#1630=ORIENTED_EDGE('',*,*,#1050,.T.);
#1631=ORIENTED_EDGE('',*,*,#1202,.T.);
#1632=ORIENTED_EDGE('',*,*,#1177,.T.);
#1633=ORIENTED_EDGE('',*,*,#1178,.T.);
#1634=ORIENTED_EDGE('',*,*,#1202,.F.);
#1635=ORIENTED_EDGE('',*,*,#1049,.T.);
#1636=ORIENTED_EDGE('',*,*,#1190,.T.);
#1637=ORIENTED_EDGE('',*,*,#1174,.T.);
#1638=ORIENTED_EDGE('',*,*,#1155,.F.);
#1639=ORIENTED_EDGE('',*,*,#1037,.T.);
#1640=ORIENTED_EDGE('',*,*,#1082,.F.);
#1641=ORIENTED_EDGE('',*,*,#1203,.T.);
#1642=ORIENTED_EDGE('',*,*,#1152,.F.);
#1643=ORIENTED_EDGE('',*,*,#1203,.F.);
#1644=ORIENTED_EDGE('',*,*,#1081,.F.);
#1645=ORIENTED_EDGE('',*,*,#1201,.F.);
#1646=ORIENTED_EDGE('',*,*,#1087,.F.);
#1647=ORIENTED_EDGE('',*,*,#1180,.F.);
#1648=ORIENTED_EDGE('',*,*,#1142,.F.);
#1649=ORIENTED_EDGE('',*,*,#1145,.F.);
#1650=ORIENTED_EDGE('',*,*,#1148,.F.);
#1651=ORIENTED_EDGE('',*,*,#1134,.F.);
#1652=ORIENTED_EDGE('',*,*,#1158,.F.);
#1653=ORIENTED_EDGE('',*,*,#1204,.T.);
#1654=ORIENTED_EDGE('',*,*,#1199,.F.);
#1655=ORIENTED_EDGE('',*,*,#1039,.T.);
#1656=ORIENTED_EDGE('',*,*,#1133,.F.);
#1657=ORIENTED_EDGE('',*,*,#1183,.T.);
#1658=ORIENTED_EDGE('',*,*,#1205,.F.);
#1659=ORIENTED_EDGE('',*,*,#1131,.F.);
#1660=ORIENTED_EDGE('',*,*,#1150,.F.);
#1661=ORIENTED_EDGE('',*,*,#1205,.T.);
#1662=ORIENTED_EDGE('',*,*,#1182,.T.);
#1663=ORIENTED_EDGE('',*,*,#1184,.F.);
#1664=ORIENTED_EDGE('',*,*,#1187,.T.);
#1665=ORIENTED_EDGE('',*,*,#1116,.F.);
#1666=ORIENTED_EDGE('',*,*,#1161,.F.);
#1667=ORIENTED_EDGE('',*,*,#1166,.T.);
#1668=ORIENTED_EDGE('',*,*,#1197,.F.);
#1669=ORIENTED_EDGE('',*,*,#1200,.F.);
#1670=ORIENTED_EDGE('',*,*,#1204,.F.);
#1671=ORIENTED_EDGE('',*,*,#1206,.T.);
#1672=ORIENTED_EDGE('',*,*,#1207,.T.);
#1673=ORIENTED_EDGE('',*,*,#1208,.T.);
#1674=ORIENTED_EDGE('',*,*,#1209,.T.);
#1675=ORIENTED_EDGE('',*,*,#1210,.T.);
#1676=ORIENTED_EDGE('',*,*,#1211,.T.);
#1677=ORIENTED_EDGE('',*,*,#1212,.T.);
#1678=ORIENTED_EDGE('',*,*,#1209,.F.);
#1679=ORIENTED_EDGE('',*,*,#1213,.T.);
#1680=ORIENTED_EDGE('',*,*,#1214,.T.);
#1681=ORIENTED_EDGE('',*,*,#1215,.T.);
#1682=ORIENTED_EDGE('',*,*,#1216,.T.);
#1683=ORIENTED_EDGE('',*,*,#1217,.T.);
#1684=ORIENTED_EDGE('',*,*,#1218,.T.);
#1685=ORIENTED_EDGE('',*,*,#1215,.F.);
#1686=ORIENTED_EDGE('',*,*,#1219,.T.);
#1687=ORIENTED_EDGE('',*,*,#1220,.T.);
#1688=ORIENTED_EDGE('',*,*,#1217,.F.);
#1689=ORIENTED_EDGE('',*,*,#1221,.T.);
#1690=ORIENTED_EDGE('',*,*,#1222,.T.);
#1691=ORIENTED_EDGE('',*,*,#1223,.F.);
#1692=ORIENTED_EDGE('',*,*,#1224,.F.);
#1693=ORIENTED_EDGE('',*,*,#1225,.F.);
#1694=ORIENTED_EDGE('',*,*,#1226,.T.);
#1695=ORIENTED_EDGE('',*,*,#1227,.T.);
#1696=ORIENTED_EDGE('',*,*,#1224,.T.);
#1697=ORIENTED_EDGE('',*,*,#1228,.T.);
#1698=ORIENTED_EDGE('',*,*,#1229,.T.);
#1699=ORIENTED_EDGE('',*,*,#1226,.F.);
#1700=ORIENTED_EDGE('',*,*,#1230,.T.);
#1701=ORIENTED_EDGE('',*,*,#1211,.F.);
#1702=ORIENTED_EDGE('',*,*,#1231,.T.);
#1703=ORIENTED_EDGE('',*,*,#1225,.T.);
#1704=ORIENTED_EDGE('',*,*,#1232,.T.);
#1705=ORIENTED_EDGE('',*,*,#1233,.T.);
#1706=ORIENTED_EDGE('',*,*,#1234,.T.);
#1707=ORIENTED_EDGE('',*,*,#1235,.T.);
#1708=ORIENTED_EDGE('',*,*,#1236,.T.);
#1709=ORIENTED_EDGE('',*,*,#1222,.F.);
#1710=ORIENTED_EDGE('',*,*,#1237,.F.);
#1711=ORIENTED_EDGE('',*,*,#1238,.F.);
#1712=ORIENTED_EDGE('',*,*,#1239,.F.);
#1713=ORIENTED_EDGE('',*,*,#1240,.T.);
#1714=ORIENTED_EDGE('',*,*,#1241,.T.);
#1715=ORIENTED_EDGE('',*,*,#1242,.T.);
#1716=ORIENTED_EDGE('',*,*,#1235,.F.);
#1717=ORIENTED_EDGE('',*,*,#1241,.F.);
#1718=ORIENTED_EDGE('',*,*,#1243,.T.);
#1719=ORIENTED_EDGE('',*,*,#1238,.T.);
#1720=ORIENTED_EDGE('',*,*,#1244,.T.);
#1721=ORIENTED_EDGE('',*,*,#1223,.T.);
#1722=ORIENTED_EDGE('',*,*,#1245,.T.);
#1723=ORIENTED_EDGE('',*,*,#1239,.T.);
#1724=ORIENTED_EDGE('',*,*,#1246,.T.);
#1725=ORIENTED_EDGE('',*,*,#1247,.T.);
#1726=ORIENTED_EDGE('',*,*,#1248,.T.);
#1727=ORIENTED_EDGE('',*,*,#1249,.T.);
#1728=ORIENTED_EDGE('',*,*,#1250,.T.);
#1729=ORIENTED_EDGE('',*,*,#1251,.T.);
#1730=ORIENTED_EDGE('',*,*,#1248,.F.);
#1731=ORIENTED_EDGE('',*,*,#1252,.T.);
#1732=ORIENTED_EDGE('',*,*,#1253,.T.);
#1733=ORIENTED_EDGE('',*,*,#1254,.T.);
#1734=ORIENTED_EDGE('',*,*,#1250,.F.);
#1735=ORIENTED_EDGE('',*,*,#1255,.T.);
#1736=ORIENTED_EDGE('',*,*,#1256,.T.);
#1737=ORIENTED_EDGE('',*,*,#1257,.T.);
#1738=ORIENTED_EDGE('',*,*,#1237,.T.);
#1739=ORIENTED_EDGE('',*,*,#1258,.T.);
#1740=ORIENTED_EDGE('',*,*,#1253,.F.);
#1741=ORIENTED_EDGE('',*,*,#1259,.T.);
#1742=ORIENTED_EDGE('',*,*,#1260,.T.);
#1743=ORIENTED_EDGE('',*,*,#1261,.T.);
#1744=ORIENTED_EDGE('',*,*,#1256,.F.);
#1745=ORIENTED_EDGE('',*,*,#1262,.T.);
#1746=ORIENTED_EDGE('',*,*,#1260,.F.);
#1747=ORIENTED_EDGE('',*,*,#1263,.T.);
#1748=ORIENTED_EDGE('',*,*,#1264,.T.);
#1749=ORIENTED_EDGE('',*,*,#1265,.T.);
#1750=ORIENTED_EDGE('',*,*,#1264,.F.);
#1751=ORIENTED_EDGE('',*,*,#1266,.T.);
#1752=ORIENTED_EDGE('',*,*,#1267,.T.);
#1753=ORIENTED_EDGE('',*,*,#1268,.T.);
#1754=ORIENTED_EDGE('',*,*,#1269,.T.);
#1755=ORIENTED_EDGE('',*,*,#1270,.T.);
#1756=ORIENTED_EDGE('',*,*,#1267,.F.);
#1757=ORIENTED_EDGE('',*,*,#1271,.T.);
#1758=ORIENTED_EDGE('',*,*,#1233,.F.);
#1759=ORIENTED_EDGE('',*,*,#1272,.T.);
#1760=ORIENTED_EDGE('',*,*,#1273,.T.);
#1761=ORIENTED_EDGE('',*,*,#1274,.T.);
#1762=ORIENTED_EDGE('',*,*,#1275,.T.);
#1763=ORIENTED_EDGE('',*,*,#1207,.F.);
#1764=ORIENTED_EDGE('',*,*,#1276,.T.);
#1765=ORIENTED_EDGE('',*,*,#1277,.T.);
#1766=ORIENTED_EDGE('',*,*,#1278,.T.);
#1767=ORIENTED_EDGE('',*,*,#1274,.F.);
#1768=ORIENTED_EDGE('',*,*,#1279,.T.);
#1769=ORIENTED_EDGE('',*,*,#1280,.T.);
#1770=ORIENTED_EDGE('',*,*,#1273,.F.);
#1771=ORIENTED_EDGE('',*,*,#1281,.T.);
#1772=ORIENTED_EDGE('',*,*,#1282,.T.);
#1773=ORIENTED_EDGE('',*,*,#1283,.T.);
#1774=ORIENTED_EDGE('',*,*,#1282,.F.);
#1775=ORIENTED_EDGE('',*,*,#1284,.T.);
#1776=ORIENTED_EDGE('',*,*,#1285,.T.);
#1777=ORIENTED_EDGE('',*,*,#1286,.T.);
#1778=ORIENTED_EDGE('',*,*,#1287,.T.);
#1779=ORIENTED_EDGE('',*,*,#1288,.T.);
#1780=ORIENTED_EDGE('',*,*,#1289,.T.);
#1781=ORIENTED_EDGE('',*,*,#1290,.T.);
#1782=ORIENTED_EDGE('',*,*,#1287,.F.);
#1783=ORIENTED_EDGE('',*,*,#1291,.T.);
#1784=ORIENTED_EDGE('',*,*,#1285,.F.);
#1785=ORIENTED_EDGE('',*,*,#1292,.T.);
#1786=ORIENTED_EDGE('',*,*,#1289,.F.);
#1787=ORIENTED_EDGE('',*,*,#1293,.T.);
#1788=ORIENTED_EDGE('',*,*,#1294,.T.);
#1789=ORIENTED_EDGE('',*,*,#1295,.T.);
#1790=ORIENTED_EDGE('',*,*,#1296,.T.);
#1791=ORIENTED_EDGE('',*,*,#1297,.T.);
#1792=ORIENTED_EDGE('',*,*,#1294,.F.);
#1793=ORIENTED_EDGE('',*,*,#1216,.F.);
#1794=ORIENTED_EDGE('',*,*,#1218,.F.);
#1795=ORIENTED_EDGE('',*,*,#1220,.F.);
#1796=ORIENTED_EDGE('',*,*,#1236,.F.);
#1797=ORIENTED_EDGE('',*,*,#1242,.F.);
#1798=ORIENTED_EDGE('',*,*,#1244,.F.);
#1799=ORIENTED_EDGE('',*,*,#1257,.F.);
#1800=ORIENTED_EDGE('',*,*,#1252,.F.);
#1801=ORIENTED_EDGE('',*,*,#1247,.F.);
#1802=ORIENTED_EDGE('',*,*,#1254,.F.);
#1803=ORIENTED_EDGE('',*,*,#1261,.F.);
#1804=ORIENTED_EDGE('',*,*,#1262,.F.);
#1805=ORIENTED_EDGE('',*,*,#1265,.F.);
#1806=ORIENTED_EDGE('',*,*,#1270,.F.);
#1807=ORIENTED_EDGE('',*,*,#1298,.T.);
#1808=ORIENTED_EDGE('',*,*,#1299,.T.);
#1809=ORIENTED_EDGE('',*,*,#1258,.F.);
#1810=ORIENTED_EDGE('',*,*,#1245,.F.);
#1811=ORIENTED_EDGE('',*,*,#1231,.F.);
#1812=ORIENTED_EDGE('',*,*,#1300,.F.);
#1813=ORIENTED_EDGE('',*,*,#1251,.F.);
#1814=ORIENTED_EDGE('',*,*,#1300,.T.);
#1815=ORIENTED_EDGE('',*,*,#1271,.F.);
#1816=ORIENTED_EDGE('',*,*,#1301,.T.);
#1817=ORIENTED_EDGE('',*,*,#1249,.F.);
#1818=ORIENTED_EDGE('',*,*,#1301,.F.);
#1819=ORIENTED_EDGE('',*,*,#1280,.F.);
#1820=ORIENTED_EDGE('',*,*,#1302,.F.);
#1821=ORIENTED_EDGE('',*,*,#1213,.F.);
#1822=ORIENTED_EDGE('',*,*,#1298,.F.);
#1823=ORIENTED_EDGE('',*,*,#1269,.F.);
#1824=ORIENTED_EDGE('',*,*,#1303,.T.);
#1825=ORIENTED_EDGE('',*,*,#1296,.F.);
#1826=ORIENTED_EDGE('',*,*,#1304,.F.);
#1827=ORIENTED_EDGE('',*,*,#1277,.F.);
#1828=ORIENTED_EDGE('',*,*,#1305,.F.);
#1829=ORIENTED_EDGE('',*,*,#1255,.F.);
#1830=ORIENTED_EDGE('',*,*,#1302,.T.);
#1831=ORIENTED_EDGE('',*,*,#1283,.F.);
#1832=ORIENTED_EDGE('',*,*,#1306,.F.);
#1833=ORIENTED_EDGE('',*,*,#1268,.F.);
#1834=ORIENTED_EDGE('',*,*,#1307,.T.);
#1835=ORIENTED_EDGE('',*,*,#1297,.F.);
#1836=ORIENTED_EDGE('',*,*,#1303,.F.);
#1837=ORIENTED_EDGE('',*,*,#1259,.F.);
#1838=ORIENTED_EDGE('',*,*,#1306,.T.);
#1839=ORIENTED_EDGE('',*,*,#1291,.F.);
#1840=ORIENTED_EDGE('',*,*,#1308,.F.);
#1841=ORIENTED_EDGE('',*,*,#1266,.F.);
#1842=ORIENTED_EDGE('',*,*,#1309,.T.);
#1843=ORIENTED_EDGE('',*,*,#1292,.F.);
#1844=ORIENTED_EDGE('',*,*,#1307,.F.);
#1845=ORIENTED_EDGE('',*,*,#1263,.F.);
#1846=ORIENTED_EDGE('',*,*,#1308,.T.);
#1847=ORIENTED_EDGE('',*,*,#1286,.F.);
#1848=ORIENTED_EDGE('',*,*,#1309,.F.);
#1849=ORIENTED_EDGE('',*,*,#1278,.F.);
#1850=ORIENTED_EDGE('',*,*,#1304,.T.);
#1851=ORIENTED_EDGE('',*,*,#1295,.F.);
#1852=ORIENTED_EDGE('',*,*,#1293,.F.);
#1853=ORIENTED_EDGE('',*,*,#1288,.F.);
#1854=ORIENTED_EDGE('',*,*,#1290,.F.);
#1855=ORIENTED_EDGE('',*,*,#1284,.F.);
#1856=ORIENTED_EDGE('',*,*,#1281,.F.);
#1857=ORIENTED_EDGE('',*,*,#1272,.F.);
#1858=ORIENTED_EDGE('',*,*,#1232,.F.);
#1859=ORIENTED_EDGE('',*,*,#1227,.F.);
#1860=ORIENTED_EDGE('',*,*,#1229,.F.);
#1861=ORIENTED_EDGE('',*,*,#1210,.F.);
#1862=ORIENTED_EDGE('',*,*,#1208,.F.);
#1863=ORIENTED_EDGE('',*,*,#1275,.F.);
#1864=ORIENTED_EDGE('',*,*,#1310,.F.);
#1865=ORIENTED_EDGE('',*,*,#1311,.F.);
#1866=ORIENTED_EDGE('',*,*,#1310,.T.);
#1867=ORIENTED_EDGE('',*,*,#1312,.T.);
#1868=ORIENTED_EDGE('',*,*,#1313,.T.);
#1869=ORIENTED_EDGE('',*,*,#1314,.T.);
#1870=ORIENTED_EDGE('',*,*,#1312,.F.);
#1871=ORIENTED_EDGE('',*,*,#1313,.F.);
#1872=ORIENTED_EDGE('',*,*,#1314,.F.);
#1873=ORIENTED_EDGE('',*,*,#1315,.T.);
#1874=ORIENTED_EDGE('',*,*,#1316,.T.);
#1875=ORIENTED_EDGE('',*,*,#1315,.F.);
#1876=ORIENTED_EDGE('',*,*,#1311,.T.);
#1877=ORIENTED_EDGE('',*,*,#1317,.T.);
#1878=ORIENTED_EDGE('',*,*,#1318,.T.);
#1879=ORIENTED_EDGE('',*,*,#1317,.F.);
#1880=ORIENTED_EDGE('',*,*,#1318,.F.);
#1881=ORIENTED_EDGE('',*,*,#1319,.T.);
#1882=ORIENTED_EDGE('',*,*,#1299,.F.);
#1883=ORIENTED_EDGE('',*,*,#1319,.F.);
#1884=ORIENTED_EDGE('',*,*,#1316,.F.);
#1885=ORIENTED_EDGE('',*,*,#1214,.F.);
#1886=ORIENTED_EDGE('',*,*,#1305,.T.);
#1887=ORIENTED_EDGE('',*,*,#1279,.F.);
#1888=ORIENTED_EDGE('',*,*,#1320,.F.);
#1889=ORIENTED_EDGE('',*,*,#1219,.F.);
#1890=ORIENTED_EDGE('',*,*,#1320,.T.);
#1891=ORIENTED_EDGE('',*,*,#1276,.F.);
#1892=ORIENTED_EDGE('',*,*,#1321,.F.);
#1893=ORIENTED_EDGE('',*,*,#1221,.F.);
#1894=ORIENTED_EDGE('',*,*,#1321,.T.);
#1895=ORIENTED_EDGE('',*,*,#1206,.F.);
#1896=ORIENTED_EDGE('',*,*,#1322,.F.);
#1897=ORIENTED_EDGE('',*,*,#1234,.F.);
#1898=ORIENTED_EDGE('',*,*,#1322,.T.);
#1899=ORIENTED_EDGE('',*,*,#1212,.F.);
#1900=ORIENTED_EDGE('',*,*,#1323,.F.);
#1901=ORIENTED_EDGE('',*,*,#1240,.F.);
#1902=ORIENTED_EDGE('',*,*,#1323,.T.);
#1903=ORIENTED_EDGE('',*,*,#1230,.F.);
#1904=ORIENTED_EDGE('',*,*,#1324,.F.);
#1905=ORIENTED_EDGE('',*,*,#1243,.F.);
#1906=ORIENTED_EDGE('',*,*,#1324,.T.);
#1907=ORIENTED_EDGE('',*,*,#1228,.F.);
#1908=ORIENTED_EDGE('',*,*,#1246,.F.);
#1909=PLANE('',#2164);
#1910=PLANE('',#2165);
#1911=PLANE('',#2170);
#1912=PLANE('',#2171);
#1913=PLANE('',#2172);
#1914=PLANE('',#2173);
#1915=PLANE('',#2179);
#1916=PLANE('',#2182);
#1917=PLANE('',#2183);
#1918=PLANE('',#2184);
#1919=PLANE('',#2185);
#1920=PLANE('',#2186);
#1921=PLANE('',#2190);
#1922=PLANE('',#2193);
#1923=PLANE('',#2194);
#1924=PLANE('',#2195);
#1925=PLANE('',#2196);
#1926=PLANE('',#2197);
#1927=PLANE('',#2198);
#1928=PLANE('',#2199);
#1929=PLANE('',#2200);
#1930=PLANE('',#2201);
#1931=PLANE('',#2202);
#1932=PLANE('',#2203);
#1933=PLANE('',#2204);
#1934=PLANE('',#2205);
#1935=PLANE('',#2206);
#1936=PLANE('',#2207);
#1937=PLANE('',#2208);
#1938=PLANE('',#2209);
#1939=PLANE('',#2210);
#1940=PLANE('',#2211);
#1941=PLANE('',#2212);
#1942=PLANE('',#2213);
#1943=PLANE('',#2214);
#1944=PLANE('',#2215);
#1945=PLANE('',#2216);
#1946=PLANE('',#2217);
#1947=PLANE('',#2218);
#1948=PLANE('',#2219);
#1949=PLANE('',#2220);
#1950=PLANE('',#2221);
#1951=PLANE('',#2222);
#1952=PLANE('',#2223);
#1953=PLANE('',#2224);
#1954=PLANE('',#2225);
#1955=PLANE('',#2228);
#1956=PLANE('',#2231);
#1957=PLANE('',#2232);
#1958=PLANE('',#2233);
#1959=PLANE('',#2234);
#1960=PLANE('',#2235);
#1961=PLANE('',#2236);
#1962=PLANE('',#2237);
#1963=PLANE('',#2238);
#1964=PLANE('',#2239);
#1965=PLANE('',#2240);
#1966=PLANE('',#2241);
#1967=PLANE('',#2242);
#1968=PLANE('',#2243);
#1969=PLANE('',#2244);
#1970=PLANE('',#2245);
#1971=PLANE('',#2246);
#1972=PLANE('',#2247);
#1973=PLANE('',#2248);
#1974=PLANE('',#2249);
#1975=PLANE('',#2250);
#1976=PLANE('',#2251);
#1977=PLANE('',#2252);
#1978=PLANE('',#2257);
#1979=PLANE('',#2258);
#1980=PLANE('',#2262);
#1981=PLANE('',#2263);
#1982=PLANE('',#2264);
#1983=PLANE('',#2265);
#1984=PLANE('',#2266);
#1985=PLANE('',#2270);
#1986=PLANE('',#2271);
#1987=PLANE('',#2272);
#1988=PLANE('',#2273);
#1989=PLANE('',#2274);
#1990=PLANE('',#2278);
#1991=PLANE('',#2279);
#1992=PLANE('',#2280);
#1993=PLANE('',#2282);
#1994=PLANE('',#2286);
#1995=PLANE('',#2288);
#1996=PLANE('',#2289);
#1997=PLANE('',#2290);
#1998=PLANE('',#2294);
#1999=PLANE('',#2295);
#2000=PLANE('',#2297);
#2001=PLANE('',#2300);
#2002=PLANE('',#2301);
#2003=PLANE('',#2302);
#2004=PLANE('',#2305);
#2005=PLANE('',#2306);
#2006=PLANE('',#2308);
#2007=PLANE('',#2309);
#2008=PLANE('',#2310);
#2009=PLANE('',#2321);
#2010=PLANE('',#2322);
#2011=PLANE('',#2324);
#2012=PLANE('',#2325);
#2013=PLANE('',#2326);
#2014=ADVANCED_FACE('',(#99),#1909,.T.);
#2015=ADVANCED_FACE('',(#100,#53,#54),#1910,.T.);
#2016=ADVANCED_FACE('',(#101),#1911,.T.);
#2017=ADVANCED_FACE('',(#102),#1912,.T.);
#2018=ADVANCED_FACE('',(#103),#1913,.T.);
#2019=ADVANCED_FACE('',(#104),#1914,.F.);
#2020=ADVANCED_FACE('',(#105),#42,.F.);
#2021=ADVANCED_FACE('',(#106),#43,.T.);
#2022=ADVANCED_FACE('',(#107,#55),#1915,.T.);
#2023=ADVANCED_FACE('',(#108),#44,.F.);
#2024=ADVANCED_FACE('',(#109),#1916,.T.);
#2025=ADVANCED_FACE('',(#110),#1917,.T.);
#2026=ADVANCED_FACE('',(#111),#1918,.T.);
#2027=ADVANCED_FACE('',(#112),#1919,.T.);
#2028=ADVANCED_FACE('',(#113),#1920,.T.);
#2029=ADVANCED_FACE('',(#114),#32,.F.);
#2030=ADVANCED_FACE('',(#115,#56),#1921,.F.);
#2031=ADVANCED_FACE('',(#116),#45,.F.);
#2032=ADVANCED_FACE('',(#117),#1922,.T.);
#2033=ADVANCED_FACE('',(#118),#1923,.T.);
#2034=ADVANCED_FACE('',(#119),#1924,.T.);
#2035=ADVANCED_FACE('',(#120),#1925,.T.);
#2036=ADVANCED_FACE('',(#121),#1926,.T.);
#2037=ADVANCED_FACE('',(#122),#1927,.T.);
#2038=ADVANCED_FACE('',(#123),#1928,.T.);
#2039=ADVANCED_FACE('',(#124),#1929,.T.);
#2040=ADVANCED_FACE('',(#125),#1930,.T.);
#2041=ADVANCED_FACE('',(#126),#1931,.T.);
#2042=ADVANCED_FACE('',(#127),#1932,.T.);
#2043=ADVANCED_FACE('',(#128),#1933,.T.);
#2044=ADVANCED_FACE('',(#129),#1934,.T.);
#2045=ADVANCED_FACE('',(#130),#1935,.T.);
#2046=ADVANCED_FACE('',(#131),#1936,.T.);
#2047=ADVANCED_FACE('',(#132),#1937,.T.);
#2048=ADVANCED_FACE('',(#133),#1938,.T.);
#2049=ADVANCED_FACE('',(#134),#1939,.T.);
#2050=ADVANCED_FACE('',(#135),#1940,.T.);
#2051=ADVANCED_FACE('',(#136),#1941,.T.);
#2052=ADVANCED_FACE('',(#137),#1942,.T.);
#2053=ADVANCED_FACE('',(#138),#1943,.T.);
#2054=ADVANCED_FACE('',(#139),#1944,.T.);
#2055=ADVANCED_FACE('',(#140),#1945,.T.);
#2056=ADVANCED_FACE('',(#141),#1946,.T.);
#2057=ADVANCED_FACE('',(#142),#1947,.T.);
#2058=ADVANCED_FACE('',(#143),#1948,.T.);
#2059=ADVANCED_FACE('',(#144),#1949,.T.);
#2060=ADVANCED_FACE('',(#145),#1950,.T.);
#2061=ADVANCED_FACE('',(#146),#1951,.T.);
#2062=ADVANCED_FACE('',(#147),#1952,.T.);
#2063=ADVANCED_FACE('',(#148),#1953,.F.);
#2064=ADVANCED_FACE('',(#149),#1954,.F.);
#2065=ADVANCED_FACE('',(#150),#33,.F.);
#2066=ADVANCED_FACE('',(#151),#1955,.T.);
#2067=ADVANCED_FACE('',(#152),#46,.F.);
#2068=ADVANCED_FACE('',(#153),#1956,.T.);
#2069=ADVANCED_FACE('',(#154),#1957,.T.);
#2070=ADVANCED_FACE('',(#155),#1958,.T.);
#2071=ADVANCED_FACE('',(#156),#1959,.T.);
#2072=ADVANCED_FACE('',(#157),#1960,.T.);
#2073=ADVANCED_FACE('',(#158),#1961,.T.);
#2074=ADVANCED_FACE('',(#159),#1962,.T.);
#2075=ADVANCED_FACE('',(#160),#1963,.T.);
#2076=ADVANCED_FACE('',(#161),#1964,.T.);
#2077=ADVANCED_FACE('',(#162),#1965,.T.);
#2078=ADVANCED_FACE('',(#163),#1966,.T.);
#2079=ADVANCED_FACE('',(#164),#1967,.T.);
#2080=ADVANCED_FACE('',(#165),#1968,.T.);
#2081=ADVANCED_FACE('',(#166),#1969,.T.);
#2082=ADVANCED_FACE('',(#167),#1970,.T.);
#2083=ADVANCED_FACE('',(#168),#1971,.F.);
#2084=ADVANCED_FACE('',(#169),#1972,.F.);
#2085=ADVANCED_FACE('',(#170,#57),#1973,.T.);
#2086=ADVANCED_FACE('',(#171),#1974,.T.);
#2087=ADVANCED_FACE('',(#172),#1975,.T.);
#2088=ADVANCED_FACE('',(#173),#1976,.T.);
#2089=ADVANCED_FACE('',(#174),#1977,.T.);
#2090=ADVANCED_FACE('',(#175),#34,.T.);
#2091=ADVANCED_FACE('',(#176),#1978,.T.);
#2092=ADVANCED_FACE('',(#177),#1979,.T.);
#2093=ADVANCED_FACE('',(#178),#35,.F.);
#2094=ADVANCED_FACE('',(#179),#1980,.T.);
#2095=ADVANCED_FACE('',(#180),#1981,.T.);
#2096=ADVANCED_FACE('',(#181),#1982,.T.);
#2097=ADVANCED_FACE('',(#182),#1983,.T.);
#2098=ADVANCED_FACE('',(#183),#1984,.T.);
#2099=ADVANCED_FACE('',(#184),#36,.F.);
#2100=ADVANCED_FACE('',(#185),#1985,.T.);
#2101=ADVANCED_FACE('',(#186),#1986,.T.);
#2102=ADVANCED_FACE('',(#187),#1987,.T.);
#2103=ADVANCED_FACE('',(#188),#1988,.T.);
#2104=ADVANCED_FACE('',(#189),#1989,.T.);
#2105=ADVANCED_FACE('',(#190),#37,.T.);
#2106=ADVANCED_FACE('',(#191),#1990,.T.);
#2107=ADVANCED_FACE('',(#192),#1991,.T.);
#2108=ADVANCED_FACE('',(#193),#1992,.T.);
#2109=ADVANCED_FACE('',(#194),#1993,.T.);
#2110=ADVANCED_FACE('',(#195),#38,.T.);
#2111=ADVANCED_FACE('',(#196),#1994,.T.);
#2112=ADVANCED_FACE('',(#197),#1995,.T.);
#2113=ADVANCED_FACE('',(#198),#1996,.T.);
#2114=ADVANCED_FACE('',(#199),#1997,.T.);
#2115=ADVANCED_FACE('',(#200),#39,.T.);
#2116=ADVANCED_FACE('',(#201),#1998,.T.);
#2117=ADVANCED_FACE('',(#202),#1999,.T.);
#2118=ADVANCED_FACE('',(#203,#58),#2000,.T.);
#2119=ADVANCED_FACE('',(#204),#2001,.T.);
#2120=ADVANCED_FACE('',(#205),#2002,.T.);
#2121=ADVANCED_FACE('',(#206),#2003,.T.);
#2122=ADVANCED_FACE('',(#207),#47,.F.);
#2123=ADVANCED_FACE('',(#208),#2004,.T.);
#2124=ADVANCED_FACE('',(#209),#2005,.T.);
#2125=ADVANCED_FACE('',(#210),#48,.T.);
#2126=ADVANCED_FACE('',(#211),#2006,.T.);
#2127=ADVANCED_FACE('',(#212),#2007,.T.);
#2128=ADVANCED_FACE('',(#213,#59,#60),#2008,.F.);
#2129=ADVANCED_FACE('',(#214),#40,.F.);
#2130=ADVANCED_FACE('',(#215),#49,.F.);
#2131=ADVANCED_FACE('',(#216),#41,.F.);
#2132=ADVANCED_FACE('',(#217),#50,.F.);
#2133=ADVANCED_FACE('',(#218),#2009,.F.);
#2134=ADVANCED_FACE('',(#219),#2010,.T.);
#2135=ADVANCED_FACE('',(#220),#51,.T.);
#2136=ADVANCED_FACE('',(#221),#2011,.T.);
#2137=ADVANCED_FACE('',(#222),#2012,.T.);
#2138=ADVANCED_FACE('',(#223),#2013,.T.);
#2139=ADVANCED_FACE('',(#224),#52,.F.);
#2140=CLOSED_SHELL('',(#2014,#2015,#2016,#2017,#2018,#2019,#2020,#2021,
#2022,#2023,#2024,#2025,#2026,#2027,#2028,#2029,#2030,#2031,#2032,#2033,
#2034,#2035,#2036,#2037,#2038,#2039,#2040,#2041,#2042,#2043,#2044,#2045,
#2046,#2047,#2048,#2049,#2050,#2051,#2052,#2053,#2054,#2055,#2056,#2057,
#2058,#2059,#2060,#2061,#2062,#2063,#2064,#2065,#2066,#2067,#2068,#2069,
#2070,#2071,#2072,#2073,#2074,#2075,#2076,#2077,#2078,#2079,#2080,#2081,
#2082,#2083,#2084,#2085,#2086));
#2141=CLOSED_SHELL('',(#2087,#2088,#2089,#2090,#2091,#2092,#2093,#2094,
#2095,#2096,#2097,#2098,#2099,#2100,#2101,#2102,#2103,#2104,#2105,#2106,
#2107,#2108,#2109,#2110,#2111,#2112,#2113,#2114,#2115,#2116,#2117,#2118,
#2119,#2120,#2121,#2122,#2123,#2124,#2125,#2126,#2127,#2128,#2129,#2130,
#2131,#2132,#2133,#2134,#2135,#2136,#2137,#2138,#2139));
#2142=DERIVED_UNIT_ELEMENT(#2145,1.);
#2143=DERIVED_UNIT_ELEMENT(#3533,-3.);
#2144=DIMENSIONAL_EXPONENTS(0.,1.,0.,0.,0.,0.,0.);
#2145=(
CONVERSION_BASED_UNIT('gram',#2147)
MASS_UNIT()
NAMED_UNIT(#2144)
);
#2146=(
MASS_UNIT()
NAMED_UNIT(*)
SI_UNIT(.KILO.,.GRAM.)
);
#2147=MASS_MEASURE_WITH_UNIT(MASS_MEASURE(0.001),#2146);
#2148=DERIVED_UNIT((#2142,#2143));
#2149=MEASURE_REPRESENTATION_ITEM('density measure',
POSITIVE_RATIO_MEASURE(1.06),#2148);
#2150=PROPERTY_DEFINITION_REPRESENTATION(#2155,#2152);
#2151=PROPERTY_DEFINITION_REPRESENTATION(#2156,#2153);
#2152=REPRESENTATION('material name',(#2154),#3530);
#2153=REPRESENTATION('density',(#2149),#3530);
#2154=DESCRIPTIVE_REPRESENTATION_ITEM('ABS Plastic','ABS Plastic');
#2155=PROPERTY_DEFINITION('material property','material name',#3540);
#2156=PROPERTY_DEFINITION('material property','density of part',#3540);
#2157=DATE_TIME_ROLE('creation_date');
#2158=APPLIED_DATE_AND_TIME_ASSIGNMENT(#2159,#2157,(#3540));
#2159=DATE_AND_TIME(#2160,#2161);
#2160=CALENDAR_DATE(2024,14,9);
#2161=LOCAL_TIME(0,0,0.,#2162);
#2162=COORDINATED_UNIVERSAL_TIME_OFFSET(0,0,.BEHIND.);
#2163=AXIS2_PLACEMENT_3D('',#2920,#2332,#2333);
#2164=AXIS2_PLACEMENT_3D('',#2921,#2334,#2335);
#2165=AXIS2_PLACEMENT_3D('',#2938,#2344,#2345);
#2166=AXIS2_PLACEMENT_3D('',#2966,#2359,#2360);
#2167=AXIS2_PLACEMENT_3D('',#2967,#2361,#2362);
#2168=AXIS2_PLACEMENT_3D('',#2969,#2363,#2364);
#2169=AXIS2_PLACEMENT_3D('',#2971,#2365,#2366);
#2170=AXIS2_PLACEMENT_3D('',#2972,#2367,#2368);
#2171=AXIS2_PLACEMENT_3D('',#2981,#2373,#2374);
#2172=AXIS2_PLACEMENT_3D('',#2987,#2378,#2379);
#2173=AXIS2_PLACEMENT_3D('',#2994,#2384,#2385);
#2174=AXIS2_PLACEMENT_3D('',#2999,#2389,#2390);
#2175=AXIS2_PLACEMENT_3D('',#3001,#2391,#2392);
#2176=AXIS2_PLACEMENT_3D('',#3004,#2394,#2395);
#2177=AXIS2_PLACEMENT_3D('',#3005,#2396,#2397);
#2178=AXIS2_PLACEMENT_3D('',#3007,#2398,#2399);
#2179=AXIS2_PLACEMENT_3D('',#3009,#2401,#2402);
#2180=AXIS2_PLACEMENT_3D('',#3010,#2403,#2404);
#2181=AXIS2_PLACEMENT_3D('',#3013,#2406,#2407);
#2182=AXIS2_PLACEMENT_3D('',#3014,#2408,#2409);
#2183=AXIS2_PLACEMENT_3D('',#3015,#2410,#2411);
#2184=AXIS2_PLACEMENT_3D('',#3023,#2416,#2417);
#2185=AXIS2_PLACEMENT_3D('',#3027,#2420,#2421);
#2186=AXIS2_PLACEMENT_3D('',#3035,#2426,#2427);
#2187=AXIS2_PLACEMENT_3D('',#3045,#2433,#2434);
#2188=AXIS2_PLACEMENT_3D('',#3047,#2435,#2436);
#2189=AXIS2_PLACEMENT_3D('',#3050,#2438,#2439);
#2190=AXIS2_PLACEMENT_3D('',#3051,#2440,#2441);
#2191=AXIS2_PLACEMENT_3D('',#3088,#2460,#2461);
#2192=AXIS2_PLACEMENT_3D('',#3091,#2463,#2464);
#2193=AXIS2_PLACEMENT_3D('',#3092,#2465,#2466);
#2194=AXIS2_PLACEMENT_3D('',#3098,#2470,#2471);
#2195=AXIS2_PLACEMENT_3D('',#3104,#2475,#2476);
#2196=AXIS2_PLACEMENT_3D('',#3110,#2480,#2481);
#2197=AXIS2_PLACEMENT_3D('',#3114,#2484,#2485);
#2198=AXIS2_PLACEMENT_3D('',#3120,#2489,#2490);
#2199=AXIS2_PLACEMENT_3D('',#3124,#2493,#2494);
#2200=AXIS2_PLACEMENT_3D('',#3130,#2498,#2499);
#2201=AXIS2_PLACEMENT_3D('',#3135,#2503,#2504);
#2202=AXIS2_PLACEMENT_3D('',#3141,#2508,#2509);
#2203=AXIS2_PLACEMENT_3D('',#3143,#2511,#2512);
#2204=AXIS2_PLACEMENT_3D('',#3147,#2515,#2516);
#2205=AXIS2_PLACEMENT_3D('',#3153,#2520,#2521);
#2206=AXIS2_PLACEMENT_3D('',#3156,#2524,#2525);
#2207=AXIS2_PLACEMENT_3D('',#3158,#2527,#2528);
#2208=AXIS2_PLACEMENT_3D('',#3160,#2530,#2531);
#2209=AXIS2_PLACEMENT_3D('',#3164,#2534,#2535);
#2210=AXIS2_PLACEMENT_3D('',#3166,#2537,#2538);
#2211=AXIS2_PLACEMENT_3D('',#3169,#2541,#2542);
#2212=AXIS2_PLACEMENT_3D('',#3171,#2544,#2545);
#2213=AXIS2_PLACEMENT_3D('',#3175,#2548,#2549);
#2214=AXIS2_PLACEMENT_3D('',#3177,#2551,#2552);
#2215=AXIS2_PLACEMENT_3D('',#3179,#2554,#2555);
#2216=AXIS2_PLACEMENT_3D('',#3181,#2557,#2558);
#2217=AXIS2_PLACEMENT_3D('',#3189,#2563,#2564);
#2218=AXIS2_PLACEMENT_3D('',#3193,#2567,#2568);
#2219=AXIS2_PLACEMENT_3D('',#3197,#2571,#2572);
#2220=AXIS2_PLACEMENT_3D('',#3201,#2575,#2576);
#2221=AXIS2_PLACEMENT_3D('',#3207,#2580,#2581);
#2222=AXIS2_PLACEMENT_3D('',#3213,#2585,#2586);
#2223=AXIS2_PLACEMENT_3D('',#3215,#2588,#2589);
#2224=AXIS2_PLACEMENT_3D('',#3217,#2591,#2592);
#2225=AXIS2_PLACEMENT_3D('',#3223,#2596,#2597);
#2226=AXIS2_PLACEMENT_3D('',#3225,#2599,#2600);
#2227=AXIS2_PLACEMENT_3D('',#3227,#2601,#2602);
#2228=AXIS2_PLACEMENT_3D('',#3229,#2604,#2605);
#2229=AXIS2_PLACEMENT_3D('',#3230,#2606,#2607);
#2230=AXIS2_PLACEMENT_3D('',#3232,#2608,#2609);
#2231=AXIS2_PLACEMENT_3D('',#3234,#2611,#2612);
#2232=AXIS2_PLACEMENT_3D('',#3237,#2615,#2616);
#2233=AXIS2_PLACEMENT_3D('',#3239,#2618,#2619);
#2234=AXIS2_PLACEMENT_3D('',#3241,#2621,#2622);
#2235=AXIS2_PLACEMENT_3D('',#3243,#2624,#2625);
#2236=AXIS2_PLACEMENT_3D('',#3245,#2627,#2628);
#2237=AXIS2_PLACEMENT_3D('',#3247,#2630,#2631);
#2238=AXIS2_PLACEMENT_3D('',#3251,#2634,#2635);
#2239=AXIS2_PLACEMENT_3D('',#3256,#2639,#2640);
#2240=AXIS2_PLACEMENT_3D('',#3257,#2641,#2642);
#2241=AXIS2_PLACEMENT_3D('',#3259,#2644,#2645);
#2242=AXIS2_PLACEMENT_3D('',#3261,#2647,#2648);
#2243=AXIS2_PLACEMENT_3D('',#3262,#2649,#2650);
#2244=AXIS2_PLACEMENT_3D('',#3264,#2652,#2653);
#2245=AXIS2_PLACEMENT_3D('',#3265,#2654,#2655);
#2246=AXIS2_PLACEMENT_3D('',#3267,#2657,#2658);
#2247=AXIS2_PLACEMENT_3D('',#3269,#2660,#2661);
#2248=AXIS2_PLACEMENT_3D('',#3270,#2662,#2663);
#2249=AXIS2_PLACEMENT_3D('',#3271,#2664,#2665);
#2250=AXIS2_PLACEMENT_3D('',#3272,#2666,#2667);
#2251=AXIS2_PLACEMENT_3D('',#3281,#2672,#2673);
#2252=AXIS2_PLACEMENT_3D('',#3287,#2677,#2678);
#2253=AXIS2_PLACEMENT_3D('',#3290,#2679,#2680);
#2254=AXIS2_PLACEMENT_3D('',#3296,#2684,#2685);
#2255=AXIS2_PLACEMENT_3D('',#3300,#2687,#2688);
#2256=AXIS2_PLACEMENT_3D('',#3301,#2689,#2690);
#2257=AXIS2_PLACEMENT_3D('',#3302,#2691,#2692);
#2258=AXIS2_PLACEMENT_3D('',#3308,#2696,#2697);
#2259=AXIS2_PLACEMENT_3D('',#3317,#2700,#2701);
#2260=AXIS2_PLACEMENT_3D('',#3321,#2703,#2704);
#2261=AXIS2_PLACEMENT_3D('',#3322,#2705,#2706);
#2262=AXIS2_PLACEMENT_3D('',#3323,#2707,#2708);
#2263=AXIS2_PLACEMENT_3D('',#3326,#2711,#2712);
#2264=AXIS2_PLACEMENT_3D('',#3332,#2716,#2717);
#2265=AXIS2_PLACEMENT_3D('',#3338,#2721,#2722);
#2266=AXIS2_PLACEMENT_3D('',#3347,#2725,#2726);
#2267=AXIS2_PLACEMENT_3D('',#3353,#2730,#2731);
#2268=AXIS2_PLACEMENT_3D('',#3354,#2732,#2733);
#2269=AXIS2_PLACEMENT_3D('',#3355,#2734,#2735);
#2270=AXIS2_PLACEMENT_3D('',#3356,#2736,#2737);
#2271=AXIS2_PLACEMENT_3D('',#3359,#2740,#2741);
#2272=AXIS2_PLACEMENT_3D('',#3368,#2746,#2747);
#2273=AXIS2_PLACEMENT_3D('',#3374,#2751,#2752);
#2274=AXIS2_PLACEMENT_3D('',#3383,#2755,#2756);
#2275=AXIS2_PLACEMENT_3D('',#3386,#2759,#2760);
#2276=AXIS2_PLACEMENT_3D('',#3388,#2761,#2762);
#2277=AXIS2_PLACEMENT_3D('',#3391,#2764,#2765);
#2278=AXIS2_PLACEMENT_3D('',#3392,#2766,#2767);
#2279=AXIS2_PLACEMENT_3D('',#3398,#2771,#2772);
#2280=AXIS2_PLACEMENT_3D('',#3404,#2776,#2777);
#2281=AXIS2_PLACEMENT_3D('',#3408,#2779,#2780);
#2282=AXIS2_PLACEMENT_3D('',#3410,#2782,#2783);
#2283=AXIS2_PLACEMENT_3D('',#3416,#2787,#2788);
#2284=AXIS2_PLACEMENT_3D('',#3420,#2790,#2791);
#2285=AXIS2_PLACEMENT_3D('',#3421,#2792,#2793);
#2286=AXIS2_PLACEMENT_3D('',#3422,#2794,#2795);
#2287=AXIS2_PLACEMENT_3D('',#3425,#2796,#2797);
#2288=AXIS2_PLACEMENT_3D('',#3428,#2800,#2801);
#2289=AXIS2_PLACEMENT_3D('',#3434,#2805,#2806);
#2290=AXIS2_PLACEMENT_3D('',#3443,#2809,#2810);
#2291=AXIS2_PLACEMENT_3D('',#3452,#2815,#2816);
#2292=AXIS2_PLACEMENT_3D('',#3453,#2817,#2818);
#2293=AXIS2_PLACEMENT_3D('',#3454,#2819,#2820);
#2294=AXIS2_PLACEMENT_3D('',#3455,#2821,#2822);
#2295=AXIS2_PLACEMENT_3D('',#3461,#2826,#2827);
#2296=AXIS2_PLACEMENT_3D('',#3465,#2829,#2830);
#2297=AXIS2_PLACEMENT_3D('',#3467,#2832,#2833);
#2298=AXIS2_PLACEMENT_3D('',#3468,#2834,#2835);
#2299=AXIS2_PLACEMENT_3D('',#3470,#2836,#2837);
#2300=AXIS2_PLACEMENT_3D('',#3471,#2838,#2839);
#2301=AXIS2_PLACEMENT_3D('',#3473,#2841,#2842);
#2302=AXIS2_PLACEMENT_3D('',#3475,#2844,#2845);
#2303=AXIS2_PLACEMENT_3D('',#3477,#2847,#2848);
#2304=AXIS2_PLACEMENT_3D('',#3479,#2850,#2851);
#2305=AXIS2_PLACEMENT_3D('',#3481,#2853,#2854);
#2306=AXIS2_PLACEMENT_3D('',#3483,#2856,#2857);
#2307=AXIS2_PLACEMENT_3D('',#3485,#2859,#2860);
#2308=AXIS2_PLACEMENT_3D('',#3487,#2862,#2863);
#2309=AXIS2_PLACEMENT_3D('',#3489,#2865,#2866);
#2310=AXIS2_PLACEMENT_3D('',#3490,#2867,#2868);
#2311=AXIS2_PLACEMENT_3D('',#3492,#2869,#2870);
#2312=AXIS2_PLACEMENT_3D('',#3494,#2871,#2872);
#2313=AXIS2_PLACEMENT_3D('',#3495,#2873,#2874);
#2314=AXIS2_PLACEMENT_3D('',#3499,#2876,#2877);
#2315=AXIS2_PLACEMENT_3D('',#3500,#2878,#2879);
#2316=AXIS2_PLACEMENT_3D('',#3501,#2880,#2881);
#2317=AXIS2_PLACEMENT_3D('',#3504,#2883,#2884);
#2318=AXIS2_PLACEMENT_3D('',#3505,#2885,#2886);
#2319=AXIS2_PLACEMENT_3D('',#3508,#2888,#2889);
#2320=AXIS2_PLACEMENT_3D('',#3509,#2890,#2891);
#2321=AXIS2_PLACEMENT_3D('',#3511,#2893,#2894);
#2322=AXIS2_PLACEMENT_3D('',#3512,#2895,#2896);
#2323=AXIS2_PLACEMENT_3D('',#3514,#2898,#2899);
#2324=AXIS2_PLACEMENT_3D('',#3516,#2901,#2902);
#2325=AXIS2_PLACEMENT_3D('',#3518,#2904,#2905);
#2326=AXIS2_PLACEMENT_3D('',#3520,#2907,#2908);
#2327=AXIS2_PLACEMENT_3D('',#3522,#2910,#2911);
#2328=AXIS2_PLACEMENT_3D('',#3523,#2912,#2913);
#2329=AXIS2_PLACEMENT_3D('',#3524,#2914,#2915);
#2330=AXIS2_PLACEMENT_3D('',#3525,#2916,#2917);
#2331=AXIS2_PLACEMENT_3D('',#3526,#2918,#2919);
#2332=DIRECTION('axis',(0.,0.,1.));
#2333=DIRECTION('refdir',(1.,0.,0.));
#2334=DIRECTION('center_axis',(8.35152842404595E-15,-1.,0.));
#2335=DIRECTION('ref_axis',(1.,8.35152842404595E-15,0.));
#2336=DIRECTION('',(1.,8.35152842404595E-15,0.));
#2337=DIRECTION('',(0.,0.,1.));
#2338=DIRECTION('',(0.816496580927727,6.81899440375425E-15,-0.577350269189624));
#2339=DIRECTION('',(0.816496580927726,6.81899440375424E-15,0.577350269189626));
#2340=DIRECTION('',(0.,0.,1.));
#2341=DIRECTION('',(-1.,-8.35152842404595E-15,0.));
#2342=DIRECTION('',(0.,0.,-1.));
#2343=DIRECTION('',(0.816496580927727,6.81899440375425E-15,-0.577350269189624));
#2344=DIRECTION('center_axis',(0.,0.,1.));
#2345=DIRECTION('ref_axis',(1.,0.,0.));
#2346=DIRECTION('',(-1.,-8.35152842404595E-15,0.));
#2347=DIRECTION('',(-0.707106781186544,-0.707106781186551,0.));
#2348=DIRECTION('',(4.93432455388958E-16,-1.,0.));
#2349=DIRECTION('',(-1.,2.77555756156289E-16,0.));
#2350=DIRECTION('',(-0.707106781186547,-0.707106781186547,0.));
#2351=DIRECTION('',(0.,-1.,0.));
#2352=DIRECTION('',(0.707106781186546,-0.707106781186549,0.));
#2353=DIRECTION('',(1.,-2.77555756156289E-16,0.));
#2354=DIRECTION('',(-2.46716226877507E-16,-1.,0.));
#2355=DIRECTION('',(0.707106781186548,-0.707106781186547,0.));
#2356=DIRECTION('',(1.,3.97691829716473E-16,0.));
#2357=DIRECTION('',(-1.28102656540679E-16,1.,0.));
#2358=DIRECTION('',(-1.,-8.35152842404595E-15,0.));
#2359=DIRECTION('center_axis',(0.,0.,-1.));
#2360=DIRECTION('ref_axis',(1.,0.,0.));
#2361=DIRECTION('center_axis',(0.,0.,-1.));
#2362=DIRECTION('ref_axis',(1.,0.,0.));
#2363=DIRECTION('center_axis',(0.,0.,-1.));
#2364=DIRECTION('ref_axis',(1.,0.,0.));
#2365=DIRECTION('center_axis',(0.,0.,1.));
#2366=DIRECTION('ref_axis',(1.,0.,0.));
#2367=DIRECTION('center_axis',(0.5,0.5,0.707106781186548));
#2368=DIRECTION('ref_axis',(0.816496580927727,0.,-0.577350269189625));
#2369=DIRECTION('',(-1.04595381073223E-16,0.816496580927726,-0.577350269189625));
#2370=DIRECTION('',(-0.816496580927726,-3.24714019226392E-16,0.577350269189625));
#2371=DIRECTION('',(1.04595381073223E-16,-0.816496580927726,0.577350269189625));
#2372=DIRECTION('',(0.678598344545845,0.281084637714823,-0.678598344545847));
#2373=DIRECTION('center_axis',(0.500000000000001,-0.500000000000001,0.707106781186546));
#2374=DIRECTION('ref_axis',(0.816496580927725,0.,-0.577350269189628));
#2375=DIRECTION('',(1.04595381073223E-16,-0.816496580927725,-0.577350269189628));
#2376=DIRECTION('',(-1.04595381073223E-16,0.816496580927725,0.577350269189628));
#2377=DIRECTION('',(-0.678598344545846,0.281084637714818,0.678598344545848));
#2378=DIRECTION('center_axis',(0.707106781186548,9.05822571279254E-17,0.707106781186547));
#2379=DIRECTION('ref_axis',(0.707106781186547,0.,-0.707106781186548));
#2380=DIRECTION('',(1.28102656540679E-16,-1.,0.));
#2381=DIRECTION('',(0.357406744336595,-0.862856209461015,-0.357406744336596));
#2382=DIRECTION('',(-1.28102656540679E-16,1.,0.));
#2383=DIRECTION('',(-0.357406744336592,-0.862856209461018,0.357406744336593));
#2384=DIRECTION('center_axis',(-1.,-1.28102656540679E-16,0.));
#2385=DIRECTION('ref_axis',(-1.28102656540679E-16,1.,0.));
#2386=DIRECTION('',(-9.05822571279255E-17,0.707106781186549,0.707106781186546));
#2387=DIRECTION('',(-9.05822571279255E-17,0.707106781186549,-0.707106781186546));
#2388=DIRECTION('',(0.,0.,-1.));
#2389=DIRECTION('center_axis',(0.,0.,1.));
#2390=DIRECTION('ref_axis',(-1.,0.,0.));
#2391=DIRECTION('center_axis',(0.,0.,-1.));
#2392=DIRECTION('ref_axis',(-1.,0.,0.));
#2393=DIRECTION('',(0.,0.,-1.));
#2394=DIRECTION('center_axis',(0.,0.,1.));
#2395=DIRECTION('ref_axis',(-1.,0.,0.));
#2396=DIRECTION('center_axis',(0.,0.,1.));
#2397=DIRECTION('ref_axis',(1.,0.,0.));
#2398=DIRECTION('center_axis',(0.,0.,1.));
#2399=DIRECTION('ref_axis',(1.,0.,0.));
#2400=DIRECTION('',(0.,0.,-1.));
#2401=DIRECTION('center_axis',(0.,0.,1.));
#2402=DIRECTION('ref_axis',(1.,0.,0.));
#2403=DIRECTION('center_axis',(0.,0.,-1.));
#2404=DIRECTION('ref_axis',(1.,0.,0.));
#2405=DIRECTION('',(0.,0.,-1.));
#2406=DIRECTION('center_axis',(0.,0.,-1.));
#2407=DIRECTION('ref_axis',(1.,0.,0.));
#2408=DIRECTION('center_axis',(0.,0.,1.));
#2409=DIRECTION('ref_axis',(1.,0.,0.));
#2410=DIRECTION('center_axis',(-0.499999999999997,-0.500000000000003,0.707106781186548));
#2411=DIRECTION('ref_axis',(0.816496580927728,-8.32667268468867E-17,0.577350269189623));
#2412=DIRECTION('',(-0.707106781186552,0.707106781186543,0.));
#2413=DIRECTION('',(-0.678598344545845,-0.281084637714824,-0.678598344545848));
#2414=DIRECTION('',(3.69570346458722E-15,-0.816496580927726,-0.577350269189626));
#2415=DIRECTION('',(0.707106781186552,-0.707106781186543,0.));
#2416=DIRECTION('center_axis',(0.,0.,1.));
#2417=DIRECTION('ref_axis',(1.,0.,0.));
#2418=DIRECTION('',(0.707106781186545,0.70710678118655,0.));
#2419=DIRECTION('',(-4.52629386443733E-15,1.,0.));
#2420=DIRECTION('center_axis',(-0.500000000000002,0.499999999999999,0.707106781186547));
#2421=DIRECTION('ref_axis',(0.816496580927725,2.4980018054066E-16,0.577350269189628));
#2422=DIRECTION('',(-0.816496580927725,-3.24714019226391E-16,-0.577350269189627));
#2423=DIRECTION('',(-0.707106781186545,-0.70710678118655,0.));
#2424=DIRECTION('',(3.69570346458722E-15,-0.816496580927725,0.577350269189627));
#2425=DIRECTION('',(-0.678598344545847,0.281084637714822,-0.678598344545847));
#2426=DIRECTION('center_axis',(-3.97691829716473E-16,1.,0.));
#2427=DIRECTION('ref_axis',(-1.,-3.97691829716473E-16,0.));
#2428=DIRECTION('',(-1.,-3.97691829716473E-16,0.));
#2429=DIRECTION('',(-0.816496580927726,-3.24714019226391E-16,0.577350269189626));
#2430=DIRECTION('',(0.,0.,1.));
#2431=DIRECTION('',(1.,3.97691829716473E-16,0.));
#2432=DIRECTION('',(0.,0.,-1.));
#2433=DIRECTION('center_axis',(0.,0.,-1.));
#2434=DIRECTION('ref_axis',(1.,0.,0.));
#2435=DIRECTION('center_axis',(0.,0.,1.));
#2436=DIRECTION('ref_axis',(1.,0.,0.));
#2437=DIRECTION('',(-0.447213595499957,5.47678698264201E-17,-0.894427190999916));
#2438=DIRECTION('center_axis',(0.,0.,-1.));
#2439=DIRECTION('ref_axis',(1.,0.,0.));
#2440=DIRECTION('center_axis',(0.,0.,1.));
#2441=DIRECTION('ref_axis',(1.,0.,0.));
#2442=DIRECTION('',(-0.707106781186545,-0.70710678118655,0.));
#2443=DIRECTION('',(-1.,-3.97691829716473E-16,0.));
#2444=DIRECTION('',(-0.707106781186548,0.707106781186547,0.));
#2445=DIRECTION('',(2.46716226877507E-16,1.,0.));
#2446=DIRECTION('',(-1.,2.77555756156289E-16,0.));
#2447=DIRECTION('',(-0.707106781186546,0.707106781186549,0.));
#2448=DIRECTION('',(0.,1.,0.));
#2449=DIRECTION('',(0.707106781186547,0.707106781186547,0.));
#2450=DIRECTION('',(1.,-2.77555756156289E-16,0.));
#2451=DIRECTION('',(-4.93432455388958E-16,1.,0.));
#2452=DIRECTION('',(0.707106781186544,0.707106781186551,0.));
#2453=DIRECTION('',(1.,8.35152842404595E-15,0.));
#2454=DIRECTION('',(0.707106781186552,-0.707106781186543,0.));
#2455=DIRECTION('',(4.52629386443733E-15,-1.,0.));
#2456=DIRECTION('',(-1.,-4.44089209850063E-15,0.));
#2457=DIRECTION('',(4.65577397423453E-15,-1.,0.));
#2458=DIRECTION('',(1.,4.44089209850063E-15,0.));
#2459=DIRECTION('',(4.52629386443733E-15,-1.,0.));
#2460=DIRECTION('center_axis',(0.,0.,1.));
#2461=DIRECTION('ref_axis',(1.,0.,0.));
#2462=DIRECTION('',(0.,0.,1.));
#2463=DIRECTION('center_axis',(0.,0.,1.));
#2464=DIRECTION('ref_axis',(1.,0.,0.));
#2465=DIRECTION('center_axis',(-2.48253415324727E-16,-0.894427190999916,
-0.447213595499958));
#2466=DIRECTION('ref_axis',(0.,0.447213595499958,-0.894427190999916));
#2467=DIRECTION('',(-1.,2.77555756156289E-16,0.));
#2468=DIRECTION('',(-0.408248290463862,0.408248290463863,-0.816496580927726));
#2469=DIRECTION('',(0.182143211721524,-0.439732612032305,0.87946522406461));
#2470=DIRECTION('center_axis',(0.894427190999917,0.,-0.447213595499957));
#2471=DIRECTION('ref_axis',(-0.447213595499957,0.,-0.894427190999916));
#2472=DIRECTION('',(0.439732612032304,0.182143211721521,0.879465224064611));
#2473=DIRECTION('',(0.,-1.,0.));
#2474=DIRECTION('',(-0.439732612032303,0.182143211721526,-0.87946522406461));
#2475=DIRECTION('center_axis',(2.48253415324727E-16,0.894427190999916,-0.447213595499957));
#2476=DIRECTION('ref_axis',(0.,0.447213595499957,0.894427190999916));
#2477=DIRECTION('',(0.408248290463862,0.408248290463863,0.816496580927727));
#2478=DIRECTION('',(1.,-2.77555756156289E-16,0.));
#2479=DIRECTION('',(-0.18214321172152,-0.439732612032305,-0.879465224064611));
#2480=DIRECTION('center_axis',(0.894427190999917,-2.20669701780146E-16,
-0.447213595499957));
#2481=DIRECTION('ref_axis',(-0.447213595499957,-9.86076131526265E-32,-0.894427190999916));
#2482=DIRECTION('',(0.439732612032303,0.182143211721527,0.87946522406461));
#2483=DIRECTION('',(-2.46716226877507E-16,-1.,0.));
#2484=DIRECTION('center_axis',(-0.707106781186551,0.707106781186544,2.37954492214341E-15));
#2485=DIRECTION('ref_axis',(3.36518470117122E-15,-1.97215226305253E-30,
1.));
#2486=DIRECTION('',(0.408248290463858,0.40824829046387,-0.816496580927725));
#2487=DIRECTION('',(-0.707106781186544,-0.707106781186551,0.));
#2488=DIRECTION('',(0.408248290463862,0.408248290463863,0.816496580927726));
#2489=DIRECTION('center_axis',(-3.97205464519564E-15,0.894427190999917,
-0.447213595499957));
#2490=DIRECTION('ref_axis',(1.97215226305253E-30,0.447213595499957,0.894427190999916));
#2491=DIRECTION('',(1.,4.44089209850063E-15,0.));
#2492=DIRECTION('',(0.408248290463865,-0.40824829046386,-0.816496580927726));
#2493=DIRECTION('center_axis',(-0.707106781186551,0.707106781186544,0.));
#2494=DIRECTION('ref_axis',(0.,0.,1.));
#2495=DIRECTION('',(0.,0.,-1.));
#2496=DIRECTION('',(0.,0.,1.));
#2497=DIRECTION('',(0.577350269189621,0.57735026918963,-0.577350269189626));
#2498=DIRECTION('center_axis',(-0.632455532033677,0.632455532033673,-0.447213595499959));
#2499=DIRECTION('ref_axis',(-0.577350269189626,8.32667268468867E-17,0.816496580927726));
#2500=DIRECTION('',(-0.439732612032303,0.182143211721535,0.879465224064609));
#2501=DIRECTION('',(0.707106781186545,0.70710678118655,0.));
#2502=DIRECTION('',(0.182143211721539,-0.439732612032302,-0.879465224064608));
#2503=DIRECTION('center_axis',(-0.707106781186544,-0.707106781186551,3.91541806884266E-15));
#2504=DIRECTION('ref_axis',(5.537237335318E-15,-4.73316543132607E-30,1.));
#2505=DIRECTION('',(0.70710678118655,-0.707106781186545,0.));
#2506=DIRECTION('',(-0.408248290463862,0.408248290463862,0.816496580927727));
#2507=DIRECTION('',(-0.408248290463868,0.408248290463859,-0.816496580927725));
#2508=DIRECTION('center_axis',(-0.894427190999917,-4.04844030680884E-15,
-0.447213595499957));
#2509=DIRECTION('ref_axis',(-0.447213595499957,1.57772181044202E-30,0.894427190999916));
#2510=DIRECTION('',(-4.52629386443733E-15,1.,0.));
#2511=DIRECTION('center_axis',(3.97205464519564E-15,-0.894427190999917,
-0.447213595499957));
#2512=DIRECTION('ref_axis',(1.97215226305253E-30,0.447213595499957,-0.894427190999916));
#2513=DIRECTION('',(-1.,-4.44089209850063E-15,0.));
#2514=DIRECTION('',(-0.408248290463862,-0.408248290463861,0.816496580927728));
#2515=DIRECTION('center_axis',(-0.707106781186545,-0.70710678118655,0.));
#2516=DIRECTION('ref_axis',(0.,0.,1.));
#2517=DIRECTION('',(0.,0.,-1.));
#2518=DIRECTION('',(0.,0.,1.));
#2519=DIRECTION('',(-0.577350269189627,0.577350269189623,0.577350269189627));
#2520=DIRECTION('center_axis',(-0.707106781186549,-3.20057308518671E-15,
-0.707106781186546));
#2521=DIRECTION('ref_axis',(-0.707106781186546,0.,0.707106781186549));
#2522=DIRECTION('',(-4.52629386443733E-15,1.,0.));
#2523=DIRECTION('',(4.52629386443733E-15,-1.,0.));
#2524=DIRECTION('center_axis',(-0.894427190999917,-4.16425083770511E-15,
-0.447213595499957));
#2525=DIRECTION('ref_axis',(-0.447213595499957,1.57772181044202E-30,0.894427190999916));
#2526=DIRECTION('',(-4.65577397423453E-15,1.,0.));
#2527=DIRECTION('center_axis',(-3.55706386136922E-16,0.894427190999917,
-0.447213595499957));
#2528=DIRECTION('ref_axis',(1.4791141972894E-31,0.447213595499957,0.894427190999916));
#2529=DIRECTION('',(-0.182143211721527,-0.439732612032303,-0.87946522406461));
#2530=DIRECTION('center_axis',(-0.894427190999917,-4.04844030680884E-15,
-0.447213595499957));
#2531=DIRECTION('ref_axis',(-0.447213595499957,1.57772181044202E-30,0.894427190999916));
#2532=DIRECTION('',(-4.52629386443733E-15,1.,0.));
#2533=DIRECTION('',(-0.4397326120323,-0.182143211721533,0.87946522406461));
#2534=DIRECTION('center_axis',(0.632455532033676,0.632455532033677,-0.447213595499957));
#2535=DIRECTION('ref_axis',(-0.577350269189625,2.22044604925031E-16,-0.816496580927727));
#2536=DIRECTION('',(0.707106781186548,-0.707106781186547,0.));
#2537=DIRECTION('center_axis',(-0.632455532033671,-0.632455532033679,-0.44721359549996));
#2538=DIRECTION('ref_axis',(-0.57735026918963,-3.05311331771918E-16,0.816496580927723));
#2539=DIRECTION('',(-0.707106781186552,0.707106781186543,0.));
#2540=DIRECTION('',(-0.182143211721524,-0.439732612032304,0.87946522406461));
#2541=DIRECTION('center_axis',(7.46983410887538E-15,-0.894427190999917,
-0.447213595499957));
#2542=DIRECTION('ref_axis',(3.54987407349455E-30,0.447213595499957,-0.894427190999916));
#2543=DIRECTION('',(0.182143211721539,-0.439732612032296,0.879465224064611));
#2544=DIRECTION('center_axis',(0.632455532033679,-0.632455532033672,-0.44721359549996));
#2545=DIRECTION('ref_axis',(-0.577350269189626,-1.38777878078145E-16,-0.816496580927726));
#2546=DIRECTION('',(-0.707106781186544,-0.707106781186551,0.));
#2547=DIRECTION('',(0.4397326120323,-0.182143211721535,0.87946522406461));
#2548=DIRECTION('center_axis',(0.632455532033679,0.632455532033677,-0.447213595499953));
#2549=DIRECTION('ref_axis',(-0.57735026918962,2.4980018054066E-16,-0.81649658092773));
#2550=DIRECTION('',(0.707106781186546,-0.707106781186549,0.));
#2551=DIRECTION('center_axis',(0.894427190999917,4.41339405021738E-16,-0.447213595499957));
#2552=DIRECTION('ref_axis',(-0.447213595499957,1.97215226305253E-31,-0.894427190999916));
#2553=DIRECTION('',(4.93432455388958E-16,-1.,0.));
#2554=DIRECTION('center_axis',(0.632455532033676,-0.632455532033676,-0.447213595499957));
#2555=DIRECTION('ref_axis',(-0.577350269189625,8.32667268468867E-17,-0.816496580927727));
#2556=DIRECTION('',(-0.707106781186547,-0.707106781186547,0.));
#2557=DIRECTION('center_axis',(-2.77555756156289E-16,-1.,0.));
#2558=DIRECTION('ref_axis',(1.,-2.77555756156289E-16,0.));
#2559=DIRECTION('',(0.,0.,-1.));
#2560=DIRECTION('',(1.,-2.77555756156289E-16,0.));
#2561=DIRECTION('',(-0.707106781186548,1.96261557335472E-16,0.707106781186547));
#2562=DIRECTION('',(0.,0.,1.));
#2563=DIRECTION('center_axis',(0.707106781186548,-0.707106781186548,0.));
#2564=DIRECTION('ref_axis',(0.,0.,-1.));
#2565=DIRECTION('',(0.,0.,1.));
#2566=DIRECTION('',(0.707106781186547,0.707106781186547,0.));
#2567=DIRECTION('center_axis',(1.,0.,0.));
#2568=DIRECTION('ref_axis',(0.,1.,0.));
#2569=DIRECTION('',(0.,0.,-1.));
#2570=DIRECTION('',(0.,1.,0.));
#2571=DIRECTION('center_axis',(0.707106781186549,0.707106781186546,0.));
#2572=DIRECTION('ref_axis',(0.,0.,-1.));
#2573=DIRECTION('',(0.,0.,1.));
#2574=DIRECTION('',(-0.707106781186546,0.707106781186549,0.));
#2575=DIRECTION('center_axis',(2.77555756156289E-16,1.,0.));
#2576=DIRECTION('ref_axis',(-1.,2.77555756156289E-16,0.));
#2577=DIRECTION('',(0.,0.,1.));
#2578=DIRECTION('',(0.707106781186548,-1.96261557335472E-16,-0.707106781186547));
#2579=DIRECTION('',(-1.,2.77555756156289E-16,0.));
#2580=DIRECTION('center_axis',(1.,-2.46716226877507E-16,0.));
#2581=DIRECTION('ref_axis',(2.46716226877507E-16,1.,0.));
#2582=DIRECTION('',(0.,0.,-1.));
#2583=DIRECTION('',(2.01442955704873E-16,0.816496580927726,-0.577350269189626));
#2584=DIRECTION('',(2.46716226877507E-16,1.,0.));
#2585=DIRECTION('center_axis',(0.707106781186547,0.707106781186548,0.));
#2586=DIRECTION('ref_axis',(0.,0.,-1.));
#2587=DIRECTION('',(-0.707106781186548,0.707106781186547,0.));
#2588=DIRECTION('center_axis',(-0.70710678118655,0.707106781186545,0.));
#2589=DIRECTION('ref_axis',(0.,0.,1.));
#2590=DIRECTION('',(0.,0.,1.));
#2591=DIRECTION('center_axis',(0.,0.,1.));
#2592=DIRECTION('ref_axis',(1.,0.,0.));
#2593=DIRECTION('',(-1.,-4.44089209850063E-15,0.));
#2594=DIRECTION('',(-4.65577397423453E-15,1.,0.));
#2595=DIRECTION('',(1.,4.44089209850063E-15,0.));
#2596=DIRECTION('center_axis',(-4.44089209850063E-15,1.,0.));
#2597=DIRECTION('ref_axis',(-1.,-4.44089209850063E-15,0.));
#2598=DIRECTION('',(0.,0.,1.));
#2599=DIRECTION('center_axis',(0.,0.,1.));
#2600=DIRECTION('ref_axis',(1.,0.,0.));
#2601=DIRECTION('center_axis',(0.,0.,-1.));
#2602=DIRECTION('ref_axis',(1.,0.,0.));
#2603=DIRECTION('',(-0.707106781186547,-8.65956056235493E-17,0.707106781186548));
#2604=DIRECTION('center_axis',(0.,0.,1.));
#2605=DIRECTION('ref_axis',(1.,0.,0.));
#2606=DIRECTION('center_axis',(0.,0.,1.));
#2607=DIRECTION('ref_axis',(1.,0.,0.));
#2608=DIRECTION('center_axis',(0.,0.,1.));
#2609=DIRECTION('ref_axis',(1.,0.,0.));
#2610=DIRECTION('',(0.,0.,1.));
#2611=DIRECTION('center_axis',(1.96261557335472E-16,0.707106781186548,0.707106781186548));
#2612=DIRECTION('ref_axis',(1.,-4.93038065763132E-32,-2.77555756156289E-16));
#2613=DIRECTION('',(0.281084637714815,0.678598344545848,-0.678598344545848));
#2614=DIRECTION('',(0.577350269189626,0.577350269189626,-0.577350269189626));
#2615=DIRECTION('center_axis',(0.500000000000002,0.5,0.707106781186546));
#2616=DIRECTION('ref_axis',(0.816496580927724,0.,-0.577350269189628));
#2617=DIRECTION('',(0.678598344545848,0.281084637714815,-0.678598344545848));
#2618=DIRECTION('center_axis',(0.707106781186548,0.,0.707106781186548));
#2619=DIRECTION('ref_axis',(0.707106781186548,0.,-0.707106781186548));
#2620=DIRECTION('',(0.678598344545846,-0.281084637714819,-0.678598344545849));
#2621=DIRECTION('center_axis',(0.500000000000001,-0.500000000000001,0.707106781186547));
#2622=DIRECTION('ref_axis',(0.816496580927725,-1.11022302462516E-16,-0.577350269189627));
#2623=DIRECTION('',(0.281084637714818,-0.678598344545847,-0.678598344545848));
#2624=DIRECTION('center_axis',(-2.81210589615003E-16,0.707106781186547,
0.707106781186548));
#2625=DIRECTION('ref_axis',(1.,-1.72563323017096E-31,3.97691829716472E-16));
#2626=DIRECTION('',(0.281084637714819,0.678598344545848,-0.678598344545847));
#2627=DIRECTION('center_axis',(-1.96261557335472E-16,-0.707106781186548,
0.707106781186547));
#2628=DIRECTION('ref_axis',(1.,-2.46519032881566E-31,2.77555756156289E-16));
#2629=DIRECTION('',(0.577350269189626,-0.577350269189626,-0.577350269189626));
#2630=DIRECTION('center_axis',(0.707106781186547,3.48909435263061E-16,0.707106781186548));
#2631=DIRECTION('ref_axis',(0.707106781186548,0.,-0.707106781186547));
#2632=DIRECTION('',(0.678598344545848,-0.281084637714819,-0.678598344545847));
#2633=DIRECTION('',(-4.93432455388958E-16,1.,0.));
#2634=DIRECTION('center_axis',(0.500000000000002,-0.499999999999997,0.707106781186548));
#2635=DIRECTION('ref_axis',(0.816496580927725,-3.33066907387547E-16,-0.577350269189627));
#2636=DIRECTION('',(0.281084637714827,-0.678598344545845,-0.678598344545847));
#2637=DIRECTION('',(0.707106781186544,0.707106781186551,0.));
#2638=DIRECTION('',(-4.02885912743858E-16,0.816496580927727,0.577350269189624));
#2639=DIRECTION('center_axis',(5.90542238191509E-15,-0.707106781186547,
0.707106781186548));
#2640=DIRECTION('ref_axis',(1.,-4.73316543132607E-30,-8.35152842404595E-15));
#2641=DIRECTION('center_axis',(-0.707106781186549,-3.20057308518671E-15,
0.707106781186546));
#2642=DIRECTION('ref_axis',(0.707106781186546,0.,0.707106781186549));
#2643=DIRECTION('',(4.52629386443733E-15,-1.,0.));
#2644=DIRECTION('center_axis',(0.5,0.5,0.707106781186547));
#2645=DIRECTION('ref_axis',(0.816496580927726,-1.11022302462516E-16,-0.577350269189626));
#2646=DIRECTION('',(0.678598344545848,0.281084637714817,-0.678598344545847));
#2647=DIRECTION('center_axis',(0.707106781186547,-1.74454717053844E-16,
0.707106781186548));
#2648=DIRECTION('ref_axis',(0.707106781186548,0.,-0.707106781186547));
#2649=DIRECTION('center_axis',(-0.707106781186543,-0.707106781186552,0.));
#2650=DIRECTION('ref_axis',(0.,0.,1.));
#2651=DIRECTION('',(0.,0.,-1.));
#2652=DIRECTION('center_axis',(-1.,-4.52629386443733E-15,0.));
#2653=DIRECTION('ref_axis',(4.52629386443733E-15,-1.,0.));
#2654=DIRECTION('center_axis',(0.707106781186551,-0.707106781186544,0.));
#2655=DIRECTION('ref_axis',(0.,0.,-1.));
#2656=DIRECTION('',(0.,0.,1.));
#2657=DIRECTION('center_axis',(4.44089209850063E-15,-1.,0.));
#2658=DIRECTION('ref_axis',(1.,4.44089209850063E-15,0.));
#2659=DIRECTION('',(0.,0.,1.));
#2660=DIRECTION('center_axis',(1.,4.65577397423453E-15,0.));
#2661=DIRECTION('ref_axis',(-4.65577397423453E-15,1.,0.));
#2662=DIRECTION('center_axis',(0.,0.,1.));
#2663=DIRECTION('ref_axis',(1.,0.,0.));
#2664=DIRECTION('center_axis',(1.,4.93432455388958E-16,0.));
#2665=DIRECTION('ref_axis',(-4.93432455388958E-16,1.,0.));
#2666=DIRECTION('center_axis',(-0.707106781186548,-7.50411836870922E-17,
-0.707106781186548));
#2667=DIRECTION('ref_axis',(-0.707106781186548,0.,0.707106781186548));
#2668=DIRECTION('',(-1.06124259706816E-16,1.,0.));
#2669=DIRECTION('',(0.707106781186548,0.,-0.707106781186548));
#2670=DIRECTION('',(1.06124259706816E-16,-1.,0.));
#2671=DIRECTION('',(-0.692888673184941,-0.199525870863966,0.692888673184941));
#2672=DIRECTION('center_axis',(-0.598816571565209,-0.376056795735548,-0.707106781186548));
#2673=DIRECTION('ref_axis',(-0.763122560524733,0.,0.646253787314376));
#2674=DIRECTION('',(0.531824620751781,-0.846854516881279,0.));
#2675=DIRECTION('',(-0.692888673184945,-0.19952587086396,0.692888673184939));
#2676=DIRECTION('',(-0.531824620751781,0.846854516881279,0.));
#2677=DIRECTION('center_axis',(0.707106781186546,7.45793917874787E-15,0.707106781186549));
#2678=DIRECTION('ref_axis',(0.707106781186549,0.,-0.707106781186546));
#2679=DIRECTION('center_axis',(-0.707106781186546,-7.45793917874787E-15,
-0.707106781186549));
#2680=DIRECTION('ref_axis',(-0.707106781186549,0.,0.707106781186546));
#2681=DIRECTION('',(-1.05471187339389E-14,1.,0.));
#2682=DIRECTION('',(-0.707106781186548,-7.8504622934189E-15,0.707106781186547));
#2683=DIRECTION('',(1.05471187339389E-14,-1.,0.));
#2684=DIRECTION('center_axis',(0.,0.,-1.));
#2685=DIRECTION('ref_axis',(1.,0.,0.));
#2686=DIRECTION('',(0.707106781186547,1.57009245868377E-15,0.707106781186547));
#2687=DIRECTION('center_axis',(0.,0.,-1.));
#2688=DIRECTION('ref_axis',(1.,0.,0.));
#2689=DIRECTION('center_axis',(0.,0.,1.));
#2690=DIRECTION('ref_axis',(1.,0.,0.));
#2691=DIRECTION('center_axis',(-0.707106781186548,-7.50411836870922E-17,
0.707106781186548));
#2692=DIRECTION('ref_axis',(0.707106781186548,0.,0.707106781186548));
#2693=DIRECTION('',(-1.06124259706816E-16,1.,0.));
#2694=DIRECTION('',(1.06124259706816E-16,-1.,0.));
#2695=DIRECTION('',(0.692888673184941,0.199525870863966,0.692888673184941));
#2696=DIRECTION('center_axis',(-0.534422427097369,0.595273316180554,-0.600035289344521));
#2697=DIRECTION('ref_axis',(-0.746755316402828,0.,0.665098862894917));
#2698=DIRECTION('',(-0.744116264521196,-0.668050136498019,-3.32377156734089E-15));
#2699=DIRECTION('',(0.704968833753996,-0.0777038407742178,-0.704968833753993));
#2700=DIRECTION('center_axis',(0.,0.,-1.));
#2701=DIRECTION('ref_axis',(1.,0.,0.));
#2702=DIRECTION('',(0.707106781186547,0.,-0.707106781186547));
#2703=DIRECTION('center_axis',(0.,0.,-1.));
#2704=DIRECTION('ref_axis',(1.,0.,0.));
#2705=DIRECTION('center_axis',(0.,0.,1.));
#2706=DIRECTION('ref_axis',(1.,0.,0.));
#2707=DIRECTION('center_axis',(-0.707106781186544,6.04936032031464E-16,
-0.707106781186551));
#2708=DIRECTION('ref_axis',(-0.707106781186551,0.,0.707106781186544));
#2709=DIRECTION('',(-8.55508740867065E-16,-1.,0.));
#2710=DIRECTION('',(8.55508740867065E-16,1.,0.));
#2711=DIRECTION('center_axis',(-0.707106781186546,0.,-0.707106781186549));
#2712=DIRECTION('ref_axis',(-0.707106781186549,0.,0.707106781186546));
#2713=DIRECTION('',(0.,1.,0.));
#2714=DIRECTION('',(0.,-1.,0.));
#2715=DIRECTION('',(-0.678598344545848,-0.281084637714821,0.678598344545845));
#2716=DIRECTION('center_axis',(-0.59881657156521,-0.376056795735548,0.707106781186548));
#2717=DIRECTION('ref_axis',(0.763122560524733,0.,0.646253787314377));
#2718=DIRECTION('',(0.531824620751781,-0.846854516881279,0.));
#2719=DIRECTION('',(0.692888673184945,0.199525870863962,0.692888673184938));
#2720=DIRECTION('',(-0.531824620751781,0.846854516881279,0.));
#2721=DIRECTION('center_axis',(-0.534422427097367,0.595273316180548,0.600035289344529));
#2722=DIRECTION('ref_axis',(0.746755316402834,0.,0.665098862894911));
#2723=DIRECTION('',(-0.704968833753996,0.0777038407742178,-0.704968833753993));
#2724=DIRECTION('',(0.744116264521196,0.668050136498019,0.));
#2725=DIRECTION('center_axis',(-0.707106781186544,6.04936032031464E-16,
0.707106781186551));
#2726=DIRECTION('ref_axis',(0.707106781186551,0.,0.707106781186544));
#2727=DIRECTION('',(-8.55508740867065E-16,-1.,0.));
#2728=DIRECTION('',(0.707106781186552,0.,0.707106781186543));
#2729=DIRECTION('',(8.55508740867065E-16,1.,0.));
#2730=DIRECTION('center_axis',(0.,0.,1.));
#2731=DIRECTION('ref_axis',(1.,0.,0.));
#2732=DIRECTION('center_axis',(0.,0.,-1.));
#2733=DIRECTION('ref_axis',(1.,0.,0.));
#2734=DIRECTION('center_axis',(0.,0.,1.));
#2735=DIRECTION('ref_axis',(1.,0.,0.));
#2736=DIRECTION('center_axis',(-0.668050136498019,0.744116264521196,0.));
#2737=DIRECTION('ref_axis',(0.,0.,1.));
#2738=DIRECTION('',(0.,0.,1.));
#2739=DIRECTION('',(0.,0.,-1.));
#2740=DIRECTION('center_axis',(0.,-0.707106781186548,0.707106781186548));
#2741=DIRECTION('ref_axis',(1.,0.,0.));
#2742=DIRECTION('',(-1.,0.,0.));
#2743=DIRECTION('',(-0.281084637714841,-0.678598344545843,-0.678598344545843));
#2744=DIRECTION('',(1.,0.,0.));
#2745=DIRECTION('',(-0.577350269189628,0.577350269189625,0.577350269189625));
#2746=DIRECTION('center_axis',(-0.499999999999994,-0.499999999999995,0.707106781186555));
#2747=DIRECTION('ref_axis',(0.816496580927732,0.,0.577350269189617));
#2748=DIRECTION('',(0.707106781186548,-0.707106781186547,0.));
#2749=DIRECTION('',(-0.707106781186548,0.707106781186547,0.));
#2750=DIRECTION('',(-0.678598344545846,-0.281084637714832,-0.678598344545843));
#2751=DIRECTION('center_axis',(0.707106781186546,0.,0.707106781186549));
#2752=DIRECTION('ref_axis',(0.707106781186549,0.,-0.707106781186546));
#2753=DIRECTION('',(0.,-1.,0.));
#2754=DIRECTION('',(0.,1.,0.));
#2755=DIRECTION('center_axis',(-0.707106781186546,0.,0.707106781186549));
#2756=DIRECTION('ref_axis',(0.707106781186549,0.,0.707106781186546));
#2757=DIRECTION('',(0.,1.,0.));
#2758=DIRECTION('',(0.,-1.,0.));
#2759=DIRECTION('center_axis',(0.,0.,-1.));
#2760=DIRECTION('ref_axis',(1.,0.,0.));
#2761=DIRECTION('center_axis',(0.,0.,1.));
#2762=DIRECTION('ref_axis',(1.,0.,0.));
#2763=DIRECTION('',(-0.683885337358074,0.179724359357967,0.707106781186549));
#2764=DIRECTION('center_axis',(0.,0.,-1.));
#2765=DIRECTION('ref_axis',(1.,0.,0.));
#2766=DIRECTION('center_axis',(0.683885337358074,-0.179724359357964,0.70710678118655));
#2767=DIRECTION('ref_axis',(0.718811176795736,0.,-0.695205359669737));
#2768=DIRECTION('',(-0.254168626492849,-0.96715991919989,0.));
#2769=DIRECTION('',(0.254168626492849,0.96715991919989,0.));
#2770=DIRECTION('',(-0.669961593885143,0.229051402566466,0.706177681395563));
#2771=DIRECTION('center_axis',(0.650772233872073,-0.276578198022096,0.707106781186549));
#2772=DIRECTION('ref_axis',(0.735809675186407,0.,-0.67718839468945));
#2773=DIRECTION('',(-0.39114063869956,-0.920330919157723,0.));
#2774=DIRECTION('',(0.39114063869956,0.920330919157723,0.));
#2775=DIRECTION('',(-0.699884979991488,0.142555356141516,0.699884979991484));
#2776=DIRECTION('center_axis',(0.707106781186546,7.45793917874787E-15,0.707106781186549));
#2777=DIRECTION('ref_axis',(0.707106781186549,0.,-0.707106781186546));
#2778=DIRECTION('',(-1.05471187339389E-14,1.,0.));
#2779=DIRECTION('center_axis',(-0.707106781186546,-7.45793917874787E-15,
-0.707106781186549));
#2780=DIRECTION('ref_axis',(-0.707106781186549,0.,0.707106781186546));
#2781=DIRECTION('',(1.05471187339389E-14,-1.,0.));
#2782=DIRECTION('center_axis',(-0.499999999999999,-0.499999999999999,-0.707106781186549));
#2783=DIRECTION('ref_axis',(-0.816496580927727,0.,0.577350269189624));
#2784=DIRECTION('',(-0.707106781186548,0.707106781186547,0.));
#2785=DIRECTION('',(0.707106781186548,-0.707106781186547,0.));
#2786=DIRECTION('',(-0.281084637714824,-0.678598344545846,0.678598344545846));
#2787=DIRECTION('center_axis',(0.,0.,1.));
#2788=DIRECTION('ref_axis',(1.,0.,0.));
#2789=DIRECTION('',(-0.707106781186547,3.14018491736755E-15,-0.707106781186547));
#2790=DIRECTION('center_axis',(0.,0.,1.));
#2791=DIRECTION('ref_axis',(1.,0.,0.));
#2792=DIRECTION('center_axis',(0.,0.,-1.));
#2793=DIRECTION('ref_axis',(1.,0.,0.));
#2794=DIRECTION('center_axis',(0.707106781186546,7.45793917874787E-15,-0.707106781186549));
#2795=DIRECTION('ref_axis',(-0.707106781186549,0.,-0.707106781186546));
#2796=DIRECTION('center_axis',(-0.707106781186546,-7.45793917874787E-15,
0.707106781186549));
#2797=DIRECTION('ref_axis',(-0.707106781186549,0.,-0.707106781186546));
#2798=DIRECTION('',(-1.05471187339389E-14,1.,0.));
#2799=DIRECTION('',(1.05471187339389E-14,-1.,0.));
#2800=DIRECTION('center_axis',(0.,-0.707106781186548,-0.707106781186548));
#2801=DIRECTION('ref_axis',(-1.,0.,0.));
#2802=DIRECTION('',(-1.,0.,0.));
#2803=DIRECTION('',(1.,0.,0.));
#2804=DIRECTION('',(0.577350269189628,-0.577350269189625,0.577350269189625));
#2805=DIRECTION('center_axis',(0.707106781186546,0.,-0.707106781186549));
#2806=DIRECTION('ref_axis',(-0.707106781186549,0.,-0.707106781186546));
#2807=DIRECTION('',(0.,-1.,0.));
#2808=DIRECTION('',(0.,1.,0.));
#2809=DIRECTION('center_axis',(0.683885337358075,-0.179724359357964,-0.707106781186549));
#2810=DIRECTION('ref_axis',(-0.718811176795735,0.,-0.695205359669739));
#2811=DIRECTION('',(-0.254168626492849,-0.96715991919989,0.));
#2812=DIRECTION('',(-0.683885337358079,0.179724359357955,-0.707106781186547));
#2813=DIRECTION('',(0.254168626492849,0.96715991919989,0.));
#2814=DIRECTION('',(0.669961593885137,-0.229051402566485,0.706177681395563));
#2815=DIRECTION('center_axis',(0.,0.,1.));
#2816=DIRECTION('ref_axis',(1.,0.,0.));
#2817=DIRECTION('center_axis',(0.,0.,1.));
#2818=DIRECTION('ref_axis',(1.,0.,0.));
#2819=DIRECTION('center_axis',(0.,0.,-1.));
#2820=DIRECTION('ref_axis',(1.,0.,0.));
#2821=DIRECTION('center_axis',(0.650772233872073,-0.276578198022096,-0.707106781186549));
#2822=DIRECTION('ref_axis',(-0.735809675186408,0.,-0.677188394689449));
#2823=DIRECTION('',(-0.39114063869956,-0.920330919157723,0.));
#2824=DIRECTION('',(0.39114063869956,0.920330919157723,0.));
#2825=DIRECTION('',(0.699884979991488,-0.142555356141516,0.699884979991484));
#2826=DIRECTION('center_axis',(0.707106781186546,7.45793917874787E-15,-0.707106781186549));
#2827=DIRECTION('ref_axis',(-0.707106781186549,0.,-0.707106781186546));
#2828=DIRECTION('',(-1.05471187339389E-14,1.,0.));
#2829=DIRECTION('center_axis',(-0.707106781186546,-7.45793917874787E-15,
0.707106781186549));
#2830=DIRECTION('ref_axis',(-0.707106781186549,0.,-0.707106781186546));
#2831=DIRECTION('',(1.05471187339389E-14,-1.,0.));
#2832=DIRECTION('center_axis',(0.,0.,1.));
#2833=DIRECTION('ref_axis',(1.,0.,0.));
#2834=DIRECTION('center_axis',(0.,0.,-1.));
#2835=DIRECTION('ref_axis',(-1.,0.,0.));
#2836=DIRECTION('center_axis',(0.,0.,-1.));
#2837=DIRECTION('ref_axis',(-1.,0.,0.));
#2838=DIRECTION('center_axis',(-1.,0.,0.));
#2839=DIRECTION('ref_axis',(0.,1.,0.));
#2840=DIRECTION('',(0.,0.,-1.));
#2841=DIRECTION('center_axis',(-0.707106781186547,-0.707106781186548,0.));
#2842=DIRECTION('ref_axis',(0.,0.,1.));
#2843=DIRECTION('',(0.,0.,1.));
#2844=DIRECTION('center_axis',(0.,-1.,0.));
#2845=DIRECTION('ref_axis',(-1.,0.,0.));
#2846=DIRECTION('',(0.,0.,-1.));
#2847=DIRECTION('center_axis',(0.,0.,-1.));
#2848=DIRECTION('ref_axis',(-1.,0.,0.));
#2849=DIRECTION('',(0.,0.,-1.));
#2850=DIRECTION('center_axis',(0.,0.,1.));
#2851=DIRECTION('ref_axis',(-1.,0.,0.));
#2852=DIRECTION('',(0.,0.,-1.));
#2853=DIRECTION('center_axis',(1.,0.,0.));
#2854=DIRECTION('ref_axis',(0.,-1.,0.));
#2855=DIRECTION('',(0.,0.,-1.));
#2856=DIRECTION('center_axis',(1.,1.05471187339389E-14,0.));
#2857=DIRECTION('ref_axis',(1.05471187339389E-14,-1.,0.));
#2858=DIRECTION('',(0.,0.,-1.));
#2859=DIRECTION('center_axis',(0.,0.,-1.));
#2860=DIRECTION('ref_axis',(1.,0.,0.));
#2861=DIRECTION('',(0.,0.,-1.));
#2862=DIRECTION('center_axis',(0.920330919157724,-0.39114063869956,0.));
#2863=DIRECTION('ref_axis',(-0.39114063869956,-0.920330919157723,0.));
#2864=DIRECTION('',(0.,0.,-1.));
#2865=DIRECTION('center_axis',(0.967159919199891,-0.254168626492849,0.));
#2866=DIRECTION('ref_axis',(-0.254168626492849,-0.96715991919989,0.));
#2867=DIRECTION('center_axis',(0.,0.,1.));
#2868=DIRECTION('ref_axis',(1.,0.,0.));
#2869=DIRECTION('center_axis',(0.,0.,-1.));
#2870=DIRECTION('ref_axis',(-1.,0.,0.));
#2871=DIRECTION('center_axis',(0.,0.,-1.));
#2872=DIRECTION('ref_axis',(-1.,0.,0.));
#2873=DIRECTION('center_axis',(0.,0.,-1.));
#2874=DIRECTION('ref_axis',(-1.,0.,0.));
#2875=DIRECTION('',(-0.707106781186548,8.65956056235493E-17,0.707106781186548));
#2876=DIRECTION('center_axis',(0.,0.,1.));
#2877=DIRECTION('ref_axis',(-1.,0.,0.));
#2878=DIRECTION('center_axis',(0.,0.,1.));
#2879=DIRECTION('ref_axis',(-1.,0.,0.));
#2880=DIRECTION('center_axis',(0.,0.,1.));
#2881=DIRECTION('ref_axis',(1.,0.,0.));
#2882=DIRECTION('',(0.,0.,1.));
#2883=DIRECTION('center_axis',(0.,0.,1.));
#2884=DIRECTION('ref_axis',(1.,0.,0.));
#2885=DIRECTION('center_axis',(0.,0.,-1.));
#2886=DIRECTION('ref_axis',(-1.,0.,0.));
#2887=DIRECTION('',(-0.707106781186547,8.65956056235493E-17,0.707106781186547));
#2888=DIRECTION('center_axis',(0.,0.,1.));
#2889=DIRECTION('ref_axis',(-1.,0.,0.));
#2890=DIRECTION('center_axis',(0.,0.,-1.));
#2891=DIRECTION('ref_axis',(-1.,0.,0.));
#2892=DIRECTION('',(0.,0.,1.));
#2893=DIRECTION('center_axis',(0.,0.,1.));
#2894=DIRECTION('ref_axis',(1.,0.,0.));
#2895=DIRECTION('center_axis',(1.,1.05471187339389E-14,0.));
#2896=DIRECTION('ref_axis',(1.05471187339389E-14,-1.,0.));
#2897=DIRECTION('',(0.,0.,-1.));
#2898=DIRECTION('center_axis',(0.,0.,-1.));
#2899=DIRECTION('ref_axis',(1.,0.,0.));
#2900=DIRECTION('',(0.,0.,-1.));
#2901=DIRECTION('center_axis',(-1.,-1.06124259706816E-16,0.));
#2902=DIRECTION('ref_axis',(-1.06124259706816E-16,1.,0.));
#2903=DIRECTION('',(0.,0.,-1.));
#2904=DIRECTION('center_axis',(-0.846854516881279,-0.531824620751781,0.));
#2905=DIRECTION('ref_axis',(-0.531824620751781,0.846854516881279,0.));
#2906=DIRECTION('',(0.,0.,-1.));
#2907=DIRECTION('center_axis',(-1.,8.55508740867065E-16,0.));
#2908=DIRECTION('ref_axis',(8.55508740867065E-16,1.,0.));
#2909=DIRECTION('',(0.,0.,-1.));
#2910=DIRECTION('center_axis',(0.,0.,-1.));
#2911=DIRECTION('ref_axis',(-1.,0.,0.));
#2912=DIRECTION('center_axis',(0.,0.,1.));
#2913=DIRECTION('ref_axis',(1.,0.,0.));
#2914=DIRECTION('center_axis',(0.,0.,1.));
#2915=DIRECTION('ref_axis',(1.,0.,0.));
#2916=DIRECTION('center_axis',(0.,0.,1.));
#2917=DIRECTION('ref_axis',(1.,0.,0.));
#2918=DIRECTION('center_axis',(0.,0.,1.));
#2919=DIRECTION('ref_axis',(1.,0.,0.));
#2920=CARTESIAN_POINT('',(0.,0.,0.));
#2921=CARTESIAN_POINT('Origin',(-16.75,-13.0000000000003,0.));
#2922=CARTESIAN_POINT('',(-12.75,-13.0000000000003,9.));
#2923=CARTESIAN_POINT('',(13.3357864376269,-13.,9.));
#2924=CARTESIAN_POINT('',(-7.87499999999998,-13.0000000000002,9.));
#2925=CARTESIAN_POINT('',(-12.75,-13.0000000000003,14.4823619097949));
#2926=CARTESIAN_POINT('',(-12.75,-13.0000000000003,8.5));
#2927=CARTESIAN_POINT('',(-13.6160254037845,-13.0000000000003,15.0947343454907));
#2928=CARTESIAN_POINT('',(-11.2545067592831,-13.0000000000003,13.4248884980653));
#2929=CARTESIAN_POINT('',(-13.75,-13.0000000000003,15.));
#2930=CARTESIAN_POINT('',(-18.9807960530501,-13.0000000000003,11.3012686398844));
#2931=CARTESIAN_POINT('',(-13.75,-13.0000000000003,0.5));
#2932=CARTESIAN_POINT('',(-13.75,-13.0000000000003,0.));
#2933=CARTESIAN_POINT('',(14.75,-13.,0.5));
#2934=CARTESIAN_POINT('',(-7.87499999999998,-13.0000000000002,0.5));
#2935=CARTESIAN_POINT('',(14.75,-13.,8.));
#2936=CARTESIAN_POINT('',(14.75,-13.,0.));
#2937=CARTESIAN_POINT('',(5.7683802302815,-13.0000000000001,14.3509642452071));
#2938=CARTESIAN_POINT('Origin',(0.999999999999939,1.49010959127338E-8,10.));
#2939=CARTESIAN_POINT('',(12.9215728752538,-12.,10.));
#2940=CARTESIAN_POINT('',(-4.7499999999987,-12.0000000000002,10.));
#2941=CARTESIAN_POINT('',(-7.87499999999999,-12.0000000000002,10.));
#2942=CARTESIAN_POINT('',(15.75,-9.1715728752538,10.));
#2943=CARTESIAN_POINT('',(13.6482864413522,-11.2732864339016,10.));
#2944=CARTESIAN_POINT('',(15.75,-3.5,10.));
#2945=CARTESIAN_POINT('',(15.75,-6.49999999254945,10.));
#2946=CARTESIAN_POINT('',(18.0428932188135,-3.5,10.));
#2947=CARTESIAN_POINT('',(8.87499999999997,-3.5,10.));
#2948=CARTESIAN_POINT('',(18.25,-3.29289321881345,10.));
#2949=CARTESIAN_POINT('',(14.708946613132,-6.83394660568147,10.));
#2950=CARTESIAN_POINT('',(18.25,3.29289321881346,10.));
#2951=CARTESIAN_POINT('',(18.25,-1.99999999254945,10.));
#2952=CARTESIAN_POINT('',(18.0428932188135,3.5,10.));
#2953=CARTESIAN_POINT('',(14.7089466056815,6.83394661313201,10.));
#2954=CARTESIAN_POINT('',(15.75,3.5,10.));
#2955=CARTESIAN_POINT('',(9.87499999999997,3.5,10.));
#2956=CARTESIAN_POINT('',(15.75,9.17157290505629,10.));
#2957=CARTESIAN_POINT('',(15.75,2.00000000745055,10.));
#2958=CARTESIAN_POINT('',(12.9215728752538,12.0000000298025,10.));
#2959=CARTESIAN_POINT('',(13.6482864413522,11.273286463704,10.));
#2960=CARTESIAN_POINT('',(-12.7500000000001,12.0000000298025,10.));
#2961=CARTESIAN_POINT('',(8.87499999999997,12.0000000298025,10.));
#2962=CARTESIAN_POINT('',(-12.7500000000001,-12.0000000000003,10.));
#2963=CARTESIAN_POINT('',(-12.7500000000001,-6.49999999254959,10.));
#2964=CARTESIAN_POINT('',(-7.87499999999999,-12.0000000000002,10.));
#2965=CARTESIAN_POINT('',(-9.74999999999875,-6.9999999701975,10.));
#2966=CARTESIAN_POINT('Origin',(-4.74999999999875,-6.9999999701975,10.));
#2967=CARTESIAN_POINT('Origin',(-4.74999999999875,-6.9999999701975,10.));
#2968=CARTESIAN_POINT('',(-8.4999999999989,5.0000000298025,10.));
#2969=CARTESIAN_POINT('Origin',(-4.7499999999989,5.0000000298025,10.));
#2970=CARTESIAN_POINT('',(2.25000000000118,-7.34788079488412E-16,10.));
#2971=CARTESIAN_POINT('Origin',(8.25000000000118,0.,10.));
#2972=CARTESIAN_POINT('Origin',(-13.1830127018923,2.12417827515221,22.4789154413323));
#2973=CARTESIAN_POINT('',(-12.7500000000001,10.8537356598606,16.));
#2974=CARTESIAN_POINT('',(-12.7500000000001,13.0000000298025,14.482361909795));
#2975=CARTESIAN_POINT('',(-12.7500000000001,1.9798407078548,22.2747912961003));
#2976=CARTESIAN_POINT('',(-13.6160254037845,13.0000000298025,15.0947343454908));
#2977=CARTESIAN_POINT('',(-1.53228453871658,13.0000000298025,6.55023923770028));
#2978=CARTESIAN_POINT('',(-13.6160254037845,10.4950161922534,16.8660254037844));
#2979=CARTESIAN_POINT('',(-13.6160254037845,2.26851584244961,22.6830395865642));
#2980=CARTESIAN_POINT('',(-13.6160254037845,10.4950161922534,16.8660254037844));
#2981=CARTESIAN_POINT('Origin',(-13.1830127018923,-10.7908449219509,16.3506566640242));
#2982=CARTESIAN_POINT('',(-13.6160254037845,-10.4950161624511,16.8660254037844));
#2983=CARTESIAN_POINT('',(-13.6160254037845,-10.9351824892483,16.5547808092562));
#2984=CARTESIAN_POINT('',(-12.75,-10.8537356300582,16.));
#2985=CARTESIAN_POINT('',(-12.75,-10.6465073546535,16.1465325187923));
#2986=CARTESIAN_POINT('',(-12.75,-10.8537356300582,16.));
#2987=CARTESIAN_POINT('Origin',(-13.25,-6.4999999925496,16.5));
#2988=CARTESIAN_POINT('',(-13.7500000000001,10.1715729050563,17.));
#2989=CARTESIAN_POINT('',(-13.75,-10.1715728752541,17.));
#2990=CARTESIAN_POINT('',(-13.75,-6.4999999925496,17.));
#2991=CARTESIAN_POINT('',(-14.5793672022505,-8.16930332739359,17.8293672022505));
#2992=CARTESIAN_POINT('',(-12.75,-6.4999999925496,16.));
#2993=CARTESIAN_POINT('',(-16.5839062907998,3.32991790331325,19.8339062907997));
#2994=CARTESIAN_POINT('Origin',(-12.75,-13.0000000000003,17.));
#2995=CARTESIAN_POINT('',(-12.75,-10.7500000000003,11.25));
#2996=CARTESIAN_POINT('',(-12.7500000000001,13.0000000298025,9.));
#2997=CARTESIAN_POINT('',(-12.7500000000001,4.25000002235177,17.7500000074507));
#2998=CARTESIAN_POINT('',(-12.7500000000001,13.0000000298025,8.5));
#2999=CARTESIAN_POINT('Origin',(-4.7499999999989,5.0000000298025,10.));
#3000=CARTESIAN_POINT('',(-2.8499999999989,5.0000000298025,17.2));
#3001=CARTESIAN_POINT('Origin',(-4.7499999999989,5.0000000298025,17.2));
#3002=CARTESIAN_POINT('',(-2.8499999999989,5.0000000298025,10.));
#3003=CARTESIAN_POINT('',(-2.8499999999989,5.0000000298025,10.));
#3004=CARTESIAN_POINT('Origin',(-4.7499999999989,5.0000000298025,10.));
#3005=CARTESIAN_POINT('Origin',(-4.7499999999989,5.0000000298025,10.));
#3006=CARTESIAN_POINT('',(-8.4999999999989,5.0000000298025,17.2));
#3007=CARTESIAN_POINT('Origin',(-4.7499999999989,5.0000000298025,17.2));
#3008=CARTESIAN_POINT('',(-8.4999999999989,5.0000000298025,10.));
#3009=CARTESIAN_POINT('Origin',(-4.7499999999989,5.0000000298025,17.2));
#3010=CARTESIAN_POINT('Origin',(-4.74999999999875,-6.9999999701975,10.));
#3011=CARTESIAN_POINT('',(-9.74999999999875,-6.9999999701975,5.8));
#3012=CARTESIAN_POINT('',(-9.74999999999875,-6.9999999701975,10.));
#3013=CARTESIAN_POINT('Origin',(-4.74999999999875,-6.9999999701975,5.8));
#3014=CARTESIAN_POINT('Origin',(-4.74999999999875,-6.9999999701975,5.8));
#3015=CARTESIAN_POINT('Origin',(-16.5428932225387,-8.79289321508851,16.));
#3016=CARTESIAN_POINT('',(-16.25,-7.67157287525409,17.));
#3017=CARTESIAN_POINT('',(-15.8357864413522,-8.08578643390196,17.));
#3018=CARTESIAN_POINT('',(-16.75,-7.87867965644064,16.5));
#3019=CARTESIAN_POINT('',(-16.25,-7.67157287525409,17.));
#3020=CARTESIAN_POINT('',(-16.75,-10.0000000000003,15.));
#3021=CARTESIAN_POINT('',(-16.75,-5.23079604063267,18.3723364605306));
#3022=CARTESIAN_POINT('',(-17.2500000037252,-9.49999999627506,15.));
#3023=CARTESIAN_POINT('Origin',(-11.7499999999996,1.49010914718417E-8,17.));
#3024=CARTESIAN_POINT('',(-16.2500000000001,7.67157290505627,17.));
#3025=CARTESIAN_POINT('',(-15.8357864413522,8.08578646370414,17.));
#3026=CARTESIAN_POINT('',(-16.2500000000001,6.50000002235177,17.));
#3027=CARTESIAN_POINT('Origin',(-16.5428932225388,8.79289324489068,16.));
#3028=CARTESIAN_POINT('',(-13.7500000000001,13.0000000298025,15.));
#3029=CARTESIAN_POINT('',(-7.81412938638355,13.0000000298025,19.1972943631342));
#3030=CARTESIAN_POINT('',(-16.7500000000001,10.0000000298025,15.));
#3031=CARTESIAN_POINT('',(-17.2500000037253,9.50000002607723,15.));
#3032=CARTESIAN_POINT('',(-16.7500000000001,7.87867968624282,16.5));
#3033=CARTESIAN_POINT('',(-16.7500000000001,13.8974627470358,12.2440776832226));
#3034=CARTESIAN_POINT('',(-16.2500000000001,7.67157290505627,17.));
#3035=CARTESIAN_POINT('Origin',(16.75,13.0000000298025,0.));
#3036=CARTESIAN_POINT('',(13.3357864376269,13.0000000298025,9.));
#3037=CARTESIAN_POINT('',(8.87499999999997,13.0000000298025,9.));
#3038=CARTESIAN_POINT('',(14.75,13.0000000298025,8.));
#3039=CARTESIAN_POINT('',(16.9350468969482,13.0000000298025,6.4549385219573));
#3040=CARTESIAN_POINT('',(14.75,13.0000000298025,0.5));
#3041=CARTESIAN_POINT('',(14.75,13.0000000298025,0.));
#3042=CARTESIAN_POINT('',(-13.7500000000001,13.0000000298025,0.5));
#3043=CARTESIAN_POINT('',(8.87499999999997,13.0000000298025,0.5));
#3044=CARTESIAN_POINT('',(-13.7500000000001,13.0000000298025,0.));
#3045=CARTESIAN_POINT('Origin',(8.25000000000118,0.,0.25));
#3046=CARTESIAN_POINT('',(5.15000000000118,-3.7964050773568E-16,0.5));
#3047=CARTESIAN_POINT('Origin',(8.25000000000118,0.,0.5));
#3048=CARTESIAN_POINT('',(4.90000000000118,4.10256677714363E-16,0.));
#3049=CARTESIAN_POINT('',(5.02500000000118,3.94948592725021E-16,0.25));
#3050=CARTESIAN_POINT('Origin',(8.25000000000118,0.,0.));
#3051=CARTESIAN_POINT('Origin',(0.999999999999939,1.49010959127338E-8,0.));
#3052=CARTESIAN_POINT('',(-13.6464466094068,12.7500000298025,0.));
#3053=CARTESIAN_POINT('',(-16.5000000000001,9.89644663920918,0.));
#3054=CARTESIAN_POINT('',(-13.8857233084288,12.5107233307805,0.));
#3055=CARTESIAN_POINT('',(14.6464466094067,12.7500000298025,0.));
#3056=CARTESIAN_POINT('',(8.87499999999997,12.7500000298025,0.));
#3057=CARTESIAN_POINT('',(16.5,10.8964466392092,0.));
#3058=CARTESIAN_POINT('',(14.8857233084287,12.5107233307805,0.));
#3059=CARTESIAN_POINT('',(16.5,3.75,0.));
#3060=CARTESIAN_POINT('',(16.5,2.00000000745055,0.));
#3061=CARTESIAN_POINT('',(18.1464466094067,3.75,0.));
#3062=CARTESIAN_POINT('',(9.87499999999997,3.75,0.));
#3063=CARTESIAN_POINT('',(18.5,3.39644660940673,0.));
#3064=CARTESIAN_POINT('',(14.8857233009781,7.01072330842865,0.));
#3065=CARTESIAN_POINT('',(18.5,-3.39644660940673,0.));
#3066=CARTESIAN_POINT('',(18.5,-1.99999999254945,0.));
#3067=CARTESIAN_POINT('',(18.1464466094067,-3.75,0.));
#3068=CARTESIAN_POINT('',(14.8857233084286,-7.0107233009781,0.));
#3069=CARTESIAN_POINT('',(16.5,-3.75,0.));
#3070=CARTESIAN_POINT('',(8.87499999999997,-3.75,0.));
#3071=CARTESIAN_POINT('',(16.5,-10.8964466094067,0.));
#3072=CARTESIAN_POINT('',(16.5,-6.49999999254945,0.));
#3073=CARTESIAN_POINT('',(14.6464466094067,-12.75,0.));
#3074=CARTESIAN_POINT('',(14.8857233084287,-12.5107233009781,0.));
#3075=CARTESIAN_POINT('',(-13.6464466094067,-12.7500000000003,0.));
#3076=CARTESIAN_POINT('',(-7.87499999999998,-12.7500000000002,0.));
#3077=CARTESIAN_POINT('',(-16.5,-9.896446609407,0.));
#3078=CARTESIAN_POINT('',(-13.8857233084287,-12.5107233009783,0.));
#3079=CARTESIAN_POINT('',(-16.5,-6.45,0.));
#3080=CARTESIAN_POINT('',(-16.5000000000001,6.50000002235174,0.));
#3081=CARTESIAN_POINT('',(-13.5,-6.44999999999999,0.));
#3082=CARTESIAN_POINT('',(-7.87500000000003,-6.44999999999997,0.));
#3083=CARTESIAN_POINT('',(-13.5000000000001,6.45000000000001,0.));
#3084=CARTESIAN_POINT('',(-13.5,-3.09999999254948,0.));
#3085=CARTESIAN_POINT('',(-16.5000000000001,6.44999999999999,0.));
#3086=CARTESIAN_POINT('',(-6.37500000000009,6.45000000000004,0.));
#3087=CARTESIAN_POINT('',(-16.5000000000001,6.50000002235174,0.));
#3088=CARTESIAN_POINT('Origin',(8.25000000000118,0.,0.));
#3089=CARTESIAN_POINT('',(5.15000000000118,-3.7964050773568E-16,4.));
#3090=CARTESIAN_POINT('',(5.15000000000118,-3.7964050773568E-16,0.));
#3091=CARTESIAN_POINT('Origin',(8.25000000000118,0.,4.));
#3092=CARTESIAN_POINT('Origin',(8.87499999999997,-3.875,0.25));
#3093=CARTESIAN_POINT('',(18.25,-4.,0.5));
#3094=CARTESIAN_POINT('',(16.75,-4.,0.5));
#3095=CARTESIAN_POINT('',(8.87499999999997,-4.,0.5));
#3096=CARTESIAN_POINT('',(16.75,-4.,0.5));
#3097=CARTESIAN_POINT('',(18.1464466094067,-3.75,0.));
#3098=CARTESIAN_POINT('Origin',(18.625,-1.99999999254945,0.25));
#3099=CARTESIAN_POINT('',(18.75,3.5,0.5));
#3100=CARTESIAN_POINT('',(18.5,3.39644660940673,0.));
#3101=CARTESIAN_POINT('',(18.75,-3.5,0.5));
#3102=CARTESIAN_POINT('',(18.75,-1.99999999254945,0.5));
#3103=CARTESIAN_POINT('',(18.75,-3.5,0.5));
#3104=CARTESIAN_POINT('Origin',(9.87499999999997,3.875,0.25));
#3105=CARTESIAN_POINT('',(16.75,4.,0.5));
#3106=CARTESIAN_POINT('',(16.5,3.75,0.));
#3107=CARTESIAN_POINT('',(18.25,4.,0.5));
#3108=CARTESIAN_POINT('',(9.87499999999997,4.,0.5));
#3109=CARTESIAN_POINT('',(18.25,4.,0.5));
#3110=CARTESIAN_POINT('Origin',(16.625,2.00000000745055,0.25));
#3111=CARTESIAN_POINT('',(16.75,11.0000000298025,0.5));
#3112=CARTESIAN_POINT('',(16.5,10.8964466392092,0.));
#3113=CARTESIAN_POINT('',(16.75,2.00000000745055,0.5));
#3114=CARTESIAN_POINT('Origin',(-16.25,-6.2,0.5));
#3115=CARTESIAN_POINT('',(-16.75,-6.70000000000001,0.5));
#3116=CARTESIAN_POINT('',(-16.75,-6.70000000000001,0.5));
#3117=CARTESIAN_POINT('',(-16.25,-6.2,0.5));
#3118=CARTESIAN_POINT('',(-16.25,-6.2,0.5));
#3119=CARTESIAN_POINT('',(-16.5,-6.45,0.));
#3120=CARTESIAN_POINT('Origin',(-7.87500000000003,-6.32499999999997,0.25));
#3121=CARTESIAN_POINT('',(-13.75,-6.19999999999999,0.5));
#3122=CARTESIAN_POINT('',(-7.87500000000003,-6.19999999999997,0.5));
#3123=CARTESIAN_POINT('',(-13.75,-6.19999999999999,0.5));
#3124=CARTESIAN_POINT('Origin',(-16.5,-6.45000000000001,0.));
#3125=CARTESIAN_POINT('',(-16.25,-6.2,8.5));
#3126=CARTESIAN_POINT('',(-16.25,-6.2,0.));
#3127=CARTESIAN_POINT('',(-16.75,-6.70000000000001,9.));
#3128=CARTESIAN_POINT('',(-16.75,-6.70000000000001,0.));
#3129=CARTESIAN_POINT('',(-16.75,-6.70000000000001,9.));
#3130=CARTESIAN_POINT('Origin',(-13.9741116560771,12.5991116784288,0.25));
#3131=CARTESIAN_POINT('',(-16.7500000000001,10.0000000298025,0.5));
#3132=CARTESIAN_POINT('',(-16.5000000000001,9.89644663920918,0.));
#3133=CARTESIAN_POINT('',(-14.0625000037255,12.6875000260771,0.5));
#3134=CARTESIAN_POINT('',(-13.7500000000001,13.0000000298025,0.5));
#3135=CARTESIAN_POINT('Origin',(-16.5000000000001,6.45,0.));
#3136=CARTESIAN_POINT('',(-16.7500000000001,6.69999999999999,0.5));
#3137=CARTESIAN_POINT('',(-16.2500000000001,6.2,0.5));
#3138=CARTESIAN_POINT('',(-16.7500000000001,6.69999999999999,0.5));
#3139=CARTESIAN_POINT('',(-16.5000000000001,6.45,0.));
#3140=CARTESIAN_POINT('',(-16.2500000000001,6.2,0.5));
#3141=CARTESIAN_POINT('Origin',(-16.6250000000001,6.50000002235174,0.25));
#3142=CARTESIAN_POINT('',(-16.7500000000001,6.50000002235174,0.5));
#3143=CARTESIAN_POINT('Origin',(-6.37500000000009,6.32500000000004,0.25));
#3144=CARTESIAN_POINT('',(-13.7500000000001,6.20000000000001,0.5));
#3145=CARTESIAN_POINT('',(-6.37500000000009,6.20000000000004,0.5));
#3146=CARTESIAN_POINT('',(-13.5000000000001,6.45000000000001,0.));
#3147=CARTESIAN_POINT('Origin',(-16.5000000000001,6.45,0.));
#3148=CARTESIAN_POINT('',(-16.7500000000001,6.69999999999999,9.));
#3149=CARTESIAN_POINT('',(-16.7500000000001,6.69999999999999,0.));
#3150=CARTESIAN_POINT('',(-16.2500000000001,6.2,8.5));
#3151=CARTESIAN_POINT('',(-16.2500000000001,6.2,0.));
#3152=CARTESIAN_POINT('',(-16.2500000000001,6.2,8.5));
#3153=CARTESIAN_POINT('Origin',(-16.5000000000001,6.50000001490123,8.75));
#3154=CARTESIAN_POINT('',(-16.7500000000001,6.50000001490123,9.));
#3155=CARTESIAN_POINT('',(-16.2500000000001,6.50000001490123,8.5));
#3156=CARTESIAN_POINT('Origin',(-13.625,-3.09999999254948,0.25));
#3157=CARTESIAN_POINT('',(-13.75,-3.09999999254948,0.5));
#3158=CARTESIAN_POINT('Origin',(8.87499999999997,12.8750000298025,0.25));
#3159=CARTESIAN_POINT('',(14.75,13.0000000298025,0.5));
#3160=CARTESIAN_POINT('Origin',(-16.6250000000001,6.50000002235174,0.25));
#3161=CARTESIAN_POINT('',(-16.75,-10.0000000000003,0.5));
#3162=CARTESIAN_POINT('',(-16.7500000000001,6.50000002235174,0.5));
#3163=CARTESIAN_POINT('',(-16.5,-9.896446609407,0.));
#3164=CARTESIAN_POINT('Origin',(14.974111656077,12.5991116784288,0.25));
#3165=CARTESIAN_POINT('',(15.0625000037253,12.6875000260771,0.5));
#3166=CARTESIAN_POINT('Origin',(-13.974111656077,-12.5991116486266,0.25));
#3167=CARTESIAN_POINT('',(-14.0625000037253,-12.6874999962749,0.5));
#3168=CARTESIAN_POINT('',(-13.6464466094067,-12.7500000000003,0.));
#3169=CARTESIAN_POINT('Origin',(-7.87499999999998,-12.8750000000002,0.25));
#3170=CARTESIAN_POINT('',(14.6464466094067,-12.75,0.));
#3171=CARTESIAN_POINT('Origin',(14.974111656077,-12.5991116486264,0.25));
#3172=CARTESIAN_POINT('',(16.75,-11.,0.5));
#3173=CARTESIAN_POINT('',(15.0625000037253,-12.6874999962747,0.5));
#3174=CARTESIAN_POINT('',(16.5,-10.8964466094067,0.));
#3175=CARTESIAN_POINT('Origin',(14.9741116486264,7.09911165607697,0.25));
#3176=CARTESIAN_POINT('',(15.0624999962747,7.18750000372529,0.5));
#3177=CARTESIAN_POINT('Origin',(16.625,-6.49999999254945,0.25));
#3178=CARTESIAN_POINT('',(16.75,-6.49999999254945,0.5));
#3179=CARTESIAN_POINT('Origin',(14.9741116560769,-7.09911164862642,0.25));
#3180=CARTESIAN_POINT('',(15.0625000037253,-7.18749999627474,0.5));
#3181=CARTESIAN_POINT('Origin',(16.75,-4.,0.));
#3182=CARTESIAN_POINT('',(18.25,-4.,9.5));
#3183=CARTESIAN_POINT('',(18.25,-4.,0.));
#3184=CARTESIAN_POINT('',(16.25,-4.,9.5));
#3185=CARTESIAN_POINT('',(8.87499999999997,-4.,9.5));
#3186=CARTESIAN_POINT('',(16.75,-4.,9.));
#3187=CARTESIAN_POINT('',(18.75,-4.,7.));
#3188=CARTESIAN_POINT('',(16.75,-4.,0.));
#3189=CARTESIAN_POINT('Origin',(18.5,-3.75,0.));
#3190=CARTESIAN_POINT('',(18.75,-3.5,9.5));
#3191=CARTESIAN_POINT('',(18.75,-3.5,0.));
#3192=CARTESIAN_POINT('',(15.0625000037253,-7.18749999627474,9.5));
#3193=CARTESIAN_POINT('Origin',(18.75,-4.,0.));
#3194=CARTESIAN_POINT('',(18.75,3.5,9.5));
#3195=CARTESIAN_POINT('',(18.75,3.5,0.));
#3196=CARTESIAN_POINT('',(18.75,-1.99999999254945,9.5));
#3197=CARTESIAN_POINT('Origin',(18.5,3.75,0.));
#3198=CARTESIAN_POINT('',(18.25,4.,9.5));
#3199=CARTESIAN_POINT('',(18.25,4.,0.));
#3200=CARTESIAN_POINT('',(15.0624999962747,7.18750000372529,9.5));
#3201=CARTESIAN_POINT('Origin',(18.75,4.,0.));
#3202=CARTESIAN_POINT('',(16.75,4.,9.));
#3203=CARTESIAN_POINT('',(16.75,4.,0.));
#3204=CARTESIAN_POINT('',(16.25,4.,9.5));
#3205=CARTESIAN_POINT('',(19.25,4.,6.5));
#3206=CARTESIAN_POINT('',(9.87499999999997,4.,9.5));
#3207=CARTESIAN_POINT('Origin',(16.75,4.,0.));
#3208=CARTESIAN_POINT('',(16.75,11.0000000298025,8.));
#3209=CARTESIAN_POINT('',(16.75,11.0000000298025,0.));
#3210=CARTESIAN_POINT('',(16.75,9.58578646742938,9.));
#3211=CARTESIAN_POINT('',(16.75,10.6433802476663,8.25216826625376));
#3212=CARTESIAN_POINT('',(16.75,2.00000000745055,9.));
#3213=CARTESIAN_POINT('Origin',(15.75,12.0000000298025,0.));
#3214=CARTESIAN_POINT('',(15.0625000037253,12.6875000260771,8.));
#3215=CARTESIAN_POINT('Origin',(-15.2500000000001,11.5000000298025,0.));
#3216=CARTESIAN_POINT('',(-16.7500000000001,10.0000000298025,0.));
#3217=CARTESIAN_POINT('Origin',(-15.2500000000001,1.11022302462516E-15,
8.5));
#3218=CARTESIAN_POINT('',(-13.7500000000001,6.20000000000001,8.5));
#3219=CARTESIAN_POINT('',(-13.7500000000001,6.20000000000001,8.5));
#3220=CARTESIAN_POINT('',(-13.75,-6.19999999999999,8.5));
#3221=CARTESIAN_POINT('',(-13.7500000000001,6.20000000000001,8.5));
#3222=CARTESIAN_POINT('',(-13.75,-6.19999999999999,8.5));
#3223=CARTESIAN_POINT('Origin',(-13.7500000000001,6.20000000000001,0.));
#3224=CARTESIAN_POINT('',(-13.7500000000001,6.20000000000001,0.));
#3225=CARTESIAN_POINT('Origin',(8.25000000000118,0.,9.75));
#3226=CARTESIAN_POINT('',(2.75000000000118,6.73555739531044E-16,9.5));
#3227=CARTESIAN_POINT('Origin',(8.25000000000118,0.,9.5));
#3228=CARTESIAN_POINT('',(2.50000000000118,-7.04171909509728E-16,9.75));
#3229=CARTESIAN_POINT('Origin',(0.999999999999939,1.49010959127338E-8,10.));
#3230=CARTESIAN_POINT('Origin',(8.25000000000118,0.,4.));
#3231=CARTESIAN_POINT('',(2.75000000000118,-6.73555739531044E-16,4.));
#3232=CARTESIAN_POINT('Origin',(8.25000000000118,0.,4.));
#3233=CARTESIAN_POINT('',(2.75000000000118,-6.73555739531044E-16,4.));
#3234=CARTESIAN_POINT('Origin',(9.87499999999997,3.75,9.75));
#3235=CARTESIAN_POINT('',(18.0428932188135,3.5,10.));
#3236=CARTESIAN_POINT('',(15.75,3.5,10.));
#3237=CARTESIAN_POINT('Origin',(14.8857233009781,7.01072330842865,9.75));
#3238=CARTESIAN_POINT('',(18.25,3.29289321881346,10.));
#3239=CARTESIAN_POINT('Origin',(18.5,-1.99999999254945,9.75));
#3240=CARTESIAN_POINT('',(18.25,-3.29289321881345,10.));
#3241=CARTESIAN_POINT('Origin',(14.8857233084286,-7.0107233009781,9.75));
#3242=CARTESIAN_POINT('',(18.0428932188135,-3.5,10.));
#3243=CARTESIAN_POINT('Origin',(8.87499999999997,12.5000000298025,9.5));
#3244=CARTESIAN_POINT('',(12.9215728752538,12.0000000298025,10.));
#3245=CARTESIAN_POINT('Origin',(8.87499999999997,-3.75,9.75));
#3246=CARTESIAN_POINT('',(15.75,-3.5,10.));
#3247=CARTESIAN_POINT('Origin',(16.25,-6.49999999254945,9.5));
#3248=CARTESIAN_POINT('',(16.75,-9.5857864376269,9.));
#3249=CARTESIAN_POINT('',(15.75,-9.1715728752538,10.));
#3250=CARTESIAN_POINT('',(16.75,-6.49999999254945,9.));
#3251=CARTESIAN_POINT('Origin',(14.3553932225387,-11.9803932150882,9.));
#3252=CARTESIAN_POINT('',(12.9215728752538,-12.,10.));
#3253=CARTESIAN_POINT('',(16.75,-11.,8.));
#3254=CARTESIAN_POINT('',(15.0625000037253,-12.6874999962747,8.));
#3255=CARTESIAN_POINT('',(16.75,-13.643380227798,6.1308479156696));
#3256=CARTESIAN_POINT('Origin',(-7.87499999999998,-12.5000000000002,9.5));
#3257=CARTESIAN_POINT('Origin',(-16.5000000000001,6.50000002235176,16.75));
#3258=CARTESIAN_POINT('',(-16.7500000000001,6.50000002235176,16.5));
#3259=CARTESIAN_POINT('Origin',(14.3553932225388,11.9803932448906,9.));
#3260=CARTESIAN_POINT('',(15.75,9.17157290505629,10.));
#3261=CARTESIAN_POINT('Origin',(16.25,2.00000000745055,9.5));
#3262=CARTESIAN_POINT('Origin',(-15.25,-11.5000000000003,0.));
#3263=CARTESIAN_POINT('',(-16.75,-10.0000000000003,0.));
#3264=CARTESIAN_POINT('Origin',(-16.7500000000001,13.0000000298025,0.));
#3265=CARTESIAN_POINT('Origin',(15.75,-12.,0.));
#3266=CARTESIAN_POINT('',(16.75,-11.,0.));
#3267=CARTESIAN_POINT('Origin',(-16.75,-6.20000000000001,0.));
#3268=CARTESIAN_POINT('',(-13.75,-6.19999999999999,0.));
#3269=CARTESIAN_POINT('Origin',(-13.75,-6.19999999999999,0.));
#3270=CARTESIAN_POINT('Origin',(8.25000000000118,0.,4.));
#3271=CARTESIAN_POINT('Origin',(16.75,-13.,0.));
#3272=CARTESIAN_POINT('Origin',(-12.3,-16.6749999776479,10.25));
#3273=CARTESIAN_POINT('',(-12.55,-11.9999999701975,10.5));
#3274=CARTESIAN_POINT('',(-12.5500000000001,5.0000000298025,10.5));
#3275=CARTESIAN_POINT('',(-12.55,-16.6749999776479,10.5));
#3276=CARTESIAN_POINT('',(-12.0500000000001,5.0000000298025,10.));
#3277=CARTESIAN_POINT('',(-12.5500000000001,5.0000000298025,10.5));
#3278=CARTESIAN_POINT('',(-12.0500000000001,-11.8560187805882,10.));
#3279=CARTESIAN_POINT('',(-12.0500000000001,-16.6749999776479,10.));
#3280=CARTESIAN_POINT('',(-12.0500000000001,-11.8560187805882,10.));
#3281=CARTESIAN_POINT('Origin',(-9.33697224497273,-16.646206578152,10.25));
#3282=CARTESIAN_POINT('',(-11.4219999999998,-12.856018810391,10.));
#3283=CARTESIAN_POINT('',(-9.12525861575241,-16.513250422964,10.));
#3284=CARTESIAN_POINT('',(-11.9219999999998,-13.0000000000003,10.5));
#3285=CARTESIAN_POINT('',(-11.4219999999998,-12.856018810391,10.));
#3286=CARTESIAN_POINT('',(-9.54868587419305,-16.7791627333399,10.5));
#3287=CARTESIAN_POINT('Origin',(2.80000000000226,5.00000002980258,16.75));
#3288=CARTESIAN_POINT('',(2.55000000000229,1.87349939952291,17.));
#3289=CARTESIAN_POINT('',(3.05000000000228,2.99332590942107,16.5));
#3290=CARTESIAN_POINT('Origin',(8.25000000000118,0.,11.3000000000012));
#3291=CARTESIAN_POINT('',(3.05000000000226,5.0000000298025,16.5));
#3292=CARTESIAN_POINT('',(3.05000000000226,5.00000002980259,16.5));
#3293=CARTESIAN_POINT('',(2.55000000000226,5.00000002980249,17.));
#3294=CARTESIAN_POINT('',(3.05000000000226,5.0000000298025,16.5));
#3295=CARTESIAN_POINT('',(2.55000000000226,5.00000002980258,17.));
#3296=CARTESIAN_POINT('Origin',(-4.7499999999989,5.0000000298025,16.75));
#3297=CARTESIAN_POINT('',(-12.5500000000001,5.0000000298025,16.5));
#3298=CARTESIAN_POINT('',(-12.0500000000001,5.0000000298025,17.));
#3299=CARTESIAN_POINT('',(-12.5500000000001,5.0000000298025,16.5));
#3300=CARTESIAN_POINT('Origin',(-4.7499999999989,5.0000000298025,17.));
#3301=CARTESIAN_POINT('Origin',(-4.7499999999989,5.0000000298025,16.5));
#3302=CARTESIAN_POINT('Origin',(-12.3,-3.4999999701975,16.75));
#3303=CARTESIAN_POINT('',(-12.0500000000001,-11.8560187805882,17.));
#3304=CARTESIAN_POINT('',(-12.0500000000001,-3.4999999701975,17.));
#3305=CARTESIAN_POINT('',(-12.55,-11.9999999701975,16.5));
#3306=CARTESIAN_POINT('',(-12.55,-3.4999999701975,16.5));
#3307=CARTESIAN_POINT('',(-12.55,-11.9999999701975,16.5));
#3308=CARTESIAN_POINT('Origin',(-19.4248930279161,-45.9819122454007,10.5));
#3309=CARTESIAN_POINT('',(-19.4248930279161,-45.9819122454007,10.5));
#3310=CARTESIAN_POINT('',(-19.9219999999999,-46.4282032302757,10.5));
#3311=CARTESIAN_POINT('',(-19.4248930279161,-45.9819122454007,10.5));
#3312=CARTESIAN_POINT('',(-19.4219999999999,-46.4833147735481,10.));
#3313=CARTESIAN_POINT('Ctrl Pts',(-19.4248930279161,-45.9819122454007,10.5));
#3314=CARTESIAN_POINT('Ctrl Pts',(-19.4235432578358,-46.2246437073396,10.2579927176438));
#3315=CARTESIAN_POINT('Ctrl Pts',(-19.4219999999998,-46.4833147735481,9.99999999999999));
#3316=CARTESIAN_POINT('',(-19.9219999999999,-46.4282032302757,10.5));
#3317=CARTESIAN_POINT('Origin',(-18.9219999999999,-39.0000000000002,10.25));
#3318=CARTESIAN_POINT('',(-11.9219999999999,-39.0000000000002,10.5));
#3319=CARTESIAN_POINT('',(-11.4219999999999,-39.0000000000002,10.));
#3320=CARTESIAN_POINT('',(-11.9219999999999,-39.0000000000002,10.5));
#3321=CARTESIAN_POINT('Origin',(-18.9219999999999,-39.0000000000002,10.));
#3322=CARTESIAN_POINT('Origin',(-18.9219999999999,-39.0000000000002,10.5));
#3323=CARTESIAN_POINT('Origin',(-11.6719999999998,-30.1749999925493,10.25));
#3324=CARTESIAN_POINT('',(-11.4219999999998,-30.1749999925493,10.));
#3325=CARTESIAN_POINT('',(-11.9219999999998,-30.1749999925493,10.5));
#3326=CARTESIAN_POINT('Origin',(-19.6719999999999,-38.4249999925493,10.25));
#3327=CARTESIAN_POINT('',(-19.9219999999999,-52.5000000000003,10.5));
#3328=CARTESIAN_POINT('',(-19.9219999999999,-38.4249999925493,10.5));
#3329=CARTESIAN_POINT('',(-19.4219999999999,-52.2928932188138,10.));
#3330=CARTESIAN_POINT('',(-19.4219999999999,-38.4249999925493,10.));
#3331=CARTESIAN_POINT('',(-19.4219999999999,-52.2928932188138,10.));
#3332=CARTESIAN_POINT('Origin',(-14.7494341038668,-8.02763648229434,16.75));
#3333=CARTESIAN_POINT('',(-11.9219999999998,-13.0000000000003,16.5));
#3334=CARTESIAN_POINT('',(-14.9611477330872,-8.16059263748228,16.5));
#3335=CARTESIAN_POINT('',(-11.4219999999998,-12.856018810391,17.));
#3336=CARTESIAN_POINT('',(-11.9219999999998,-13.0000000000003,16.5));
#3337=CARTESIAN_POINT('',(-14.5377204746465,-7.89468032710639,17.));
#3338=CARTESIAN_POINT('Origin',(-19.4219999999999,-46.4833147735481,17.));
#3339=CARTESIAN_POINT('',(-19.4219999999999,-46.4833147735481,17.));
#3340=CARTESIAN_POINT('',(-19.9219999999999,-46.4282032302757,16.5));
#3341=CARTESIAN_POINT('',(-19.4219999999999,-46.4833147735481,17.));
#3342=CARTESIAN_POINT('',(-19.4248930279161,-45.9819122454007,16.5));
#3343=CARTESIAN_POINT('Ctrl Pts',(-19.4219999999998,-46.4833147735481,17.));
#3344=CARTESIAN_POINT('Ctrl Pts',(-19.4235432578359,-46.2246437073398,16.7420072823563));
#3345=CARTESIAN_POINT('Ctrl Pts',(-19.4248930279161,-45.9819122454007,16.5));
#3346=CARTESIAN_POINT('',(-19.9219999999999,-46.4282032302757,16.5));
#3347=CARTESIAN_POINT('Origin',(-11.6719999999998,-16.9999999850989,16.75));
#3348=CARTESIAN_POINT('',(-11.9219999999999,-39.0000000000002,16.5));
#3349=CARTESIAN_POINT('',(-11.9219999999998,-16.9999999850989,16.5));
#3350=CARTESIAN_POINT('',(-11.4219999999998,-39.0000000000002,17.));
#3351=CARTESIAN_POINT('',(-11.9219999999999,-39.0000000000002,16.5));
#3352=CARTESIAN_POINT('',(-11.4219999999998,-16.9999999850989,17.));
#3353=CARTESIAN_POINT('Origin',(-18.9219999999999,-39.0000000000002,16.75));
#3354=CARTESIAN_POINT('Origin',(-18.9219999999999,-39.0000000000002,16.5));
#3355=CARTESIAN_POINT('Origin',(-18.9219999999999,-39.0000000000002,17.));
#3356=CARTESIAN_POINT('Origin',(-19.673446513958,-46.2050577378382,17.));
#3357=CARTESIAN_POINT('',(-19.9219999999999,-46.4282032302757,17.));
#3358=CARTESIAN_POINT('',(-19.4248930279161,-45.9819122454007,17.));
#3359=CARTESIAN_POINT('Origin',(-9.83599999999938,-55.2500000000003,16.75));
#3360=CARTESIAN_POINT('',(-15.4219999999999,-55.0000000000003,17.));
#3361=CARTESIAN_POINT('',(-16.7148932188133,-55.0000000000003,17.));
#3362=CARTESIAN_POINT('',(-9.83599999999938,-55.0000000000003,17.));
#3363=CARTESIAN_POINT('',(-16.9219999999999,-55.5000000000003,16.5));
#3364=CARTESIAN_POINT('',(-16.7148932188133,-55.0000000000003,17.));
#3365=CARTESIAN_POINT('',(-14.9219999999999,-55.5000000000003,16.5));
#3366=CARTESIAN_POINT('',(-9.83599999999938,-55.5000000000003,16.5));
#3367=CARTESIAN_POINT('',(-14.9219999999999,-55.5000000000003,16.5));
#3368=CARTESIAN_POINT('Origin',(-29.5772233121537,-42.4912232972532,16.75));
#3369=CARTESIAN_POINT('',(-19.9219999999999,-52.5000000000003,16.5));
#3370=CARTESIAN_POINT('',(-29.7540000074503,-42.6679999925499,16.5));
#3371=CARTESIAN_POINT('',(-19.4219999999999,-52.2928932188138,17.));
#3372=CARTESIAN_POINT('',(-29.400446616857,-42.3144466019566,17.));
#3373=CARTESIAN_POINT('',(-19.4219999999999,-52.2928932188138,17.));
#3374=CARTESIAN_POINT('Origin',(-15.1719999999999,-22.7499999850989,16.75));
#3375=CARTESIAN_POINT('',(-15.4219999999999,-50.1388601004825,17.));
#3376=CARTESIAN_POINT('',(-15.4219999999999,-22.7499999850989,17.));
#3377=CARTESIAN_POINT('',(-14.9219999999999,-50.5000000000003,16.5));
#3378=CARTESIAN_POINT('',(-14.9219999999999,-22.7499999850989,16.5));
#3379=CARTESIAN_POINT('Ctrl Pts',(-14.9219999999998,-50.5000000000003,16.5));
#3380=CARTESIAN_POINT('Ctrl Pts',(-15.0891762920478,-50.3811478953659,16.6671762920479));
#3381=CARTESIAN_POINT('Ctrl Pts',(-15.25592365693,-50.260758233053,16.8339236569301));
#3382=CARTESIAN_POINT('Ctrl Pts',(-15.4219999999999,-50.1388601004825,17.));
#3383=CARTESIAN_POINT('Origin',(-19.6719999999999,-25.2499999850989,16.75));
#3384=CARTESIAN_POINT('',(-19.4219999999999,-25.2499999850989,17.));
#3385=CARTESIAN_POINT('',(-19.9219999999999,-25.2499999850989,16.5));
#3386=CARTESIAN_POINT('Origin',(-18.9219999999999,-39.0000000000002,16.75));
#3387=CARTESIAN_POINT('',(-7.14605845145577,-42.0947052598394,16.5));
#3388=CARTESIAN_POINT('Origin',(-18.9219999999999,-39.0000000000002,16.5));
#3389=CARTESIAN_POINT('',(-7.62963841105571,-41.9676209465929,17.));
#3390=CARTESIAN_POINT('',(-7.14605845145577,-42.0947052598394,16.5));
#3391=CARTESIAN_POINT('Origin',(-18.9219999999999,-39.0000000000002,17.));
#3392=CARTESIAN_POINT('Origin',(2.30102596015106,-5.16315502986515,16.75));
#3393=CARTESIAN_POINT('',(0.0256423336962808,-12.8378231084041,17.));
#3394=CARTESIAN_POINT('',(2.05923598035109,-5.09961287324194,17.));
#3395=CARTESIAN_POINT('',(0.5,-13.0000000000002,16.5));
#3396=CARTESIAN_POINT('',(2.54281593995104,-5.22669718648837,16.5));
#3397=CARTESIAN_POINT('',(0.5,-13.0000000000002,16.5));
#3398=CARTESIAN_POINT('Origin',(4.38312531437372,-3.22407821776043,16.75));
#3399=CARTESIAN_POINT('',(2.55000000000238,-6.89815798171587,17.));
#3400=CARTESIAN_POINT('',(4.15304258458429,-3.12629305808554,17.));
#3401=CARTESIAN_POINT('',(3.05000000000238,-6.9999999701975,16.5));
#3402=CARTESIAN_POINT('',(4.61320804416315,-3.32186337743532,16.5));
#3403=CARTESIAN_POINT('',(3.05000000000238,-6.9999999701975,16.5));
#3404=CARTESIAN_POINT('Origin',(2.8000000000023,1.0033370601907,16.75));
#3405=CARTESIAN_POINT('',(3.05000000000234,-2.99332590942118,16.5));
#3406=CARTESIAN_POINT('',(3.0500000000023,1.0033370601907,16.5));
#3407=CARTESIAN_POINT('',(2.55000000000233,-1.87349939952303,17.));
#3408=CARTESIAN_POINT('Origin',(8.25000000000118,0.,11.3000000000012));
#3409=CARTESIAN_POINT('',(2.5500000000023,1.0033370601907,17.));
#3410=CARTESIAN_POINT('Origin',(-23.9112233084284,-48.1572233009785,10.25));
#3411=CARTESIAN_POINT('',(-16.9219999999999,-55.5000000000003,10.5));
#3412=CARTESIAN_POINT('',(-24.0880000037251,-48.3339999962751,10.5));
#3413=CARTESIAN_POINT('',(-16.7148932188133,-55.0000000000003,10.));
#3414=CARTESIAN_POINT('',(-23.7344466131318,-47.9804466056818,10.));
#3415=CARTESIAN_POINT('',(-16.7148932188133,-55.0000000000003,10.));
#3416=CARTESIAN_POINT('Origin',(-4.7499999999989,5.0000000298025,10.25));
#3417=CARTESIAN_POINT('',(3.05000000000226,5.0000000298025,10.5));
#3418=CARTESIAN_POINT('',(2.55000000000226,5.0000000298025,10.));
#3419=CARTESIAN_POINT('',(3.05000000000226,5.0000000298025,10.5));
#3420=CARTESIAN_POINT('Origin',(-4.7499999999989,5.0000000298025,10.));
#3421=CARTESIAN_POINT('Origin',(-4.7499999999989,5.0000000298025,10.5));
#3422=CARTESIAN_POINT('Origin',(2.8000000000024,-8.17499997764782,10.25));
#3423=CARTESIAN_POINT('',(3.05000000000228,2.99332590942107,10.5));
#3424=CARTESIAN_POINT('',(2.55000000000229,1.8734993995229,10.));
#3425=CARTESIAN_POINT('Origin',(8.25000000000118,0.,15.6999999999988));
#3426=CARTESIAN_POINT('',(2.5500000000024,-8.17499997764782,10.));
#3427=CARTESIAN_POINT('',(3.0500000000024,-8.17499997764782,10.5));
#3428=CARTESIAN_POINT('Origin',(-11.6789999999993,-55.2500000000003,10.25));
#3429=CARTESIAN_POINT('',(-14.9219999999999,-55.5000000000003,10.5));
#3430=CARTESIAN_POINT('',(-11.6789999999993,-55.5000000000003,10.5));
#3431=CARTESIAN_POINT('',(-15.4219999999999,-55.0000000000003,10.));
#3432=CARTESIAN_POINT('',(-11.6789999999993,-55.0000000000003,10.));
#3433=CARTESIAN_POINT('',(-15.4219999999999,-55.0000000000003,10.));
#3434=CARTESIAN_POINT('Origin',(-15.1719999999999,-35.9249999925493,10.25));
#3435=CARTESIAN_POINT('',(-14.9219999999999,-50.5000000000003,10.5));
#3436=CARTESIAN_POINT('',(-14.9219999999999,-35.9249999925493,10.5));
#3437=CARTESIAN_POINT('',(-15.4219999999998,-50.1388601004825,10.));
#3438=CARTESIAN_POINT('',(-15.4219999999999,-35.9249999925493,10.));
#3439=CARTESIAN_POINT('Ctrl Pts',(-15.4219999999999,-50.1388601004825,10.));
#3440=CARTESIAN_POINT('Ctrl Pts',(-15.25592365693,-50.260758233053,10.1660763430699));
#3441=CARTESIAN_POINT('Ctrl Pts',(-15.0891762920478,-50.3811478953659,10.3328237079521));
#3442=CARTESIAN_POINT('Ctrl Pts',(-14.9219999999999,-50.5000000000003,10.5));
#3443=CARTESIAN_POINT('Origin',(-1.05673596397956,-17.9400771702773,10.25));
#3444=CARTESIAN_POINT('',(0.5,-13.0000000000002,10.5));
#3445=CARTESIAN_POINT('',(-7.14605845145577,-42.0947052598394,10.5));
#3446=CARTESIAN_POINT('',(-0.814945984179582,-18.0036193269006,10.5));
#3447=CARTESIAN_POINT('',(-7.62963841105571,-41.9676209465929,10.));
#3448=CARTESIAN_POINT('',(-7.14605845145577,-42.0947052598394,10.5));
#3449=CARTESIAN_POINT('',(0.0256423336962863,-12.8378231084041,10.));
#3450=CARTESIAN_POINT('',(-1.29852594377953,-17.8765350136541,10.));
#3451=CARTESIAN_POINT('',(0.025642333696286,-12.8378231084041,10.));
#3452=CARTESIAN_POINT('Origin',(-18.9219999999999,-39.0000000000002,10.25));
#3453=CARTESIAN_POINT('Origin',(-18.9219999999999,-39.0000000000002,10.));
#3454=CARTESIAN_POINT('Origin',(-18.9219999999999,-39.0000000000002,10.5));
#3455=CARTESIAN_POINT('Origin',(-0.641558099976292,-15.0468627808274,10.25));
#3456=CARTESIAN_POINT('',(3.05000000000238,-6.9999999701975,10.5));
#3457=CARTESIAN_POINT('',(-0.411475370186861,-15.1446479405023,10.5));
#3458=CARTESIAN_POINT('',(2.55000000000238,-6.89815798171587,10.));
#3459=CARTESIAN_POINT('',(-0.871640829765723,-14.9490776211525,10.));
#3460=CARTESIAN_POINT('',(2.55000000000238,-6.89815798171587,10.));
#3461=CARTESIAN_POINT('Origin',(2.80000000000244,-12.1716629472597,10.25));
#3462=CARTESIAN_POINT('',(2.55000000000233,-1.87349939952303,10.));
#3463=CARTESIAN_POINT('',(2.55000000000244,-12.1716629472597,10.));
#3464=CARTESIAN_POINT('',(3.05000000000234,-2.99332590942118,10.5));
#3465=CARTESIAN_POINT('Origin',(8.25000000000118,0.,15.6999999999988));
#3466=CARTESIAN_POINT('',(3.05000000000244,-12.1716629472597,10.5));
#3467=CARTESIAN_POINT('Origin',(-4.7499999999989,5.0000000298025,17.));
#3468=CARTESIAN_POINT('Origin',(8.25000000000118,0.,17.));
#3469=CARTESIAN_POINT('',(-0.799999999998898,5.0000000298025,17.));
#3470=CARTESIAN_POINT('Origin',(-4.7499999999989,5.0000000298025,17.));
#3471=CARTESIAN_POINT('Origin',(-19.9219999999999,-55.5000000000003,17.));
#3472=CARTESIAN_POINT('',(-19.9219999999999,-52.5000000000003,17.));
#3473=CARTESIAN_POINT('Origin',(-18.4219999999999,-54.0000000000003,17.));
#3474=CARTESIAN_POINT('',(-16.9219999999999,-55.5000000000003,17.));
#3475=CARTESIAN_POINT('Origin',(-14.9219999999999,-55.5000000000003,17.));
#3476=CARTESIAN_POINT('',(-14.9219999999999,-55.5000000000003,17.));
#3477=CARTESIAN_POINT('Origin',(8.25000000000118,0.,17.));
#3478=CARTESIAN_POINT('',(3.05000000000234,-2.99332590942118,17.));
#3479=CARTESIAN_POINT('Origin',(8.25000000000118,0.,10.));
#3480=CARTESIAN_POINT('',(3.05000000000228,2.99332590942107,17.));
#3481=CARTESIAN_POINT('Origin',(-14.9219999999999,-50.5000000000003,17.));
#3482=CARTESIAN_POINT('',(-14.9219999999999,-50.5000000000003,17.));
#3483=CARTESIAN_POINT('Origin',(3.05000000000234,-2.99332590942118,17.));
#3484=CARTESIAN_POINT('',(3.05000000000238,-6.9999999701975,17.));
#3485=CARTESIAN_POINT('Origin',(-18.9219999999999,-39.0000000000002,17.));
#3486=CARTESIAN_POINT('',(-7.14605845145577,-42.0947052598394,17.));
#3487=CARTESIAN_POINT('Origin',(3.05000000000238,-6.9999999701975,17.));
#3488=CARTESIAN_POINT('',(0.5,-13.0000000000002,17.));
#3489=CARTESIAN_POINT('Origin',(0.500000000000004,-13.0000000000001,17.));
#3490=CARTESIAN_POINT('Origin',(-8.43599999999874,-21.3499999850983,10.));
#3491=CARTESIAN_POINT('',(0.750000000001256,-6.9999999701975,10.));
#3492=CARTESIAN_POINT('Origin',(-4.74999999999875,-6.9999999701975,10.));
#3493=CARTESIAN_POINT('',(-0.299999999998897,5.0000000298025,10.));
#3494=CARTESIAN_POINT('Origin',(-4.7499999999989,5.0000000298025,10.));
#3495=CARTESIAN_POINT('Origin',(-4.74999999999875,-6.9999999701975,10.25));
#3496=CARTESIAN_POINT('',(0.250000000001256,-6.9999999701975,10.5));
#3497=CARTESIAN_POINT('',(0.500000000001256,-6.9999999701975,10.25));
#3498=CARTESIAN_POINT('',(-9.74999999999875,-6.9999999701975,10.5));
#3499=CARTESIAN_POINT('Origin',(-4.74999999999875,-6.9999999701975,10.5));
#3500=CARTESIAN_POINT('Origin',(-4.74999999999875,-6.9999999701975,10.5));
#3501=CARTESIAN_POINT('Origin',(-4.74999999999875,-6.9999999701975,10.));
#3502=CARTESIAN_POINT('',(-9.74999999999875,-6.9999999701975,14.2));
#3503=CARTESIAN_POINT('',(-9.74999999999875,-6.9999999701975,10.));
#3504=CARTESIAN_POINT('Origin',(-4.74999999999875,-6.9999999701975,14.2));
#3505=CARTESIAN_POINT('Origin',(-4.7499999999989,5.0000000298025,10.25));
#3506=CARTESIAN_POINT('',(-0.799999999998898,5.0000000298025,10.5));
#3507=CARTESIAN_POINT('',(-0.549999999998897,5.0000000298025,10.25));
#3508=CARTESIAN_POINT('Origin',(-4.7499999999989,5.0000000298025,10.5));
#3509=CARTESIAN_POINT('Origin',(-4.7499999999989,5.0000000298025,17.));
#3510=CARTESIAN_POINT('',(-0.799999999998898,5.0000000298025,17.));
#3511=CARTESIAN_POINT('Origin',(-4.74999999999875,-6.9999999701975,14.2));
#3512=CARTESIAN_POINT('Origin',(3.05000000000226,5.00000002980259,17.));
#3513=CARTESIAN_POINT('',(3.05000000000226,5.0000000298025,17.));
#3514=CARTESIAN_POINT('Origin',(-4.7499999999989,5.0000000298025,17.));
#3515=CARTESIAN_POINT('',(-12.5500000000001,5.0000000298025,17.));
#3516=CARTESIAN_POINT('Origin',(-12.55,-11.9999999701975,17.));
#3517=CARTESIAN_POINT('',(-12.55,-11.9999999701975,17.));
#3518=CARTESIAN_POINT('Origin',(-11.9219999999998,-13.0000000000003,17.));
#3519=CARTESIAN_POINT('',(-11.9219999999998,-13.0000000000003,17.));
#3520=CARTESIAN_POINT('Origin',(-11.9219999999999,-39.0000000000002,17.));
#3521=CARTESIAN_POINT('',(-11.9219999999999,-39.0000000000002,17.));
#3522=CARTESIAN_POINT('Origin',(-18.9219999999999,-39.0000000000002,17.));
#3523=CARTESIAN_POINT('Origin',(8.25000000000118,0.,10.));
#3524=CARTESIAN_POINT('Origin',(-4.7499999999989,5.0000000298025,10.));
#3525=CARTESIAN_POINT('Origin',(-4.74999999999875,-6.9999999701975,10.));
#3526=CARTESIAN_POINT('Origin',(-4.7499999999989,5.0000000298025,10.));
#3527=CARTESIAN_POINT('',(0.,0.,10.));
#3528=UNCERTAINTY_MEASURE_WITH_UNIT(LENGTH_MEASURE(0.01),#3532,
'DISTANCE_ACCURACY_VALUE',
'Maximum model space distance between geometric entities at asserted c
onnectivities');
#3529=UNCERTAINTY_MEASURE_WITH_UNIT(LENGTH_MEASURE(0.01),#3532,
'DISTANCE_ACCURACY_VALUE',
'Maximum model space distance between geometric entities at asserted c
onnectivities');
#3530=(
GEOMETRIC_REPRESENTATION_CONTEXT(3)
GLOBAL_UNCERTAINTY_ASSIGNED_CONTEXT((#3528))
GLOBAL_UNIT_ASSIGNED_CONTEXT((#3532,#3534,#3535))
REPRESENTATION_CONTEXT('','3D')
);
#3531=(
GEOMETRIC_REPRESENTATION_CONTEXT(3)
GLOBAL_UNCERTAINTY_ASSIGNED_CONTEXT((#3529))
GLOBAL_UNIT_ASSIGNED_CONTEXT((#3532,#3534,#3535))
REPRESENTATION_CONTEXT('','3D')
);
#3532=(
LENGTH_UNIT()
NAMED_UNIT(*)
SI_UNIT(.MILLI.,.METRE.)
);
#3533=(
LENGTH_UNIT()
NAMED_UNIT(*)
SI_UNIT(.CENTI.,.METRE.)
);
#3534=(
NAMED_UNIT(*)
PLANE_ANGLE_UNIT()
SI_UNIT($,.RADIAN.)
);
#3535=(
NAMED_UNIT(*)
SI_UNIT($,.STERADIAN.)
SOLID_ANGLE_UNIT()
);
#3536=SHAPE_DEFINITION_REPRESENTATION(#3537,#3538);
#3537=PRODUCT_DEFINITION_SHAPE('',$,#3540);
#3538=SHAPE_REPRESENTATION('',(#2163),#3530);
#3539=PRODUCT_DEFINITION_CONTEXT('part definition',#3544,'design');
#3540=PRODUCT_DEFINITION('vc4_y_bumper_depressor_v2',
'vc4_y_bumper_depressor_v2',#3541,#3539);
#3541=PRODUCT_DEFINITION_FORMATION('',$,#3546);
#3542=PRODUCT_RELATED_PRODUCT_CATEGORY('vc4_y_bumper_depressor_v2',
'vc4_y_bumper_depressor_v2',(#3546));
#3543=APPLICATION_PROTOCOL_DEFINITION('international standard',
'automotive_design',2009,#3544);
#3544=APPLICATION_CONTEXT(
'Core Data for Automotive Mechanical Design Process');
#3545=PRODUCT_CONTEXT('part definition',#3544,'mechanical');
#3546=PRODUCT('vc4_y_bumper_depressor_v2','vc4_y_bumper_depressor_v2',$,
(#3545));
#3547=PRESENTATION_STYLE_ASSIGNMENT((#3551));
#3548=PRESENTATION_STYLE_ASSIGNMENT((#3552));
#3549=PRESENTATION_STYLE_ASSIGNMENT((#3553));
#3550=PRESENTATION_STYLE_ASSIGNMENT((#3554));
#3551=SURFACE_STYLE_USAGE(.BOTH.,#3559);
#3552=SURFACE_STYLE_USAGE(.BOTH.,#3560);
#3553=SURFACE_STYLE_USAGE(.BOTH.,#3561);
#3554=SURFACE_STYLE_USAGE(.BOTH.,#3562);
#3555=SURFACE_STYLE_RENDERING_WITH_PROPERTIES($,#3575,(#3557));
#3556=SURFACE_STYLE_RENDERING_WITH_PROPERTIES($,#3576,(#3558));
#3557=SURFACE_STYLE_TRANSPARENT(0.);
#3558=SURFACE_STYLE_TRANSPARENT(0.);
#3559=SURFACE_SIDE_STYLE('',(#3563,#3555));
#3560=SURFACE_SIDE_STYLE('',(#3564,#3556));
#3561=SURFACE_SIDE_STYLE('',(#3565));
#3562=SURFACE_SIDE_STYLE('',(#3566));
#3563=SURFACE_STYLE_FILL_AREA(#3567);
#3564=SURFACE_STYLE_FILL_AREA(#3568);
#3565=SURFACE_STYLE_FILL_AREA(#3569);
#3566=SURFACE_STYLE_FILL_AREA(#3570);
#3567=FILL_AREA_STYLE('',(#3571));
#3568=FILL_AREA_STYLE('',(#3572));
#3569=FILL_AREA_STYLE('',(#3573));
#3570=FILL_AREA_STYLE('',(#3574));
#3571=FILL_AREA_STYLE_COLOUR('',#3575);
#3572=FILL_AREA_STYLE_COLOUR('',#3576);
#3573=FILL_AREA_STYLE_COLOUR('',#3577);
#3574=FILL_AREA_STYLE_COLOUR('',#3578);
#3575=COLOUR_RGB('',0.749019607843137,0.749019607843137,0.749019607843137);
#3576=COLOUR_RGB('',0.462745098039216,0.984313725490196,0.);
#3577=COLOUR_RGB('',1.,1.,0.);
#3578=COLOUR_RGB('',0.,0.,0.);
ENDSEC;
END-ISO-10303-21;
